order_id,date,product_id,region,channel,quantity,unit_price,discount_rate,is_returned
ORD2024021101251,2024-02-11,P0210,西南,线下经销商,1,1135.9,0.0,否
ORD2024040202817,2024-04-02,P0499,西南,线上第三方,4,567.66,0.0,是
ORD2024071306015,2024-07-13,P0211,华南,线下直营店,2,601.84,0.0,是
ORD2024070505782,2024-07-05,P0362,西南,企业团购,3,1168.44,0.0,否
ORD2024120510523,2024-12-05,P0409,西南,企业团购,3,1349.48,0.0,否
ORD2024022901808,2024-02-29,P0202,华北,线上第三方,1,1146.31,0.0,否
ORD2024020701122,2024-02-07,P0396,华北,线上官网,2,1146.61,0.0,否
ORD2024111309910,2024-11-13,P0395,西北,线下直营店,3,1079.22,0.28,否
ORD2024021501384,2024-02-15,P0059,华东,企业团购,4,3530.31,0.11,否
ORD2024051304061,2024-05-13,P0349,华北,线下直营店,5,164.09,0.0,否
ORD2024082107205,2024-08-21,P0224,华北,线下经销商,2,970.96,0.0,否
ORD2024101508840,2024-10-15,P0439,东北,线上第三方,4,1298.04,0.0,否
ORD2024071506084,2024-07-15,P0070,华中,线下经销商,1,4262.76,0.0,否
ORD2024030702040,2024-03-07,P0466,华中,线下直营店,5,911.59,0.0,否
ORD2024080106587,2024-08-01,P0445,华东,线上官网,1,822.58,0.0,否
ORD2024090907745,2024-09-09,P0158,华南,线上第三方,3,2361.79,0.0,否
ORD2024101308782,2024-10-13,P0489,华东,线上官网,1,2000.35,0.0,否
ORD2024081406970,2024-08-14,P0015,华北,线上第三方,2,4023.96,0.0,否
ORD2024121110707,2024-12-11,P0436,华东,线下经销商,1,1303.96,0.0,否
ORD2024040402883,2024-04-04,P0491,华东,企业团购,2,993.62,0.0,否
ORD2024102609153,2024-10-26,P0123,西北,线上第三方,1,2364.92,0.0,否
ORD2024021801458,2024-02-18,P0182,华中,线下直营店,1,1137.11,0.0,否
ORD2024052704485,2024-05-27,P0434,华北,企业团购,5,617.77,0.0,是
ORD2024082907414,2024-08-29,P0072,华北,企业团购,1,3936.65,0.0,否
ORD2024032602596,2024-03-26,P0245,华北,线上第三方,5,2776.47,0.0,否
ORD2024060704817,2024-06-07,P0214,华东,企业团购,5,1648.51,0.27,否
ORD2024062305432,2024-06-23,P0346,华中,线上第三方,1,138.11,0.0,否
ORD2024111109822,2024-11-11,P0296,东北,线上官网,24,126.61,0.0,是
ORD2024030602010,2024-03-06,P0492,华南,线上第三方,1,163.52,0.19,否
ORD2024072506391,2024-07-25,P0436,华中,线下直营店,2,1283.95,0.19,否
ORD2024122711180,2024-12-27,P0218,华北,线下经销商,3,390.04,0.0,否
ORD2024051804229,2024-05-18,P0180,华南,线下经销商,1,1295.62,0.0,否
ORD2024042703575,2024-04-27,P0311,华东,线下直营店,1,71.93,0.0,否
ORD2024041603230,2024-04-16,P0402,东北,线上官网,2,626.51,0.0,否
ORD2024082207213,2024-08-22,P0225,华东,线上第三方,3,1248.92,0.0,否
ORD2024111109669,2024-11-11,P0025,西北,线下经销商,24,3650.49,0.28,否
ORD2024122211065,2024-12-22,P0229,东北,企业团购,1,221.79,0.0,否
ORD2024122411121,2024-12-24,P0250,华南,线下经销商,4,80.93,0.0,否
ORD2024110209357,2024-11-02,P0321,西南,线下经销商,1,133.61,0.06,否
ORD2024013100933,2024-01-31,P0298,东北,线下直营店,5,110.89,0.0,否
ORD2024080206616,2024-08-02,P0317,东北,线下直营店,3,34.96,0.0,是
ORD2024051304066,2024-05-13,P0075,西南,线上第三方,5,4936.99,0.11,否
ORD2024072306311,2024-07-23,P0307,华东,线上第三方,5,66.52,0.0,否
ORD2024042603527,2024-04-26,P0189,华南,线下经销商,2,822.17,0.0,否
ORD2024043003653,2024-04-30,P0305,西南,线下直营店,3,66.8,0.0,否
ORD2024040702957,2024-04-07,P0363,西北,企业团购,2,1413.73,0.0,否
ORD2024052604448,2024-05-26,P0185,华北,线上官网,1,774.11,0.0,否
ORD2024101608864,2024-10-16,P0311,西北,线下经销商,1,67.5,0.0,否
ORD2024121710898,2024-12-17,P0354,华中,线上第三方,4,77.11,0.05,否
ORD2024100508540,2024-10-05,P0078,华北,线下直营店,1,2180.82,0.0,否
ORD2024111509943,2024-11-15,P0359,西北,线上官网,4,981.43,0.0,否
ORD2024040903017,2024-04-09,P0237,华中,企业团购,3,567.93,0.0,否
ORD2024082707367,2024-08-27,P0427,华东,线下经销商,3,723.84,0.0,否
ORD2024012000593,2024-01-20,P0361,华北,企业团购,2,1082.62,0.0,否
ORD2024012300669,2024-01-23,P0335,西北,线上第三方,4,37.05,0.18,否
ORD2024092708286,2024-09-27,P0008,华北,企业团购,1,2646.19,0.0,否
ORD2024011900563,2024-01-19,P0091,华东,线下直营店,2,929.82,0.17,否
ORD2024010400102,2024-01-04,P0293,西北,企业团购,3,50.52,0.0,否
ORD2024081406974,2024-08-14,P0212,西北,线下经销商,1,672.73,0.0,否
ORD2024111209869,2024-11-12,P0267,华中,线下经销商,1,123.23,0.16,否
ORD2024012600765,2024-01-26,P0500,西南,线下经销商,3,766.25,0.23,否
ORD2024052004265,2024-05-20,P0401,西北,线下经销商,5,690.11,0.0,否
ORD2024122611165,2024-12-26,P0181,华东,线下直营店,4,2011.59,0.0,否
ORD2024090707692,2024-09-07,P0486,西南,线上官网,1,662.76,0.0,否
ORD2024071306018,2024-07-13,P0435,华中,企业团购,2,395.49,0.0,否
ORD2024032702626,2024-03-27,P0320,华东,线上第三方,2,106.75,0.19,否
ORD2024022801784,2024-02-28,P0356,华东,企业团购,5,31.58,0.0,否
ORD2024081106876,2024-08-11,P0138,东北,线上官网,2,230.28,0.0,否
ORD2024071906200,2024-07-19,P0061,华南,线上官网,1,510.79,0.0,否
ORD2024022401663,2024-02-24,P0292,华东,企业团购,1,154.88,0.0,否
ORD2024050703890,2024-05-07,P0257,西南,线下经销商,3,184.65,0.0,否
ORD2024061204963,2024-06-12,P0320,西南,企业团购,4,113.36,0.11,否
ORD2024022401670,2024-02-24,P0361,华中,线下经销商,1,1031.83,0.0,否
ORD2024100308483,2024-10-03,P0353,西南,线下经销商,3,27.26,0.0,否
ORD2024122211070,2024-12-22,P0033,华东,线下直营店,2,2046.72,0.0,否
ORD2024111109802,2024-11-11,P0295,华东,线下直营店,16,123.41,0.0,否
ORD2024071906211,2024-07-19,P0163,西南,线下直营店,5,1294.91,0.0,否
ORD2024082107196,2024-08-21,P0351,东北,企业团购,1,78.57,0.0,否
ORD2024051404084,2024-05-14,P0179,东北,线下直营店,4,231.56,0.0,否
ORD2024121210754,2024-12-12,P0448,华中,线下经销商,1,1139.69,0.0,否
ORD2024071706153,2024-07-17,P0131,华南,线上官网,2,2219.41,0.0,否
ORD2024042803596,2024-04-28,P0053,华北,线下经销商,2,3151.43,0.0,否
ORD2024061505099,2024-06-15,P0347,华东,线下经销商,5,166.1,0.0,否
ORD2024060804846,2024-06-08,P0139,华北,线下经销商,1,280.17,0.0,否
ORD2024071806178,2024-07-18,P0482,华南,企业团购,4,1127.93,0.0,否
ORD2024102008983,2024-10-20,P0163,西北,线下经销商,1,1315.37,0.0,否
ORD2024022801786,2024-02-28,P0041,华北,线下经销商,3,714.73,0.0,否
ORD2024100708604,2024-10-07,P0247,西南,线下直营店,2,81.27,0.0,否
ORD2024051404105,2024-05-14,P0086,东北,线下经销商,5,2521.88,0.0,否
ORD2024072206287,2024-07-22,P0494,东北,企业团购,2,364.45,0.23,否
ORD2024052504430,2024-05-25,P0476,西北,线上官网,2,1575.34,0.07,否
ORD2024012900867,2024-01-29,P0188,西北,线上第三方,1,1189.85,0.0,是
ORD2024011200322,2024-01-12,P0222,华东,企业团购,2,358.93,0.0,否
ORD2024061505080,2024-06-15,P0383,西南,线上第三方,5,32.39,0.23,否
ORD2024031602311,2024-03-16,P0374,华南,线上官网,1,747.49,0.0,否
ORD2024021901513,2024-02-19,P0200,华中,线上第三方,3,2957.96,0.23,否
ORD2024032502578,2024-03-25,P0143,东北,线上第三方,1,817.81,0.0,否
ORD2024011200347,2024-01-12,P0376,华南,线上第三方,5,1332.7,0.0,否
ORD2024111109613,2024-11-11,P0248,华北,企业团购,16,17.38,0.0,否
ORD2024062205400,2024-06-22,P0182,西北,线上第三方,2,1157.46,0.0,否
ORD2024031202185,2024-03-12,P0030,华南,线上第三方,3,3845.76,0.16,否
ORD2024111109682,2024-11-11,P0408,东北,企业团购,32,198.77,0.0,否
ORD2024111109750,2024-11-11,P0159,西北,线下经销商,8,1386.43,0.0,否
ORD2024071005932,2024-07-10,P0479,华北,线下直营店,3,1732.21,0.11,否
ORD2024110809527,2024-11-08,P0057,华南,线下直营店,3,4217.77,0.0,否
ORD2024012600759,2024-01-26,P0045,华东,线上第三方,3,1944.67,0.0,否
ORD2024060204642,2024-06-02,P0357,西北,线下经销商,3,85.38,0.0,否
ORD2024060104626,2024-06-01,P0153,华中,线下经销商,1,1749.15,0.0,否
ORD2024052404382,2024-05-24,P0040,华北,企业团购,5,1617.77,0.0,否
ORD2024010100020,2024-01-01,P0311,华中,线上第三方,4,69.49,0.0,否
ORD2024100908671,2024-10-09,P0247,西北,线下直营店,2,75.38,0.0,否
ORD2024031102175,2024-03-11,P0123,华东,线上官网,3,2284.79,0.0,否
ORD2024020901209,2024-02-09,P0500,华北,线下直营店,1,768.11,0.0,否
ORD2024030201863,2024-03-02,P0419,华东,线下经销商,3,707.39,0.16,否
ORD2024070705853,2024-07-07,P0183,华中,企业团购,1,597.91,0.0,否
ORD2024010400108,2024-01-04,P0100,华南,线上官网,5,2162.92,0.0,否
ORD2024020701143,2024-02-07,P0002,东北,线下直营店,3,3299.59,0.0,否
ORD2024082807389,2024-08-28,P0363,东北,企业团购,1,1414.7,0.0,否
ORD2024111409938,2024-11-14,P0438,华南,企业团购,1,1411.84,0.0,否
ORD2024031402250,2024-03-14,P0397,东北,线上官网,3,869.91,0.19,否
ORD2024112710309,2024-11-27,P0123,华中,线上官网,2,2348.08,0.0,是
ORD2024111109729,2024-11-11,P0260,华中,线上官网,16,61.68,0.0,否
ORD2024032502575,2024-03-25,P0444,西南,线上官网,5,1049.82,0.16,否
ORD2024042703560,2024-04-27,P0373,西北,线上第三方,1,1420.32,0.0,否
ORD2024030702022,2024-03-07,P0204,华中,线下经销商,4,233.02,0.0,否
ORD2024052404388,2024-05-24,P0272,东北,线下经销商,1,30.22,0.0,否
ORD2024112910380,2024-11-29,P0406,西北,企业团购,1,1451.15,0.06,否
ORD2024111509964,2024-11-15,P0259,西南,线下直营店,2,196.47,0.0,否
ORD2024012100609,2024-01-21,P0401,西北,企业团购,1,682.85,0.26,否
ORD2024061004903,2024-06-10,P0383,西北,线上第三方,1,33.78,0.0,否
ORD2024061204970,2024-06-12,P0256,华北,线上第三方,4,44.76,0.0,否
ORD2024041803298,2024-04-18,P0245,东北,线下经销商,2,2804.09,0.0,否
ORD2024122911256,2024-12-29,P0214,华南,线下直营店,1,1702.45,0.0,否
ORD2024020701148,2024-02-07,P0315,华北,企业团购,4,33.51,0.0,否
ORD2024121210726,2024-12-12,P0490,华南,企业团购,3,1847.96,0.0,否
ORD2024041003038,2024-04-10,P0119,华东,线下直营店,4,4949.56,0.0,否
ORD2024093008367,2024-09-30,P0391,西北,线上官网,3,912.13,0.0,否
ORD2024013000903,2024-01-30,P0016,华东,线下直营店,4,385.15,0.0,否
ORD2024031102169,2024-03-11,P0071,西北,线上官网,1,4557.01,0.11,否
ORD2024042003352,2024-04-20,P0271,西南,企业团购,1,33.03,0.0,否
ORD2024030902109,2024-03-09,P0047,华东,企业团购,1,1561.53,0.0,否
ORD2024020301023,2024-02-03,P0297,西北,线下经销商,3,126.96,0.0,否
ORD2024051704195,2024-05-17,P0005,西北,线上官网,2,4205.1,0.0,否
ORD2024102109009,2024-10-21,P0253,西北,线下经销商,4,161.83,0.0,否
ORD2024071906192,2024-07-19,P0012,华东,线上官网,5,1132.69,0.0,否
ORD2024050403785,2024-05-04,P0182,西北,线上第三方,2,1104.11,0.0,否
ORD2024050203711,2024-05-02,P0267,西南,线上第三方,3,133.62,0.0,否
ORD2024121410784,2024-12-14,P0249,华东,线上官网,2,19.79,0.0,否
ORD2024010800219,2024-01-08,P0323,西北,线下直营店,3,205.99,0.22,否
ORD2024022201603,2024-02-22,P0444,华北,线上第三方,1,1112.52,0.0,否
ORD2024103009252,2024-10-30,P0497,华东,线上官网,4,449.51,0.0,否
ORD2024070605826,2024-07-06,P0244,华中,线上官网,1,1984.85,0.0,否
ORD2024090107516,2024-09-01,P0076,华东,线上第三方,1,3051.36,0.0,否
ORD2024070705841,2024-07-07,P0107,东北,线上官网,1,1278.81,0.0,否
ORD2024051204025,2024-05-12,P0227,华北,线下经销商,2,1053.47,0.24,否
ORD2024081206921,2024-08-12,P0092,华南,线上官网,2,4623.82,0.0,否
ORD2024110909561,2024-11-09,P0313,华中,企业团购,1,91.76,0.0,否
ORD2024042103379,2024-04-21,P0017,西北,线下直营店,3,2038.21,0.0,否
ORD2024112910378,2024-11-29,P0249,东北,线上第三方,1,19.87,0.0,否
ORD2024041903315,2024-04-19,P0411,华中,线下直营店,2,270.23,0.0,否
ORD2024042503509,2024-04-25,P0385,华北,线下直营店,3,669.59,0.0,否
ORD2024101708881,2024-10-17,P0366,华东,线上第三方,3,1004.67,0.27,否
ORD2024061405016,2024-06-14,P0260,华南,线下经销商,4,58.48,0.05,否
ORD2024123011272,2024-12-30,P0156,华北,线下经销商,1,988.62,0.0,否
ORD2024071906187,2024-07-19,P0430,华东,线下经销商,3,1119.37,0.0,否
ORD2024051404098,2024-05-14,P0095,华南,线下经销商,2,3775.05,0.0,否
ORD2024021601422,2024-02-16,P0219,华中,线下直营店,4,2173.43,0.16,否
ORD2024042403462,2024-04-24,P0486,西南,线下直营店,4,677.19,0.0,否
ORD2024031902378,2024-03-19,P0054,东北,线上第三方,5,4830.89,0.14,否
ORD2024042203435,2024-04-22,P0437,东北,企业团购,2,1217.89,0.0,否
ORD2024102709177,2024-10-27,P0216,华中,线下经销商,1,1504.18,0.0,否
ORD2024030101845,2024-03-01,P0127,华东,企业团购,4,3425.81,0.13,否
ORD2024100408524,2024-10-04,P0340,西北,线上官网,1,88.54,0.0,否
ORD2024120410520,2024-12-04,P0242,西南,企业团购,2,813.32,0.0,否
ORD2024051304076,2024-05-13,P0240,西南,企业团购,5,1110.26,0.0,否
ORD2024051404100,2024-05-14,P0437,华南,线上官网,2,1226.5,0.0,否
ORD2024022201596,2024-02-22,P0093,东北,线上第三方,2,5194.22,0.0,否
ORD2024062105387,2024-06-21,P0417,华北,线上官网,3,1280.96,0.0,否
ORD2024051704202,2024-05-17,P0043,西北,线上第三方,3,4809.82,0.0,否
ORD2024060804834,2024-06-08,P0243,西北,线下经销商,1,668.9,0.0,否
ORD2024051304059,2024-05-13,P0329,西南,企业团购,3,149.84,0.14,否
ORD2024082207225,2024-08-22,P0443,华中,线上第三方,2,801.09,0.0,是
ORD2024031702341,2024-03-17,P0430,华东,企业团购,2,1144.34,0.22,否
ORD2024062105355,2024-06-21,P0376,华中,线上第三方,2,1344.03,0.0,否
ORD2024040903016,2024-04-09,P0045,华北,线下直营店,2,2022.23,0.0,否
ORD2024122711182,2024-12-27,P0189,华东,企业团购,3,892.52,0.0,否
ORD2024072206276,2024-07-22,P0418,华南,企业团购,1,118.97,0.0,否
ORD2024121010676,2024-12-10,P0444,华东,线上官网,1,1063.28,0.0,否
ORD2024102008977,2024-10-20,P0152,东北,线上官网,1,2558.2,0.0,否
ORD2024052604458,2024-05-26,P0039,华北,线下直营店,3,318.12,0.0,否
ORD2024072806463,2024-07-28,P0449,东北,线上官网,1,921.55,0.05,否
ORD2024072406342,2024-07-24,P0394,华南,线下经销商,2,1494.38,0.0,否
ORD2024012900857,2024-01-29,P0385,华中,线下经销商,2,669.44,0.0,否
ORD2024080506696,2024-08-05,P0145,华北,线下直营店,3,2223.61,0.0,否
ORD2024062205406,2024-06-22,P0292,西南,线下经销商,2,151.86,0.0,否
ORD2024121910942,2024-12-19,P0139,西南,线下经销商,1,271.31,0.0,否
ORD2024030301906,2024-03-03,P0253,华东,线下直营店,3,155.31,0.18,否
ORD2024101008684,2024-10-10,P0214,东北,线下经销商,3,1790.43,0.0,否
ORD2024032302523,2024-03-23,P0178,华中,线下经销商,3,965.15,0.0,否
ORD2024041703266,2024-04-17,P0158,西北,线下直营店,3,2487.95,0.19,否
ORD2024062905610,2024-06-29,P0269,华北,线下直营店,1,67.12,0.0,否
ORD2024021401346,2024-02-14,P0068,华南,企业团购,5,5014.64,0.17,否
ORD2024011600458,2024-01-16,P0247,西北,线上官网,3,78.86,0.27,否
ORD2024042603528,2024-04-26,P0357,华中,线下直营店,4,83.16,0.0,否
ORD2024122811212,2024-12-28,P0412,华北,线上第三方,1,1063.44,0.0,否
ORD2024040202808,2024-04-02,P0126,西北,线下经销商,1,485.31,0.0,否
ORD2024110609488,2024-11-06,P0309,西北,线下经销商,4,192.64,0.3,否
ORD2024062505495,2024-06-25,P0080,华中,线上第三方,4,4899.3,0.25,否
ORD2024052804510,2024-05-28,P0461,西南,线下直营店,4,153.27,0.0,否
ORD2024033102743,2024-03-31,P0283,华北,线上官网,2,201.94,0.0,否
ORD2024102309066,2024-10-23,P0236,华北,线下经销商,3,1656.08,0.0,否
ORD2024072406344,2024-07-24,P0355,华南,线下直营店,2,13.45,0.0,否
ORD2024051003959,2024-05-10,P0082,东北,线下经销商,2,695.52,0.05,否
ORD2024090307563,2024-09-03,P0414,华北,线下直营店,3,373.02,0.0,否
ORD2024120710608,2024-12-07,P0277,西北,线下直营店,1,112.58,0.0,否
ORD2024032702628,2024-03-27,P0426,华东,线上官网,2,123.3,0.0,否
ORD2024012200625,2024-01-22,P0307,西北,线下直营店,2,72.0,0.0,否
ORD2024010400120,2024-01-04,P0419,东北,企业团购,5,693.0,0.1,否
ORD2024081006839,2024-08-10,P0179,东北,线下经销商,2,246.12,0.0,否
ORD2024011400399,2024-01-14,P0443,西南,线上官网,1,849.39,0.0,否
ORD2024082907432,2024-08-29,P0209,西南,线上官网,2,1232.45,0.16,否
ORD2024122011007,2024-12-20,P0122,华南,线上官网,4,3989.65,0.0,否
ORD2024040502914,2024-04-05,P0497,西北,线上第三方,1,453.58,0.0,否
ORD2024112710305,2024-11-27,P0157,东北,企业团购,2,1570.0,0.0,否
ORD2024110209342,2024-11-02,P0146,西南,企业团购,1,829.15,0.0,是
ORD2024051704193,2024-05-17,P0277,东北,线上官网,3,111.8,0.0,否
ORD2024052604440,2024-05-26,P0298,华南,线下经销商,1,113.21,0.27,否
ORD2024122211044,2024-12-22,P0399,华东,企业团购,2,756.13,0.0,是
ORD2024122611155,2024-12-26,P0214,西南,线下经销商,4,1737.5,0.0,否
ORD2024122811237,2024-12-28,P0495,西南,线上第三方,2,1249.55,0.0,否
ORD2024110609458,2024-11-06,P0021,华南,线下直营店,2,2144.6,0.0,否
ORD2024091007788,2024-09-10,P0213,东北,线下经销商,3,751.25,0.0,否
ORD2024081306947,2024-08-13,P0300,华中,线下直营店,1,74.54,0.0,否
ORD2024112410204,2024-11-24,P0086,西北,线下经销商,2,2520.3,0.0,否
ORD2024062705560,2024-06-27,P0020,华北,线上官网,2,3504.53,0.0,否
ORD2024071506082,2024-07-15,P0349,西北,线上第三方,4,173.59,0.27,否
ORD2024091507929,2024-09-15,P0164,华南,线下直营店,2,377.02,0.0,否
ORD2024070105654,2024-07-01,P0191,华东,线上第三方,1,1439.47,0.0,否
ORD2024070505801,2024-07-05,P0465,华中,线下直营店,4,777.16,0.25,否
ORD2024071606111,2024-07-16,P0339,华北,线上官网,2,132.03,0.0,否
ORD2024010900252,2024-01-09,P0127,华东,线下经销商,5,3426.7,0.21,否
ORD2024120110411,2024-12-01,P0397,华中,企业团购,1,814.55,0.0,否
ORD2024041803296,2024-04-18,P0072,华北,线上第三方,1,4032.93,0.0,否
ORD2024031202184,2024-03-12,P0469,华中,线下经销商,1,320.32,0.0,否
ORD2024111109643,2024-11-11,P0332,华北,企业团购,8,102.48,0.0,否
ORD2024111109659,2024-11-11,P0414,华北,线下经销商,32,382.06,0.0,否
ORD2024102008984,2024-10-20,P0135,华东,线上第三方,2,2225.99,0.0,否
ORD2024011100305,2024-01-11,P0424,西南,线上第三方,4,135.58,0.0,否
ORD2024021901517,2024-02-19,P0391,华南,线下直营店,1,964.2,0.0,否
ORD2024072106261,2024-07-21,P0417,西南,线上官网,1,1340.0,0.0,否
ORD2024120110438,2024-12-01,P0032,华北,线下直营店,1,3484.44,0.0,否
ORD2024082907407,2024-08-29,P0034,华东,线上第三方,2,155.19,0.0,否
ORD2024020100968,2024-02-01,P0412,东北,线上官网,1,1017.06,0.09,否
ORD2024052904541,2024-05-29,P0334,华东,线下直营店,1,59.63,0.06,否
ORD2024110909563,2024-11-09,P0203,西北,线上官网,1,1890.77,0.0,否
ORD2024111109780,2024-11-11,P0337,西南,线下经销商,16,10.78,0.0,否
ORD2024122511147,2024-12-25,P0420,华北,线下直营店,1,1184.44,0.23,否
ORD2024031002125,2024-03-10,P0068,华北,线下直营店,1,4831.28,0.0,否
ORD2024112410214,2024-11-24,P0182,西南,线下经销商,2,1174.47,0.0,否
ORD2024052404374,2024-05-24,P0202,西北,线上第三方,4,1153.1,0.0,否
ORD2024091908055,2024-09-19,P0099,华南,线下直营店,1,2145.19,0.24,是
ORD2024102509105,2024-10-25,P0457,华南,线上官网,1,754.81,0.0,否
ORD2024042903621,2024-04-29,P0449,华东,企业团购,2,915.64,0.0,否
ORD2024113010396,2024-11-30,P0103,西北,企业团购,1,4300.95,0.06,否
ORD2024121610873,2024-12-16,P0493,西南,企业团购,2,1229.79,0.0,否
ORD2024071005941,2024-07-10,P0439,华南,企业团购,5,1278.87,0.0,否
ORD2024010100034,2024-01-01,P0035,西北,线上官网,1,3219.47,0.0,否
ORD2024032702621,2024-03-27,P0288,西北,企业团购,2,48.76,0.0,否
ORD2024061405013,2024-06-14,P0495,华东,线下经销商,2,1315.34,0.08,否
ORD2024111109616,2024-11-11,P0340,华南,线上官网,8,85.56,0.14,否
ORD2024101408804,2024-10-14,P0454,西南,线上第三方,2,1150.46,0.0,否
ORD2024032002413,2024-03-20,P0402,华中,线上第三方,3,591.91,0.0,否
ORD2024110609480,2024-11-06,P0077,华东,线上官网,3,2571.21,0.0,否
ORD2024070605822,2024-07-06,P0256,东北,线上第三方,1,46.18,0.23,否
ORD2024101008687,2024-10-10,P0187,华北,线下直营店,1,2855.82,0.12,否
ORD2024071105959,2024-07-11,P0171,西南,线下直营店,5,1214.85,0.0,否
ORD2024111109670,2024-11-11,P0180,华南,线上第三方,16,1380.1,0.1,否
ORD2024083107494,2024-08-31,P0328,华东,企业团购,1,18.62,0.0,否
ORD2024021201286,2024-02-12,P0390,西北,企业团购,3,1103.26,0.0,是
ORD2024121810932,2024-12-18,P0224,东北,线下直营店,1,1035.24,0.15,否
ORD2024012300674,2024-01-23,P0027,华中,线上官网,1,3566.01,0.0,否
ORD2024090507622,2024-09-05,P0419,西南,线上官网,2,713.68,0.0,否
ORD2024013000901,2024-01-30,P0457,东北,线上官网,4,740.29,0.12,否
ORD2024100108421,2024-10-01,P0488,华中,企业团购,1,814.76,0.0,否
ORD2024041203108,2024-04-12,P0476,西北,线上第三方,1,1608.61,0.0,否
ORD2024010600150,2024-01-06,P0399,华北,线下经销商,3,774.22,0.0,否
ORD2024052404396,2024-05-24,P0392,华南,线上官网,5,278.95,0.0,否
ORD2024061204956,2024-06-12,P0496,华南,线下经销商,3,1299.05,0.0,否
ORD2024112910384,2024-11-29,P0208,华北,线下经销商,3,1945.13,0.0,否
ORD2024060504741,2024-06-05,P0015,华南,线下经销商,2,3863.12,0.0,否
ORD2024050703882,2024-05-07,P0443,西南,线下经销商,4,824.28,0.0,否
ORD2024072106250,2024-07-21,P0245,华中,线下直营店,2,3002.58,0.0,否
ORD2024052604464,2024-05-26,P0411,西南,线下直营店,1,252.14,0.0,否
ORD2024091607965,2024-09-16,P0137,西北,线上第三方,2,782.08,0.0,否
ORD2024100408508,2024-10-04,P0334,华中,线上官网,3,60.95,0.0,否
ORD2024060304672,2024-06-03,P0126,西北,线上第三方,4,476.61,0.23,否
ORD2024062505505,2024-06-25,P0484,华东,线上第三方,4,252.59,0.0,否
ORD2024071105981,2024-07-11,P0261,西南,线上官网,3,89.7,0.0,否
ORD2024021101255,2024-02-11,P0386,西北,线下直营店,1,911.01,0.0,否
ORD2024012600748,2024-01-26,P0415,华中,线下直营店,1,1355.14,0.0,否
ORD2024011400380,2024-01-14,P0187,华北,企业团购,1,2955.0,0.1,否
ORD2024022601733,2024-02-26,P0114,华东,线下直营店,1,2992.79,0.0,否
ORD2024020901179,2024-02-09,P0350,华南,线上官网,5,93.87,0.2,否
ORD2024102209039,2024-10-22,P0059,华南,线上第三方,2,3471.69,0.15,否
ORD2024051404112,2024-05-14,P0317,华北,线下直营店,4,35.65,0.0,否
ORD2024021401351,2024-02-14,P0389,东北,线上官网,1,688.38,0.22,否
ORD2024072406350,2024-07-24,P0373,华中,线下直营店,1,1498.52,0.12,否
ORD2024042803616,2024-04-28,P0376,西南,线上第三方,2,1323.67,0.0,否
ORD2024022601714,2024-02-26,P0013,华北,企业团购,3,3203.25,0.0,否
ORD2024112910383,2024-11-29,P0182,华北,企业团购,2,1107.85,0.0,否
ORD2024120310484,2024-12-03,P0201,华中,企业团购,3,1706.25,0.0,否
ORD2024120710605,2024-12-07,P0052,东北,线下直营店,1,1265.85,0.0,否
ORD2024052104304,2024-05-21,P0217,华东,线下经销商,4,1135.6,0.0,否
ORD2024022201580,2024-02-22,P0127,华中,线下直营店,5,3469.16,0.0,否
ORD2024070805887,2024-07-08,P0482,西北,线下经销商,3,1117.51,0.0,否
ORD2024103009262,2024-10-30,P0259,东北,线上第三方,2,193.31,0.0,否
ORD2024122911262,2024-12-29,P0472,华东,线下直营店,1,735.56,0.22,否
ORD2024011600462,2024-01-16,P0147,华北,企业团购,3,651.45,0.0,否
ORD2024100808614,2024-10-08,P0262,华东,线上第三方,3,171.32,0.0,否
ORD2024022501693,2024-02-25,P0430,华北,线下直营店,1,1199.78,0.0,否
ORD2024051904254,2024-05-19,P0365,华中,线上官网,1,1087.19,0.0,否
ORD2024120110412,2024-12-01,P0248,华中,线下直营店,1,17.28,0.05,否
ORD2024042703571,2024-04-27,P0061,华中,线上第三方,1,519.98,0.0,否
ORD2024052404395,2024-05-24,P0425,华中,线下经销商,3,321.94,0.0,否
ORD2024082807392,2024-08-28,P0318,东北,线上官网,2,111.63,0.0,否
ORD2024082607337,2024-08-26,P0213,西南,线下经销商,1,739.51,0.0,否
ORD2024112210166,2024-11-22,P0209,华中,线上官网,1,1169.77,0.0,否
ORD2024060704825,2024-06-07,P0158,华中,线下直营店,5,2450.89,0.0,否
ORD2024022401644,2024-02-24,P0448,西南,线下经销商,1,1127.4,0.0,否
ORD2024111209859,2024-11-12,P0089,西南,线下直营店,3,3441.85,0.0,否
ORD2024072006217,2024-07-20,P0418,华北,企业团购,1,118.06,0.0,否
ORD2024082307245,2024-08-23,P0128,西南,线下经销商,2,2129.89,0.2,否
ORD2024012900851,2024-01-29,P0191,华南,线下直营店,5,1516.08,0.0,否
ORD2024013000909,2024-01-30,P0001,华南,线上第三方,4,594.81,0.0,否
ORD2024120110414,2024-12-01,P0232,东北,线上第三方,2,2175.57,0.0,否
ORD2024031602319,2024-03-16,P0134,西北,线下经销商,2,72.98,0.0,否
ORD2024050203709,2024-05-02,P0114,东北,线下直营店,2,2848.19,0.0,否
ORD2024070805873,2024-07-08,P0357,东北,线上第三方,5,81.96,0.0,否
ORD2024031902392,2024-03-19,P0289,西北,线上官网,3,83.58,0.0,是
ORD2024030301905,2024-03-03,P0118,华东,企业团购,3,3125.91,0.0,否
ORD2024060104639,2024-06-01,P0394,华南,线上第三方,1,1472.62,0.0,否
ORD2024082107202,2024-08-21,P0147,华东,线下直营店,3,712.97,0.0,否
ORD2024051504123,2024-05-15,P0233,华中,线下直营店,4,622.07,0.0,否
ORD2024021001238,2024-02-10,P0078,华东,线上第三方,1,2360.28,0.0,否
ORD2024011800534,2024-01-18,P0374,华东,线上官网,4,701.65,0.0,否
ORD2024020501069,2024-02-05,P0178,华中,线上官网,2,968.07,0.0,否
ORD2024081006857,2024-08-10,P0336,东北,企业团购,2,195.69,0.0,否
ORD2024012800840,2024-01-28,P0449,华南,线上官网,3,895.22,0.0,否
ORD2024111109847,2024-11-11,P0276,华南,线下经销商,32,193.52,0.0,否
ORD2024103109298,2024-10-31,P0443,华南,企业团购,3,853.58,0.0,否
ORD2024092008096,2024-09-20,P0447,西北,企业团购,4,356.14,0.0,否
ORD2024112410213,2024-11-24,P0044,华东,线下经销商,1,1057.15,0.0,否
ORD2024072306327,2024-07-23,P0158,华中,线下直营店,1,2312.2,0.0,否
ORD2024010800215,2024-01-08,P0232,西北,企业团购,4,2153.08,0.0,是
ORD2024070305741,2024-07-03,P0319,东北,线下经销商,2,195.25,0.0,否
ORD2024101808918,2024-10-18,P0408,华中,线上第三方,3,197.85,0.0,否
ORD2024010200042,2024-01-02,P0126,华北,线下经销商,4,477.33,0.0,否
ORD2024013100928,2024-01-31,P0048,华北,线下经销商,3,1563.03,0.0,否
ORD2024030501965,2024-03-05,P0385,西南,线上第三方,3,670.39,0.05,否
ORD2024070805881,2024-07-08,P0366,西南,线上第三方,5,964.92,0.0,否
ORD2024092408189,2024-09-24,P0490,东北,企业团购,1,1774.12,0.0,否
ORD2024080606728,2024-08-06,P0022,西北,企业团购,2,4791.25,0.0,否
ORD2024121910944,2024-12-19,P0057,华中,线下经销商,2,4053.67,0.09,否
ORD2024111209882,2024-11-12,P0445,华南,线上官网,3,807.55,0.0,否
ORD2024060204644,2024-06-02,P0395,华东,线下经销商,1,1069.41,0.0,否
ORD2024062005324,2024-06-20,P0497,华东,企业团购,4,473.76,0.0,否
ORD2024092508226,2024-09-25,P0127,西北,线上官网,4,3456.46,0.0,否
ORD2024112110125,2024-11-21,P0488,华中,线下直营店,1,827.14,0.0,否
ORD2024042603523,2024-04-26,P0262,华南,企业团购,3,175.77,0.0,否
ORD2024052604454,2024-05-26,P0269,西南,线下经销商,2,66.56,0.0,否
ORD2024060304682,2024-06-03,P0142,华北,企业团购,2,1947.29,0.0,否
ORD2024091307869,2024-09-13,P0035,华中,线上官网,3,3374.18,0.0,否
ORD2024051504140,2024-05-15,P0262,华南,线下直营店,1,176.46,0.0,否
ORD2024012400709,2024-01-24,P0499,西北,线下经销商,3,521.37,0.0,否
ORD2024123011282,2024-12-30,P0037,西北,企业团购,4,2774.38,0.0,是
ORD2024080806795,2024-08-08,P0307,华北,企业团购,3,68.01,0.0,否
ORD2024021601407,2024-02-16,P0434,华中,线下经销商,3,633.97,0.0,否
ORD2024083007460,2024-08-30,P0443,华北,线下经销商,3,872.91,0.0,否
ORD2024050803915,2024-05-08,P0242,西北,线上第三方,5,805.54,0.0,否
ORD2024090607648,2024-09-06,P0394,华中,企业团购,3,1419.59,0.0,是
ORD2024031002129,2024-03-10,P0263,东北,线上第三方,3,114.98,0.0,否
ORD2024041903317,2024-04-19,P0332,华中,线上官网,6,98.11,0.0,否
ORD2024063005652,2024-06-30,P0227,华南,企业团购,1,1035.65,0.14,否
ORD2024032102460,2024-03-21,P0497,华南,线下经销商,3,472.21,0.0,否
ORD2024050803899,2024-05-08,P0338,华东,线下经销商,1,48.94,0.0,否
ORD2024051103998,2024-05-11,P0043,华南,线下经销商,2,5094.57,0.0,否
ORD2024022701745,2024-02-27,P0448,西南,线下直营店,2,1078.37,0.0,否
ORD2024080806780,2024-08-08,P0060,华北,线上官网,1,1001.99,0.0,否
ORD2024031902393,2024-03-19,P0397,华中,线上第三方,2,858.1,0.22,否
ORD2024042603545,2024-04-26,P0051,华中,线上官网,2,3092.35,0.1,否
ORD2024061405021,2024-06-14,P0386,西北,线上官网,5,916.1,0.0,否
ORD2024062405460,2024-06-24,P0357,华东,线下直营店,2,85.7,0.13,否
ORD2024010500136,2024-01-05,P0275,华北,线上第三方,4,42.94,0.0,否
ORD2024022101563,2024-02-21,P0253,华南,线下经销商,4,157.57,0.0,否
ORD2024041803291,2024-04-18,P0489,华中,线上官网,6,1992.55,0.0,否
ORD2024102909224,2024-10-29,P0030,华北,线上第三方,1,3662.18,0.0,否
ORD2024120610577,2024-12-06,P0400,华中,线下经销商,3,1292.72,0.0,否
ORD2024040402865,2024-04-04,P0115,西南,企业团购,6,3599.21,0.0,否
ORD2024101308769,2024-10-13,P0129,西北,企业团购,2,1019.91,0.0,否
ORD2024011100319,2024-01-11,P0414,华北,线上第三方,5,386.18,0.0,否
ORD2024082407279,2024-08-24,P0492,华北,线上官网,1,160.84,0.0,否
ORD2024082307239,2024-08-23,P0054,华中,线上第三方,4,4772.78,0.0,否
ORD2024051304054,2024-05-13,P0483,华中,线下直营店,2,1577.25,0.12,否
ORD2024110509431,2024-11-05,P0462,华南,线下直营店,1,424.3,0.0,否
ORD2024110609487,2024-11-06,P0245,华东,线下直营店,3,2811.98,0.0,否
ORD2024080506683,2024-08-05,P0444,西南,线上官网,1,1082.38,0.0,是
ORD2024081707066,2024-08-17,P0130,华北,线下经销商,1,842.44,0.0,否
ORD2024091407906,2024-09-14,P0251,华南,线下经销商,1,95.53,0.0,否
ORD2024122511148,2024-12-25,P0257,西北,线下直营店,4,191.57,0.0,否
ORD2024032502587,2024-03-25,P0276,西南,线下经销商,5,187.68,0.0,否
ORD2024070605817,2024-07-06,P0409,东北,线下经销商,1,1250.36,0.0,否
ORD2024022101567,2024-02-21,P0235,华中,线上第三方,5,2565.02,0.0,否
ORD2024083107483,2024-08-31,P0358,华南,线上第三方,1,780.6,0.0,否
ORD2024072406347,2024-07-24,P0458,华中,线下直营店,1,127.38,0.0,否
ORD2024060204650,2024-06-02,P0201,华北,企业团购,1,1624.7,0.26,否
ORD2024052904542,2024-05-29,P0483,华北,线下经销商,3,1657.83,0.13,否
ORD2024111609990,2024-11-16,P0309,西北,线下经销商,2,182.97,0.0,否
ORD2024081106877,2024-08-11,P0093,华东,线下经销商,1,5156.97,0.0,否
ORD2024120210464,2024-12-02,P0349,西北,线下经销商,1,166.92,0.0,否
ORD2024031202200,2024-03-12,P0491,华北,线下直营店,3,976.35,0.0,否
ORD2024112910373,2024-11-29,P0015,西北,线上第三方,3,3979.08,0.0,否
ORD2024081907128,2024-08-19,P0239,华南,线上第三方,1,1884.91,0.29,否
ORD2024041203102,2024-04-12,P0246,华北,线下经销商,6,59.37,0.0,否
ORD2024070605818,2024-07-06,P0194,东北,线下经销商,2,2008.21,0.0,是
ORD2024072506381,2024-07-25,P0020,西南,线上第三方,3,3618.48,0.0,否
ORD2024122911238,2024-12-29,P0072,华北,线上官网,1,3834.55,0.0,否
ORD2024022201579,2024-02-22,P0223,华南,线下经销商,4,481.76,0.0,否
ORD2024073006527,2024-07-30,P0086,东北,线上官网,1,2576.31,0.0,否
ORD2024041203106,2024-04-12,P0042,华北,线上官网,2,4177.23,0.0,否
ORD2024111109695,2024-11-11,P0323,西北,线上第三方,24,203.76,0.0,否
ORD2024040402856,2024-04-04,P0033,西北,线上官网,1,2190.55,0.0,否
ORD2024122811236,2024-12-28,P0167,西北,线上官网,2,804.93,0.0,否
ORD2024080106572,2024-08-01,P0242,西南,线上官网,4,840.86,0.0,否
ORD2024071205993,2024-07-12,P0339,东北,企业团购,3,132.85,0.0,否
ORD2024021501374,2024-02-15,P0105,华北,线下直营店,4,4645.75,0.0,否
ORD2024010300071,2024-01-03,P0246,东北,线下经销商,1,58.62,0.0,否
ORD2024053004565,2024-05-30,P0081,西南,线下经销商,1,2416.42,0.0,否
ORD2024061905298,2024-06-19,P0073,华南,线上官网,5,1758.43,0.0,否
ORD2024111109694,2024-11-11,P0446,东北,线下直营店,8,401.9,0.29,否
ORD2024100508543,2024-10-05,P0086,华东,企业团购,1,2577.94,0.0,否
ORD2024091107797,2024-09-11,P0484,华南,线上官网,1,237.49,0.0,否
ORD2024060504739,2024-06-05,P0367,东北,线下直营店,1,796.36,0.0,否
ORD2024052204327,2024-05-22,P0500,华北,企业团购,2,785.49,0.0,否
ORD2024070405774,2024-07-04,P0295,西北,线上官网,3,130.03,0.0,否
ORD2024011300361,2024-01-13,P0196,东北,线上官网,2,422.3,0.0,否
ORD2024110709510,2024-11-07,P0365,华中,企业团购,4,1055.8,0.0,否
ORD2024031702338,2024-03-17,P0211,东北,线上第三方,1,602.25,0.0,否
ORD2024111109810,2024-11-11,P0315,华北,线下经销商,24,33.17,0.19,否
ORD2024042503502,2024-04-25,P0490,华南,线下直营店,6,1802.33,0.16,否
ORD2024012700796,2024-01-27,P0440,西南,线下直营店,3,1236.94,0.0,否
ORD2024072606400,2024-07-26,P0408,东北,线上第三方,3,202.94,0.0,否
ORD2024071506077,2024-07-15,P0076,华南,企业团购,3,3053.74,0.07,否
ORD2024040602944,2024-04-06,P0169,华南,线上官网,3,1516.61,0.0,否
ORD2024080406670,2024-08-04,P0005,西北,线上第三方,1,4115.13,0.0,否
ORD2024081607022,2024-08-16,P0405,华北,企业团购,1,1119.05,0.0,否
ORD2024040702975,2024-04-07,P0331,华中,线上官网,2,38.4,0.11,否
ORD2024011900544,2024-01-19,P0290,华南,线下经销商,5,10.63,0.0,否
ORD2024032602589,2024-03-26,P0013,西南,线上官网,1,3170.81,0.0,否
ORD2024051904257,2024-05-19,P0142,华中,线下经销商,1,1998.1,0.18,否
ORD2024110709515,2024-11-07,P0427,华南,线下经销商,1,720.24,0.0,否
ORD2024051504133,2024-05-15,P0461,华东,线上第三方,3,150.64,0.23,否
ORD2024112610288,2024-11-26,P0482,华北,线上第三方,2,1069.91,0.0,否
ORD2024120110433,2024-12-01,P0457,华中,线上官网,1,733.3,0.0,否
ORD2024111109675,2024-11-11,P0230,西北,线上官网,8,1091.28,0.0,否
ORD2024111109619,2024-11-11,P0323,华北,线上官网,32,196.84,0.0,否
ORD2024053104615,2024-05-31,P0127,华北,线上官网,5,3370.05,0.0,否
ORD2024110809537,2024-11-08,P0251,东北,企业团购,3,91.68,0.0,否
ORD2024090107511,2024-09-01,P0343,华东,线下直营店,1,77.03,0.0,否
ORD2024071506074,2024-07-15,P0435,华南,线下直营店,5,401.36,0.29,是
ORD2024110909576,2024-11-09,P0482,华东,线下直营店,1,1138.03,0.14,否
ORD2024013000884,2024-01-30,P0012,华南,线下直营店,5,1091.75,0.0,否
ORD2024082907423,2024-08-29,P0031,华北,线下经销商,1,2686.16,0.0,否
ORD2024011100304,2024-01-11,P0256,华中,企业团购,3,44.82,0.29,否
ORD2024071105975,2024-07-11,P0103,西南,线上官网,2,4197.66,0.0,否
ORD2024121410800,2024-12-14,P0127,华中,企业团购,2,3504.79,0.0,否
ORD2024100608559,2024-10-06,P0020,华北,企业团购,1,3676.93,0.12,否
ORD2024062105385,2024-06-21,P0075,东北,线下经销商,4,5318.7,0.17,否
ORD2024040803007,2024-04-08,P0005,华中,线下直营店,2,4338.03,0.0,否
ORD2024113010397,2024-11-30,P0399,华北,企业团购,1,768.76,0.0,否
ORD2024060504763,2024-06-05,P0240,华南,线上第三方,4,1113.09,0.14,是
ORD2024012200652,2024-01-22,P0429,东北,线下直营店,3,1082.95,0.0,否
ORD2024112710299,2024-11-27,P0115,华南,线下直营店,3,3538.18,0.0,是
ORD2024120610565,2024-12-06,P0030,华南,线下经销商,1,3679.34,0.0,否
ORD2024092508237,2024-09-25,P0083,华北,线下经销商,1,881.79,0.0,否
ORD2024100708585,2024-10-07,P0456,华南,企业团购,4,606.46,0.0,否
ORD2024052304355,2024-05-23,P0164,西北,线上官网,4,364.73,0.0,否
ORD2024110309376,2024-11-03,P0274,华北,线上第三方,1,22.41,0.0,否
ORD2024112310196,2024-11-23,P0495,华东,线上官网,2,1350.86,0.0,否
ORD2024080706750,2024-08-07,P0237,华中,线下经销商,1,537.81,0.0,否
ORD2024061004902,2024-06-10,P0386,华南,线上第三方,2,888.17,0.0,否
ORD2024101608871,2024-10-16,P0046,西南,企业团购,1,4939.61,0.0,否
ORD2024111109700,2024-11-11,P0075,华南,线上官网,8,5257.48,0.22,否
ORD2024091207845,2024-09-12,P0147,华南,线下直营店,3,683.81,0.0,否
ORD2024062205398,2024-06-22,P0145,东北,线上官网,1,2121.48,0.0,否
ORD2024022801792,2024-02-28,P0129,华北,企业团购,5,1019.88,0.0,否
ORD2024030902103,2024-03-09,P0332,华南,线上第三方,2,102.96,0.0,否
ORD2024062905617,2024-06-29,P0459,西北,企业团购,1,1118.18,0.0,否
ORD2024103109297,2024-10-31,P0143,西北,企业团购,1,785.28,0.0,否
ORD2024081306941,2024-08-13,P0128,东北,企业团购,4,1982.35,0.0,否
ORD2024041903329,2024-04-19,P0418,华中,线上官网,1,116.56,0.0,是
ORD2024052504405,2024-05-25,P0280,华中,线下直营店,2,82.23,0.0,否
ORD2024062805580,2024-06-28,P0147,华中,企业团购,5,662.51,0.0,否
ORD2024080906815,2024-08-09,P0187,华中,线下直营店,2,2925.64,0.0,否
ORD2024030101836,2024-03-01,P0337,华南,线上官网,1,11.16,0.24,否
ORD2024022201585,2024-02-22,P0373,西北,线下直营店,3,1554.5,0.0,否
ORD2024111409930,2024-11-14,P0328,东北,线下经销商,1,17.64,0.0,否
ORD2024052404376,2024-05-24,P0319,西北,线下经销商,4,187.56,0.0,否
ORD2024101408791,2024-10-14,P0411,东北,线上官网,2,250.93,0.16,否
ORD2024082507318,2024-08-25,P0323,华南,线下直营店,1,196.32,0.0,否
ORD2024121310765,2024-12-13,P0349,华北,线上官网,4,171.47,0.24,否
ORD2024032302517,2024-03-23,P0074,华北,线上第三方,2,2059.52,0.0,否
ORD2024110409418,2024-11-04,P0012,东北,线上第三方,3,1177.32,0.15,否
ORD2024032502565,2024-03-25,P0176,华中,线上官网,3,244.46,0.0,否
ORD2024060304673,2024-06-03,P0072,华中,线上第三方,2,4036.43,0.0,否
ORD2024061505096,2024-06-15,P0373,华中,线下经销商,5,1535.67,0.0,否
ORD2024091307878,2024-09-13,P0461,华中,线上第三方,1,155.0,0.0,否
ORD2024040602933,2024-04-06,P0417,华中,线下直营店,3,1325.0,0.13,否
ORD2024072706438,2024-07-27,P0452,华南,线上第三方,1,94.95,0.14,否
ORD2024020801161,2024-02-08,P0415,华北,线下经销商,4,1237.09,0.0,否
ORD2024020301011,2024-02-03,P0244,西南,线下直营店,2,2048.63,0.0,否
ORD2024041003059,2024-04-10,P0057,东北,企业团购,2,4151.58,0.0,否
ORD2024052404373,2024-05-24,P0008,西南,线上第三方,5,2759.37,0.0,否
ORD2024060604783,2024-06-06,P0299,西南,线上第三方,2,111.47,0.18,否
ORD2024022701748,2024-02-27,P0248,华北,线下经销商,2,18.26,0.09,否
ORD2024030902086,2024-03-09,P0114,华东,企业团购,1,2794.84,0.0,否
ORD2024091808028,2024-09-18,P0286,华东,线上官网,4,138.62,0.0,否
ORD2024042803609,2024-04-28,P0321,西南,线下直营店,1,136.48,0.0,否
ORD2024091207830,2024-09-12,P0023,华东,线下经销商,4,3578.43,0.0,是
ORD2024030301924,2024-03-03,P0071,西北,线下直营店,3,4269.49,0.0,是
ORD2024062005341,2024-06-20,P0426,华中,线下经销商,3,125.39,0.0,否
ORD2024111810026,2024-11-18,P0391,华中,线上官网,1,910.56,0.0,否
ORD2024091207835,2024-09-12,P0047,西北,企业团购,3,1477.02,0.0,否
ORD2024012500741,2024-01-25,P0213,西南,企业团购,4,791.74,0.0,否
ORD2024071506076,2024-07-15,P0247,华东,企业团购,2,83.04,0.0,否
ORD2024042603547,2024-04-26,P0202,华北,线下经销商,1,1173.74,0.0,否
ORD2024082807394,2024-08-28,P0466,华东,线上第三方,1,915.41,0.11,否
ORD2024040502895,2024-04-05,P0054,西南,企业团购,4,4809.74,0.15,否
ORD2024122211058,2024-12-22,P0422,西北,线下经销商,2,1097.74,0.0,否
ORD2024100508542,2024-10-05,P0453,东北,企业团购,1,64.29,0.0,否
ORD2024011700484,2024-01-17,P0167,华中,企业团购,1,879.72,0.0,否
ORD2024123111293,2024-12-31,P0170,华北,线下经销商,4,1169.69,0.0,否
ORD2024030401953,2024-03-04,P0112,华南,线下经销商,4,4829.66,0.14,否
ORD2024021601394,2024-02-16,P0288,华东,线上官网,4,48.6,0.0,否
ORD2024061905295,2024-06-19,P0133,西南,线下经销商,3,2972.88,0.0,否
ORD2024112410212,2024-11-24,P0458,东北,线上官网,1,137.78,0.0,否
ORD2024030902110,2024-03-09,P0201,西北,线下经销商,2,1719.07,0.0,否
ORD2024102108993,2024-10-21,P0135,华北,企业团购,2,2182.76,0.0,是
ORD2024100108399,2024-10-01,P0426,华北,线下经销商,3,134.54,0.0,否
ORD2024022201595,2024-02-22,P0240,西南,线下经销商,5,1029.31,0.0,否
ORD2024123011287,2024-12-30,P0172,华北,企业团购,4,2158.59,0.0,否
ORD2024082307260,2024-08-23,P0114,华北,线上官网,4,2878.03,0.0,否
ORD2024042403471,2024-04-24,P0104,东北,线下直营店,6,1768.24,0.0,否
ORD2024080806787,2024-08-08,P0400,华北,线上第三方,1,1325.24,0.26,否
ORD2024040602948,2024-04-06,P0032,华南,线下直营店,1,3593.19,0.15,否
ORD2024021901510,2024-02-19,P0050,东北,线上第三方,4,2121.49,0.0,否
ORD2024092308179,2024-09-23,P0110,西北,企业团购,1,3911.54,0.25,否
ORD2024051704194,2024-05-17,P0106,华中,线下直营店,4,3421.38,0.0,否
ORD2024102709169,2024-10-27,P0123,华中,企业团购,1,2399.32,0.0,否
ORD2024121610849,2024-12-16,P0473,华东,企业团购,3,1733.28,0.0,否
ORD2024082507308,2024-08-25,P0358,华北,线上官网,1,828.92,0.0,否
ORD2024102409070,2024-10-24,P0011,华东,线上官网,1,2031.22,0.15,否
ORD2024081507020,2024-08-15,P0323,东北,线下直营店,3,203.68,0.0,否
ORD2024031002143,2024-03-10,P0174,东北,线上官网,3,1872.85,0.0,否
ORD2024092908361,2024-09-29,P0135,华中,企业团购,2,2147.94,0.0,否
ORD2024092208142,2024-09-22,P0401,华南,线上官网,1,714.16,0.0,否
ORD2024071205988,2024-07-12,P0390,华东,线下经销商,3,1165.84,0.26,否
ORD2024042003353,2024-04-20,P0254,西南,线上官网,1,28.24,0.0,否
ORD2024040202821,2024-04-02,P0053,华东,线上第三方,1,3294.51,0.0,否
ORD2024090907739,2024-09-09,P0057,华南,线下直营店,2,4108.67,0.0,否
ORD2024022201577,2024-02-22,P0318,华东,线上官网,5,111.32,0.0,否
ORD2024121710902,2024-12-17,P0034,东北,线上第三方,2,161.5,0.0,否
ORD2024042703551,2024-04-27,P0233,西南,线下经销商,2,644.3,0.0,否
ORD2024030401955,2024-03-04,P0249,东北,线上官网,2,19.89,0.0,否
ORD2024071606129,2024-07-16,P0177,华南,线下经销商,5,261.01,0.0,否
ORD2024010200036,2024-01-02,P0480,华东,线下直营店,2,296.51,0.17,否
ORD2024060604792,2024-06-06,P0412,西南,企业团购,2,1049.78,0.0,否
ORD2024010200051,2024-01-02,P0144,华东,企业团购,2,1217.47,0.0,否
ORD2024090907752,2024-09-09,P0336,华东,线上官网,3,196.48,0.0,否
ORD2024042203413,2024-04-22,P0467,东北,线下直营店,1,1644.92,0.0,否
ORD2024041803280,2024-04-18,P0192,华东,线上官网,6,1142.29,0.0,否
ORD2024060104641,2024-06-01,P0104,东北,线上第三方,1,1643.23,0.0,否
ORD2024112810346,2024-11-28,P0495,西南,线下直营店,1,1246.24,0.0,否
ORD2024062005333,2024-06-20,P0386,华南,线下直营店,2,932.3,0.0,否
ORD2024011500429,2024-01-15,P0491,东北,线下直营店,2,1018.39,0.0,否
ORD2024052204329,2024-05-22,P0289,华中,线下直营店,4,82.59,0.14,否
ORD2024063005649,2024-06-30,P0418,华北,线上第三方,3,109.61,0.1,否
ORD2024010400096,2024-01-04,P0435,华东,线下直营店,3,387.48,0.0,否
ORD2024070605810,2024-07-06,P0296,华北,线上官网,1,125.05,0.0,否
ORD2024100108398,2024-10-01,P0064,华北,线上第三方,4,222.58,0.0,否
ORD2024022301609,2024-02-23,P0008,华北,线上官网,2,2789.8,0.0,否
ORD2024050903953,2024-05-09,P0035,华南,线上官网,5,3147.46,0.0,否
ORD2024111209874,2024-11-12,P0090,西南,线下直营店,3,82.31,0.0,否
ORD2024111409932,2024-11-14,P0374,华南,线上第三方,1,728.8,0.0,否
ORD2024111109799,2024-11-11,P0405,华北,线下直营店,16,1113.19,0.0,否
ORD2024042203414,2024-04-22,P0180,华中,线上第三方,1,1391.3,0.0,否
ORD2024122010998,2024-12-20,P0492,西北,线上官网,4,162.0,0.0,否
ORD2024091607967,2024-09-16,P0180,华东,线上第三方,4,1329.65,0.0,否
ORD2024011400409,2024-01-14,P0200,西南,线上第三方,3,2862.8,0.0,否
ORD2024061004899,2024-06-10,P0104,华中,线下经销商,4,1684.0,0.08,否
ORD2024072806448,2024-07-28,P0444,华北,线下直营店,1,1049.44,0.0,否
ORD2024020801158,2024-02-08,P0267,华南,线上第三方,1,131.69,0.0,否
ORD2024062305439,2024-06-23,P0135,华南,线下直营店,1,2144.61,0.0,否
ORD2024073006516,2024-07-30,P0208,西北,线上第三方,2,2064.86,0.26,否
ORD2024041503209,2024-04-15,P0401,华南,企业团购,2,690.99,0.0,否
ORD2024041103070,2024-04-11,P0291,西南,线下直营店,1,34.97,0.0,否
ORD2024042803603,2024-04-28,P0302,西南,线下经销商,1,77.63,0.0,否
ORD2024032602610,2024-03-26,P0072,华东,线上官网,1,4054.42,0.0,否
ORD2024081106887,2024-08-11,P0437,东北,线下经销商,1,1195.42,0.12,否
ORD2024071506073,2024-07-15,P0026,东北,线下经销商,1,3031.14,0.0,否
ORD2024062705546,2024-06-27,P0160,华北,企业团购,4,1798.01,0.0,否
ORD2024022401656,2024-02-24,P0463,华东,企业团购,1,445.04,0.0,否
ORD2024052804503,2024-05-28,P0396,华北,线下经销商,2,1177.66,0.0,否
ORD2024082607336,2024-08-26,P0060,华北,企业团购,1,992.25,0.17,否
ORD2024110509429,2024-11-05,P0431,东北,线下经销商,1,532.93,0.19,否
ORD2024091007780,2024-09-10,P0440,华北,线下直营店,1,1268.61,0.0,否
ORD2024020701119,2024-02-07,P0340,华南,线下经销商,1,83.87,0.13,否
ORD2024110209335,2024-11-02,P0443,西北,线上第三方,1,828.04,0.0,否
ORD2024011400400,2024-01-14,P0026,华南,线上官网,1,3219.78,0.0,否
ORD2024123011286,2024-12-30,P0187,西南,线上官网,1,2839.37,0.0,否
ORD2024120910667,2024-12-09,P0094,西南,企业团购,1,3893.32,0.0,否
ORD2024021901497,2024-02-19,P0390,华中,企业团购,3,1163.1,0.26,否
ORD2024110209336,2024-11-02,P0412,华南,线上官网,1,997.21,0.0,否
ORD2024022401671,2024-02-24,P0089,华中,企业团购,1,3554.6,0.0,否
ORD2024111109815,2024-11-11,P0392,华东,线上官网,16,267.75,0.0,否
ORD2024103009278,2024-10-30,P0200,华北,企业团购,3,2841.82,0.0,否
ORD2024051704192,2024-05-17,P0128,华北,线下直营店,5,2051.1,0.0,否
ORD2024091808004,2024-09-18,P0392,华南,线上官网,1,266.04,0.0,否
ORD2024022101573,2024-02-21,P0487,华北,线下经销商,2,1597.81,0.0,否
ORD2024040302847,2024-04-03,P0257,华中,线下经销商,1,187.85,0.0,是
ORD2024100808618,2024-10-08,P0145,华东,线上第三方,4,2221.41,0.0,否
ORD2024091707984,2024-09-17,P0051,华东,线上官网,3,3052.6,0.0,否
ORD2024020501062,2024-02-05,P0464,东北,线上官网,1,1085.2,0.0,否
ORD2024082607338,2024-08-26,P0173,华南,线上官网,1,2123.99,0.0,否
ORD2024121010680,2024-12-10,P0366,华北,线上第三方,3,953.69,0.0,否
ORD2024031102168,2024-03-11,P0164,西北,线下经销商,1,389.71,0.0,否
ORD2024110909569,2024-11-09,P0435,华南,企业团购,1,416.54,0.06,否
ORD2024042603542,2024-04-26,P0431,华北,线上官网,1,557.11,0.06,否
ORD2024060904865,2024-06-09,P0277,华北,线下经销商,2,109.11,0.0,否
ORD2024052404383,2024-05-24,P0392,西南,线上第三方,3,269.17,0.0,否
ORD2024070305734,2024-07-03,P0283,东北,线下直营店,5,196.1,0.22,否
ORD2024120510536,2024-12-05,P0351,西南,线下经销商,3,81.51,0.15,否
ORD2024120910658,2024-12-09,P0213,华中,线下直营店,4,753.94,0.0,否
ORD2024082207220,2024-08-22,P0095,华中,线上第三方,1,3567.37,0.0,否
ORD2024060904885,2024-06-09,P0385,西北,线下直营店,1,680.37,0.0,否
ORD2024051404094,2024-05-14,P0398,华北,线上第三方,5,1330.28,0.0,否
ORD2024032102459,2024-03-21,P0399,华中,企业团购,5,731.56,0.0,否
ORD2024082407274,2024-08-24,P0351,华东,线上第三方,2,76.93,0.0,否
ORD2024072306302,2024-07-23,P0294,华南,线上官网,2,27.03,0.0,否
ORD2024031302240,2024-03-13,P0164,东北,线上官网,5,362.62,0.25,否
ORD2024011500428,2024-01-15,P0338,西南,线上官网,3,45.01,0.0,否
ORD2024061505187,2024-06-15,P0447,西北,线上第三方,5,362.93,0.0,否
ORD2024040202814,2024-04-02,P0084,华南,企业团购,4,1068.33,0.26,是
ORD2024052604437,2024-05-26,P0171,华南,线上官网,3,1177.92,0.0,否
ORD2024091207829,2024-09-12,P0284,华北,线下直营店,1,81.42,0.0,否
ORD2024042203419,2024-04-22,P0104,华南,线上官网,1,1675.91,0.11,是
ORD2024022301618,2024-02-23,P0112,华南,线上官网,5,4397.45,0.1,否
ORD2024011300368,2024-01-13,P0271,西北,线上官网,1,35.35,0.0,否
ORD2024121010696,2024-12-10,P0007,华中,企业团购,1,1853.63,0.0,否
ORD2024041803299,2024-04-18,P0185,华中,企业团购,3,817.18,0.13,否
ORD2024050403781,2024-05-04,P0272,华南,企业团购,2,28.09,0.0,否
ORD2024111209883,2024-11-12,P0490,华南,线下经销商,1,1769.0,0.0,否
ORD2024021701434,2024-02-17,P0250,西北,线下直营店,1,80.5,0.0,否
ORD2024022501689,2024-02-25,P0124,华东,线下直营店,1,992.63,0.0,否
ORD2024100408510,2024-10-04,P0091,华南,企业团购,4,915.42,0.0,否
ORD2024070405752,2024-07-04,P0251,华北,企业团购,3,91.38,0.0,否
ORD2024070705863,2024-07-07,P0055,华中,线下直营店,3,652.65,0.0,是
ORD2024030802070,2024-03-08,P0412,西南,线上第三方,2,1034.65,0.0,否
ORD2024101108719,2024-10-11,P0307,东北,线下直营店,2,71.11,0.0,否
ORD2024110109322,2024-11-01,P0092,华北,企业团购,2,4250.38,0.0,否
ORD2024062105366,2024-06-21,P0316,华南,线上第三方,1,48.05,0.11,否
ORD2024122511141,2024-12-25,P0122,西南,线上官网,1,3917.52,0.0,否
ORD2024040903028,2024-04-09,P0444,西北,线上官网,1,1067.54,0.0,否
ORD2024011900555,2024-01-19,P0080,华北,线上官网,5,4728.96,0.13,否
ORD2024122911254,2024-12-29,P0048,华中,线下直营店,2,1624.06,0.0,否
ORD2024041203099,2024-04-12,P0458,华中,企业团购,6,135.2,0.27,否
ORD2024051604149,2024-05-16,P0141,华东,线下直营店,2,882.48,0.0,否
ORD2024111009595,2024-11-10,P0363,西北,线上官网,2,1394.88,0.0,否
ORD2024060604787,2024-06-06,P0185,华北,企业团购,1,816.61,0.0,否
ORD2024122711185,2024-12-27,P0138,华北,线上第三方,3,242.82,0.0,否
ORD2024072006228,2024-07-20,P0369,华北,线下经销商,3,487.4,0.17,否
ORD2024012000574,2024-01-20,P0137,华北,线上官网,1,726.99,0.21,否
ORD2024081106884,2024-08-11,P0477,华中,线上第三方,2,1927.67,0.0,否
ORD2024010100001,2024-01-01,P0173,华东,线上第三方,2,2122.46,0.0,否
ORD2024021901495,2024-02-19,P0254,华中,线下直营店,3,28.41,0.0,否
ORD2024022501692,2024-02-25,P0076,华北,企业团购,1,3240.56,0.0,否
ORD2024050503801,2024-05-05,P0042,华北,线下直营店,1,4039.8,0.0,否
ORD2024080806770,2024-08-08,P0191,东北,线下直营店,1,1475.07,0.0,否
ORD2024121110704,2024-12-11,P0178,西北,线上官网,3,1023.3,0.0,否
ORD2024092608249,2024-09-26,P0268,东北,线上官网,3,70.99,0.08,否
ORD2024031002128,2024-03-10,P0456,西北,线下直营店,1,624.58,0.0,否
ORD2024021701428,2024-02-17,P0177,西南,线下经销商,1,279.41,0.0,否
ORD2024031502272,2024-03-15,P0351,华北,企业团购,4,78.11,0.0,否
ORD2024033002733,2024-03-30,P0012,华南,线上第三方,1,1139.75,0.16,否
ORD2024032302520,2024-03-23,P0366,西南,企业团购,2,973.92,0.0,否
ORD2024111409934,2024-11-14,P0214,华北,线上第三方,4,1802.77,0.0,否
ORD2024042903647,2024-04-29,P0320,华北,线下直营店,3,110.43,0.0,否
ORD2024040402875,2024-04-04,P0046,华东,线下经销商,3,4980.33,0.0,否
ORD2024081907146,2024-08-19,P0465,华北,线下经销商,1,803.8,0.2,否
ORD2024081807090,2024-08-18,P0107,东北,线下经销商,1,1366.59,0.0,否
ORD2024061705228,2024-06-17,P0196,华南,线下经销商,3,428.87,0.0,否
ORD2024071906209,2024-07-19,P0187,东北,线下直营店,2,2845.57,0.0,否
ORD2024061605212,2024-06-16,P0075,西北,线下直营店,1,4871.29,0.0,否
ORD2024080406671,2024-08-04,P0043,华东,线下直营店,1,4904.51,0.0,否
ORD2024021201278,2024-02-12,P0254,西南,线上官网,4,27.47,0.0,否
ORD2024022301635,2024-02-23,P0137,华南,线下直营店,4,772.52,0.0,否
ORD2024120110432,2024-12-01,P0015,华北,线上官网,1,3780.85,0.0,否
ORD2024100408516,2024-10-04,P0192,华东,线下直营店,4,1114.13,0.0,是
ORD2024122011001,2024-12-20,P0323,西北,线下经销商,1,199.05,0.25,否
ORD2024021701454,2024-02-17,P0418,华中,线上官网,1,110.25,0.0,否
ORD2024010800217,2024-01-08,P0447,华中,线下经销商,3,383.03,0.0,否
ORD2024052904554,2024-05-29,P0360,西北,线下直营店,5,937.06,0.0,否
ORD2024071406055,2024-07-14,P0448,华中,线上官网,1,1127.42,0.0,否
ORD2024070705845,2024-07-07,P0123,华中,企业团购,1,2271.76,0.0,否
ORD2024060304685,2024-06-03,P0220,西南,线下直营店,5,1873.09,0.0,否
ORD2024040802997,2024-04-08,P0415,东北,线下经销商,4,1258.68,0.0,否
ORD2024050503814,2024-05-05,P0416,华北,线上官网,2,915.75,0.0,否
ORD2024081106868,2024-08-11,P0081,西北,线下经销商,1,2401.76,0.0,否
ORD2024112310199,2024-11-23,P0312,华北,线上第三方,2,91.66,0.16,否
ORD2024110609467,2024-11-06,P0044,西北,线下经销商,1,1053.11,0.0,否
ORD2024102309044,2024-10-23,P0169,华中,线下经销商,1,1448.4,0.0,否
ORD2024011500425,2024-01-15,P0259,华东,线上官网,1,196.78,0.0,否
ORD2024040602936,2024-04-06,P0169,华中,线上官网,3,1550.73,0.0,否
ORD2024050303746,2024-05-03,P0027,西南,线上官网,2,3563.3,0.0,否
ORD2024111710024,2024-11-17,P0483,华北,线上官网,2,1698.67,0.0,否
ORD2024032702639,2024-03-27,P0419,华南,线上第三方,4,703.4,0.0,否
ORD2024101608848,2024-10-16,P0368,东北,企业团购,3,1044.69,0.0,否
ORD2024082107204,2024-08-21,P0245,华东,线下直营店,4,2756.38,0.0,否
ORD2024081206917,2024-08-12,P0035,西北,企业团购,3,3458.57,0.0,否
ORD2024042103401,2024-04-21,P0354,西南,企业团购,3,79.63,0.0,否
ORD2024121210732,2024-12-12,P0438,华南,线上官网,1,1465.67,0.0,否
ORD2024091407915,2024-09-14,P0183,华南,线下直营店,1,582.9,0.0,否
ORD2024031802349,2024-03-18,P0187,东北,线下直营店,4,2826.13,0.0,否
ORD2024102309051,2024-10-23,P0378,华南,企业团购,1,665.12,0.0,否
ORD2024110209352,2024-11-02,P0224,东北,企业团购,1,968.79,0.06,否
ORD2024042803602,2024-04-28,P0001,华南,企业团购,1,579.27,0.0,否
ORD2024030501972,2024-03-05,P0443,西北,线上官网,4,833.85,0.0,否
ORD2024080306642,2024-08-03,P0356,东北,线下直营店,1,33.98,0.1,否
ORD2024111109831,2024-11-11,P0366,华南,线上第三方,8,1030.24,0.0,否
ORD2024101908927,2024-10-19,P0305,西南,线上第三方,1,67.51,0.0,否
ORD2024031702345,2024-03-17,P0171,华东,线下直营店,2,1208.76,0.0,否
ORD2024022001531,2024-02-20,P0302,华中,线上第三方,5,72.9,0.0,否
ORD2024101708891,2024-10-17,P0211,西南,线下经销商,1,596.21,0.0,否
ORD2024101708886,2024-10-17,P0242,西南,线下经销商,4,797.6,0.0,否
ORD2024011800519,2024-01-18,P0216,华南,企业团购,2,1543.55,0.0,否
ORD2024010200040,2024-01-02,P0343,华南,线下直营店,4,75.28,0.0,否
ORD2024070905909,2024-07-09,P0037,华东,线上第三方,3,3021.23,0.0,否
ORD2024080906819,2024-08-09,P0218,华北,线下经销商,4,385.19,0.0,否
ORD2024022801794,2024-02-28,P0137,华南,企业团购,1,783.66,0.0,否
ORD2024121010673,2024-12-10,P0486,西北,线下直营店,4,629.71,0.0,否
ORD2024052404386,2024-05-24,P0293,东北,线下直营店,5,47.69,0.0,否
ORD2024050603849,2024-05-06,P0204,华中,线上第三方,3,237.79,0.0,否
ORD2024090407594,2024-09-04,P0491,华中,线上第三方,3,1013.95,0.0,否
ORD2024032002426,2024-03-20,P0013,华东,企业团购,5,3223.1,0.0,否
ORD2024091908049,2024-09-19,P0098,华中,企业团购,1,455.97,0.0,否
ORD2024021901512,2024-02-19,P0438,西北,线上第三方,2,1445.53,0.0,否
ORD2024072306324,2024-07-23,P0431,华北,企业团购,5,559.5,0.0,否
ORD2024030802056,2024-03-08,P0302,西北,线上官网,1,74.91,0.0,否
ORD2024070505804,2024-07-05,P0279,西南,线下直营店,3,152.41,0.0,否
ORD2024112210160,2024-11-22,P0088,华中,线上第三方,4,2930.25,0.0,否
ORD2024050603845,2024-05-06,P0103,华南,线上官网,2,4401.09,0.0,否
ORD2024091007770,2024-09-10,P0070,东北,线上官网,2,4273.78,0.0,否
ORD2024012600762,2024-01-26,P0292,西北,企业团购,5,158.28,0.0,是
ORD2024053004562,2024-05-30,P0468,西南,线上官网,1,335.1,0.08,否
ORD2024032902681,2024-03-29,P0236,西北,线下直营店,4,1699.01,0.0,否
ORD2024101308771,2024-10-13,P0453,华中,线上第三方,1,69.72,0.0,否
ORD2024071606106,2024-07-16,P0243,华北,线下经销商,5,691.21,0.0,否
ORD2024050603838,2024-05-06,P0454,东北,线上第三方,1,1080.83,0.0,否
ORD2024051204033,2024-05-12,P0313,华中,线下经销商,2,87.94,0.22,否
ORD2024110609461,2024-11-06,P0046,东北,线上官网,1,4901.67,0.0,否
ORD2024051904239,2024-05-19,P0352,华南,线下经销商,1,99.4,0.0,否
ORD2024111009598,2024-11-10,P0133,西北,线下直营店,1,2980.11,0.0,否
ORD2024081306954,2024-08-13,P0330,华中,线下直营店,3,94.06,0.0,否
ORD2024081306955,2024-08-13,P0091,西北,线下经销商,3,961.62,0.05,否
ORD2024122010984,2024-12-20,P0074,西北,线上第三方,2,1978.92,0.0,否
ORD2024081006848,2024-08-10,P0238,华东,线上官网,1,573.96,0.18,否
ORD2024112510242,2024-11-25,P0280,西北,线下经销商,2,78.8,0.0,否
ORD2024121710895,2024-12-17,P0308,华南,线下经销商,1,183.65,0.0,否
ORD2024102509118,2024-10-25,P0019,华东,企业团购,3,2064.59,0.0,否
ORD2024040602923,2024-04-06,P0130,西北,线上第三方,3,831.33,0.0,否
ORD2024091507946,2024-09-15,P0312,东北,线上官网,1,93.52,0.0,否
ORD2024080906828,2024-08-09,P0411,西北,线下直营店,1,269.23,0.0,否
ORD2024092908351,2024-09-29,P0271,东北,线下直营店,1,34.74,0.0,是
ORD2024070205713,2024-07-02,P0464,华北,线上官网,4,1127.7,0.0,否
ORD2024062805596,2024-06-28,P0389,西南,企业团购,1,657.33,0.0,否
ORD2024110909565,2024-11-09,P0280,华东,线上官网,1,78.01,0.0,否
ORD2024032702627,2024-03-27,P0328,东北,线下经销商,1,17.36,0.0,否
ORD2024061805283,2024-06-18,P0365,华北,线下经销商,5,1077.01,0.08,否
ORD2024062105361,2024-06-21,P0126,华北,线上第三方,4,485.01,0.0,否
ORD2024041003060,2024-04-10,P0295,西南,线上官网,1,125.57,0.0,否
ORD2024093008376,2024-09-30,P0076,华东,企业团购,3,3041.77,0.0,否
ORD2024082807388,2024-08-28,P0418,华南,企业团购,2,114.11,0.0,否
ORD2024010600174,2024-01-06,P0139,华中,线下经销商,2,293.66,0.16,否
ORD2024040802985,2024-04-08,P0412,东北,线下直营店,6,1050.06,0.2,否
ORD2024010600170,2024-01-06,P0157,华南,线下经销商,3,1636.7,0.0,否
ORD2024030301897,2024-03-03,P0123,华南,线上第三方,3,2246.43,0.0,否
ORD2024093008375,2024-09-30,P0418,华东,线上第三方,1,115.35,0.0,否
ORD2024090307559,2024-09-03,P0014,华中,线下直营店,4,4820.5,0.0,否
ORD2024012500745,2024-01-25,P0187,东北,线上第三方,3,2894.38,0.0,否
ORD2024070605838,2024-07-06,P0071,华中,线下直营店,1,4367.43,0.0,否
ORD2024041203126,2024-04-12,P0272,华南,企业团购,6,29.08,0.3,否
ORD2024122111040,2024-12-21,P0433,西北,线下直营店,2,1086.98,0.0,否
ORD2024111109849,2024-11-11,P0336,西南,线上官网,8,197.07,0.0,否
ORD2024041703264,2024-04-17,P0104,华南,企业团购,4,1742.58,0.0,否
ORD2024041003035,2024-04-10,P0457,华东,线下直营店,6,709.09,0.27,否
ORD2024031502289,2024-03-15,P0096,华东,线上第三方,2,1447.49,0.0,否
ORD2024120410515,2024-12-04,P0424,华北,线上第三方,1,131.53,0.3,否
ORD2024080206619,2024-08-02,P0022,华北,线下经销商,4,4658.24,0.0,否
ORD2024110609477,2024-11-06,P0260,华南,企业团购,1,63.89,0.0,否
ORD2024021601397,2024-02-16,P0237,东北,线上第三方,1,545.6,0.0,否
ORD2024022301624,2024-02-23,P0189,西北,线上官网,3,872.93,0.0,否
ORD2024060704824,2024-06-07,P0290,西北,线上第三方,4,11.34,0.0,否
ORD2024071506068,2024-07-15,P0246,华南,线下经销商,1,59.31,0.0,是
ORD2024061204953,2024-06-12,P0308,东北,线下直营店,4,183.24,0.0,否
ORD2024092608264,2024-09-26,P0392,华南,线下直营店,1,277.66,0.0,否
ORD2024081607040,2024-08-16,P0335,华北,线下直营店,1,37.11,0.0,否
ORD2024042503510,2024-04-25,P0318,华中,企业团购,6,117.4,0.0,否
ORD2024111810025,2024-11-18,P0146,西南,企业团购,1,796.72,0.0,否
ORD2024120910647,2024-12-09,P0490,东北,线下经销商,4,1787.52,0.0,否
ORD2024042803615,2024-04-28,P0021,华中,线下经销商,2,2098.95,0.0,否
ORD2024051404095,2024-05-14,P0358,华东,线下直营店,5,791.81,0.22,否
ORD2024120910652,2024-12-09,P0269,东北,线上官网,1,71.63,0.0,否
ORD2024120910661,2024-12-09,P0414,华中,企业团购,1,389.96,0.15,否
ORD2024092108132,2024-09-21,P0098,西南,线上第三方,2,421.73,0.08,否
ORD2024102509108,2024-10-25,P0452,华东,线上官网,1,92.02,0.0,否
ORD2024081306934,2024-08-13,P0498,西南,线上第三方,1,1557.89,0.0,否
ORD2024042603524,2024-04-26,P0457,华东,线下经销商,3,732.51,0.0,否
ORD2024060704811,2024-06-07,P0093,华中,线下直营店,5,5129.24,0.0,否
ORD2024082507304,2024-08-25,P0332,华东,企业团购,1,103.91,0.0,否
ORD2024033102749,2024-03-31,P0389,华东,企业团购,2,710.15,0.0,否
ORD2024082707357,2024-08-27,P0139,华中,线下经销商,1,273.4,0.11,否
ORD2024111109820,2024-11-11,P0461,华北,线下直营店,32,150.6,0.13,否
ORD2024092208157,2024-09-22,P0146,华南,线上官网,1,834.06,0.0,否
ORD2024092708289,2024-09-27,P0184,华东,线上第三方,1,687.04,0.0,否
ORD2024101408800,2024-10-14,P0077,华中,企业团购,1,2713.58,0.27,否
ORD2024011500435,2024-01-15,P0274,西北,线下直营店,2,24.08,0.0,否
ORD2024092908331,2024-09-29,P0050,华中,线上第三方,2,2078.19,0.28,否
ORD2024121510832,2024-12-15,P0121,西北,线下经销商,2,2657.16,0.0,否
ORD2024012000587,2024-01-20,P0408,华南,线下经销商,1,190.85,0.1,否
ORD2024051204024,2024-05-12,P0088,华南,线下经销商,1,3174.13,0.0,否
ORD2024010200048,2024-01-02,P0236,西北,企业团购,3,1756.83,0.0,否
ORD2024050303743,2024-05-03,P0321,东北,线上第三方,5,128.47,0.14,否
ORD2024080606712,2024-08-06,P0240,华北,线下直营店,1,1090.79,0.23,否
ORD2024030501979,2024-03-05,P0487,华东,线上第三方,1,1572.85,0.0,否
ORD2024032902677,2024-03-29,P0019,华东,线上官网,4,2149.5,0.0,否
ORD2024022001524,2024-02-20,P0147,西南,线下直营店,3,676.65,0.0,否
ORD2024061505170,2024-06-15,P0464,华东,线下直营店,5,1125.82,0.0,否
ORD2024032102454,2024-03-21,P0284,华北,企业团购,1,87.24,0.25,否
ORD2024090907746,2024-09-09,P0105,华中,线上官网,1,4408.4,0.12,否
ORD2024052204339,2024-05-22,P0080,东北,线上第三方,5,4882.71,0.0,否
ORD2024122611162,2024-12-26,P0013,东北,线上官网,2,3021.04,0.0,否
ORD2024012400701,2024-01-24,P0145,华东,线上第三方,2,2039.95,0.0,否
ORD2024020100961,2024-02-01,P0047,西北,线下经销商,3,1569.17,0.0,否
ORD2024082807404,2024-08-28,P0249,东北,企业团购,1,20.83,0.16,否
ORD2024042403474,2024-04-24,P0396,西北,线上第三方,4,1201.14,0.0,否
ORD2024060604784,2024-06-06,P0020,东北,线上第三方,4,3805.87,0.0,否
ORD2024061505092,2024-06-15,P0483,华中,线上第三方,5,1635.62,0.0,否
ORD2024032002440,2024-03-20,P0343,西北,线上第三方,5,78.37,0.25,否
ORD2024111109717,2024-11-11,P0257,西南,线上第三方,24,180.38,0.24,否
ORD2024041103066,2024-04-11,P0490,西南,线上第三方,1,1833.06,0.0,否
ORD2024082107181,2024-08-21,P0489,西南,企业团购,3,1867.35,0.0,否
ORD2024111910084,2024-11-19,P0047,华东,线上第三方,3,1462.22,0.26,否
ORD2024120410505,2024-12-04,P0438,西北,线下经销商,1,1402.7,0.24,否
ORD2024051204050,2024-05-12,P0110,华中,线下直营店,3,3886.4,0.3,否
ORD2024073106554,2024-07-31,P0234,西南,线上第三方,2,1645.29,0.08,是
ORD2024111109757,2024-11-11,P0453,华北,线上官网,16,68.68,0.0,否
ORD2024072906476,2024-07-29,P0083,西南,线下直营店,4,927.35,0.0,否
ORD2024060904878,2024-06-09,P0479,华南,线下直营店,1,1670.22,0.0,否
ORD2024062405472,2024-06-24,P0500,西南,线下直营店,5,746.25,0.22,否
ORD2024021201283,2024-02-12,P0064,华东,线上官网,5,220.56,0.0,否
ORD2024061905304,2024-06-19,P0171,华东,线下经销商,5,1101.21,0.0,否
ORD2024052904527,2024-05-29,P0098,华东,线下直营店,5,441.65,0.0,否
ORD2024062105378,2024-06-21,P0430,西南,线上官网,1,1230.12,0.0,否
ORD2024062105373,2024-06-21,P0461,东北,线上第三方,2,151.91,0.0,否
ORD2024102309046,2024-10-23,P0278,华中,企业团购,2,146.23,0.0,否
ORD2024122211074,2024-12-22,P0349,华南,线下经销商,1,172.22,0.0,否
ORD2024070805886,2024-07-08,P0446,西北,线下直营店,3,430.66,0.0,否
ORD2024010400104,2024-01-04,P0170,西北,线上官网,4,1164.61,0.0,否
ORD2024100808622,2024-10-08,P0100,华中,线下直营店,1,2103.06,0.0,否
ORD2024121310777,2024-12-13,P0174,西北,企业团购,2,1778.06,0.0,否
ORD2024050403777,2024-05-04,P0396,华中,线下经销商,1,1135.42,0.0,否
ORD2024082107182,2024-08-21,P0458,华北,线下直营店,3,131.69,0.0,否
ORD2024103009261,2024-10-30,P0399,华中,线下经销商,4,781.3,0.0,否
ORD2024122611169,2024-12-26,P0016,华南,线上官网,1,390.21,0.0,否
ORD2024090407589,2024-09-04,P0104,华北,企业团购,4,1737.05,0.0,否
ORD2024041003048,2024-04-10,P0092,华中,线上第三方,6,4340.16,0.0,是
ORD2024112110136,2024-11-21,P0060,西南,线上第三方,3,987.81,0.0,否
ORD2024101908937,2024-10-19,P0173,华东,线下经销商,1,2036.25,0.11,否
ORD2024112410220,2024-11-24,P0083,华东,线下直营店,2,920.35,0.0,否
ORD2024092908338,2024-09-29,P0185,西北,线下直营店,1,811.22,0.07,否
ORD2024092108112,2024-09-21,P0375,东北,企业团购,1,229.87,0.0,否
ORD2024042203434,2024-04-22,P0049,华东,线上第三方,3,4827.73,0.21,否
ORD2024042603543,2024-04-26,P0186,华北,线下直营店,4,485.22,0.0,否
ORD2024072306331,2024-07-23,P0389,华南,线下直营店,2,687.42,0.0,否
ORD2024111309886,2024-11-13,P0410,东北,线上第三方,4,884.36,0.18,否
ORD2024101108710,2024-10-11,P0013,西北,企业团购,1,3021.26,0.0,否
ORD2024011100292,2024-01-11,P0171,华东,线下经销商,3,1140.92,0.0,否
ORD2024082207224,2024-08-22,P0435,西北,线下经销商,1,385.48,0.0,否
ORD2024111109852,2024-11-11,P0106,华北,线下直营店,16,3460.23,0.0,否
ORD2024053004581,2024-05-30,P0030,华北,企业团购,3,3707.99,0.0,否
ORD2024061505077,2024-06-15,P0398,东北,线上第三方,10,1354.67,0.21,否
ORD2024071306030,2024-07-13,P0272,西南,线上官网,3,27.55,0.0,否
ORD2024070805872,2024-07-08,P0102,华中,线下经销商,2,4068.47,0.0,否
ORD2024040402859,2024-04-04,P0117,东北,线上第三方,2,3864.26,0.0,否
ORD2024071406058,2024-07-14,P0188,华东,企业团购,3,1144.8,0.07,否
ORD2024122411110,2024-12-24,P0349,华南,企业团购,1,157.9,0.0,否
ORD2024101908944,2024-10-19,P0326,西南,线上第三方,1,162.78,0.0,否
ORD2024042403466,2024-04-24,P0141,华南,线上官网,1,899.93,0.0,否
ORD2024050203738,2024-05-02,P0119,西南,企业团购,1,5185.43,0.0,否
ORD2024011200331,2024-01-12,P0182,华中,企业团购,1,1164.99,0.0,否
ORD2024020401054,2024-02-04,P0020,华东,线下经销商,2,3668.58,0.0,否
ORD2024080506692,2024-08-05,P0257,华南,线下经销商,1,180.81,0.09,是
ORD2024112210169,2024-11-22,P0462,东北,线上第三方,1,411.62,0.0,否
ORD2024123111325,2024-12-31,P0400,华北,线下经销商,1,1241.34,0.0,否
ORD2024051304081,2024-05-13,P0188,华北,线下直营店,2,1143.55,0.09,否
ORD2024100908661,2024-10-09,P0101,华北,线下经销商,1,4377.98,0.0,是
ORD2024010100015,2024-01-01,P0393,华南,线下经销商,3,1136.73,0.0,否
ORD2024082007172,2024-08-20,P0328,华中,企业团购,3,18.33,0.28,否
ORD2024061304983,2024-06-13,P0019,西北,线下直营店,4,2057.57,0.0,否
ORD2024041903326,2024-04-19,P0481,西北,线下经销商,1,1724.83,0.3,否
ORD2024083007467,2024-08-30,P0356,东北,线上第三方,1,32.9,0.0,否
ORD2024101708889,2024-10-17,P0478,西南,企业团购,1,1071.89,0.0,否
ORD2024011700488,2024-01-17,P0443,东北,线下直营店,3,844.83,0.0,否
ORD2024031602302,2024-03-16,P0284,西北,线下经销商,2,82.62,0.05,否
ORD2024072706430,2024-07-27,P0170,西北,企业团购,3,1195.31,0.0,否
ORD2024112910362,2024-11-29,P0402,华中,线下经销商,1,641.43,0.0,否
ORD2024051304056,2024-05-13,P0194,东北,线下经销商,4,2022.87,0.0,否
ORD2024041303133,2024-04-13,P0130,华中,线上官网,1,803.01,0.0,否
ORD2024040802981,2024-04-08,P0412,华南,线上第三方,3,1005.77,0.0,否
ORD2024122111008,2024-12-21,P0093,西南,企业团购,1,5153.61,0.09,否
ORD2024081206922,2024-08-12,P0105,东北,线上官网,3,4664.49,0.0,否
ORD2024021601400,2024-02-16,P0211,西北,线下直营店,5,605.97,0.0,否
ORD2024100308493,2024-10-03,P0114,华南,线下直营店,1,3008.43,0.0,否
ORD2024061505118,2024-06-15,P0173,华南,企业团购,5,2088.29,0.0,否
ORD2024050303756,2024-05-03,P0170,华东,线下经销商,3,1146.89,0.1,否
ORD2024083107482,2024-08-31,P0457,西北,线下直营店,2,728.57,0.24,否
ORD2024012100622,2024-01-21,P0217,华中,线上第三方,1,1140.38,0.0,否
ORD2024031902391,2024-03-19,P0202,东北,企业团购,3,1101.37,0.0,否
ORD2024051104000,2024-05-11,P0358,西北,线上官网,2,798.15,0.0,否
ORD2024031302216,2024-03-13,P0291,西南,线上第三方,4,35.94,0.0,否
ORD2024081907117,2024-08-19,P0360,东北,线下经销商,1,916.81,0.0,否
ORD2024042303449,2024-04-23,P0346,西北,线上第三方,1,134.03,0.0,否
ORD2024121210755,2024-12-12,P0128,西北,线下直营店,1,2127.98,0.0,否
ORD2024030702037,2024-03-07,P0361,东北,线下直营店,3,1000.88,0.0,否
ORD2024011000266,2024-01-10,P0396,华南,线上官网,5,1133.76,0.2,否
ORD2024112510240,2024-11-25,P0133,西北,线上第三方,2,3015.92,0.24,否
ORD2024042703563,2024-04-27,P0470,华东,线上第三方,1,185.23,0.0,否
ORD2024102909233,2024-10-29,P0312,东北,企业团购,1,91.94,0.0,否
ORD2024013100915,2024-01-31,P0394,华南,线上官网,3,1360.56,0.08,否
ORD2024100208440,2024-10-02,P0412,西北,线下经销商,4,1051.95,0.24,否
ORD2024110109309,2024-11-01,P0365,东北,线下直营店,1,1060.29,0.0,否
ORD2024073106557,2024-07-31,P0110,东北,线上官网,3,4193.52,0.0,否
ORD2024061605222,2024-06-16,P0375,西南,线下直营店,1,223.08,0.0,否
ORD2024061405014,2024-06-14,P0366,华南,线上官网,1,1029.8,0.0,否
ORD2024021601414,2024-02-16,P0307,华中,线上官网,3,65.79,0.0,否
ORD2024050703888,2024-05-07,P0430,华北,线下直营店,1,1229.42,0.0,否
ORD2024011800511,2024-01-18,P0497,华南,线下直营店,1,480.65,0.0,否
ORD2024051304072,2024-05-13,P0088,华南,企业团购,5,3132.16,0.0,是
ORD2024090407586,2024-09-04,P0220,华中,企业团购,4,2007.55,0.15,否
ORD2024061405029,2024-06-14,P0238,华中,线上第三方,4,563.23,0.12,否
ORD2024060504744,2024-06-05,P0145,华北,线上官网,5,2093.96,0.0,否
ORD2024061405024,2024-06-14,P0262,西南,线下直营店,2,173.15,0.0,否
ORD2024092008070,2024-09-20,P0060,华南,线下直营店,3,1037.18,0.0,否
ORD2024102509129,2024-10-25,P0105,华东,线上第三方,1,4663.93,0.0,否
ORD2024112510262,2024-11-25,P0138,华中,企业团购,1,238.02,0.05,否
ORD2024072406346,2024-07-24,P0213,华南,企业团购,2,723.79,0.0,否
ORD2024011000260,2024-01-10,P0098,华南,线上官网,3,465.28,0.0,否
ORD2024121610851,2024-12-16,P0480,华中,线下直营店,3,303.23,0.0,否
ORD2024091107795,2024-09-11,P0095,华东,线上官网,2,3467.52,0.0,否
ORD2024123011289,2024-12-30,P0423,西南,企业团购,2,619.1,0.0,否
ORD2024120310478,2024-12-03,P0499,华东,线下经销商,4,535.56,0.0,否
ORD2024030702047,2024-03-07,P0171,华中,线上第三方,2,1126.35,0.0,否
ORD2024060404708,2024-06-04,P0258,华南,线下直营店,3,136.18,0.0,否
ORD2024072206290,2024-07-22,P0259,西南,企业团购,3,189.85,0.0,否
ORD2024060404703,2024-06-04,P0339,华北,线下经销商,5,134.37,0.0,否
ORD2024110309373,2024-11-03,P0500,西北,线上第三方,1,770.21,0.0,否
ORD2024012600757,2024-01-26,P0203,西北,线下直营店,2,1827.7,0.0,否
ORD2024010700178,2024-01-07,P0216,华北,线下经销商,2,1544.29,0.0,否
ORD2024050603843,2024-05-06,P0397,华东,企业团购,3,818.1,0.0,否
ORD2024062105377,2024-06-21,P0317,东北,线上官网,3,32.86,0.0,否
ORD2024051804225,2024-05-18,P0320,华中,线下直营店,2,112.24,0.0,否
ORD2024031402246,2024-03-14,P0210,东北,企业团购,4,1148.83,0.0,否
ORD2024010700201,2024-01-07,P0041,东北,线下直营店,2,707.08,0.0,否
ORD2024091107794,2024-09-11,P0042,华中,线下直营店,3,4153.39,0.0,否
ORD2024041003054,2024-04-10,P0408,东北,企业团购,3,189.89,0.0,否
ORD2024081206903,2024-08-12,P0356,华东,线下经销商,1,32.18,0.0,否
ORD2024121310778,2024-12-13,P0092,华南,线下经销商,2,4309.83,0.0,否
ORD2024121310760,2024-12-13,P0321,华北,线下直营店,3,124.51,0.0,否
ORD2024030602021,2024-03-06,P0121,西南,线下经销商,4,2614.49,0.0,是
ORD2024073006521,2024-07-30,P0187,西北,企业团购,4,2879.23,0.0,否
ORD2024031302222,2024-03-13,P0263,西南,线上第三方,5,117.48,0.27,否
ORD2024031802352,2024-03-18,P0188,华北,线上官网,4,1108.46,0.0,否
ORD2024121810912,2024-12-18,P0415,西北,线下经销商,1,1312.72,0.0,否
ORD2024012400695,2024-01-24,P0336,西南,线上第三方,1,194.35,0.0,否
ORD2024080706753,2024-08-07,P0009,华南,线上第三方,4,3092.46,0.0,否
ORD2024111109629,2024-11-11,P0419,西南,线下经销商,24,669.58,0.08,否
ORD2024020401042,2024-02-04,P0351,华北,线下经销商,1,84.12,0.0,否
ORD2024070305750,2024-07-03,P0272,华中,线上官网,4,27.45,0.0,否
ORD2024061505136,2024-06-15,P0177,西南,企业团购,5,277.62,0.0,否
ORD2024120510526,2024-12-05,P0036,西北,企业团购,4,1172.93,0.0,否
ORD2024060804831,2024-06-08,P0315,东北,线下经销商,3,35.08,0.25,否
ORD2024061705240,2024-06-17,P0081,华中,线下经销商,3,2552.87,0.0,否
ORD2024071606119,2024-07-16,P0167,华中,线下经销商,1,882.42,0.07,否
ORD2024060104636,2024-06-01,P0213,西南,线上第三方,1,787.48,0.0,否
ORD2024070405757,2024-07-04,P0459,华南,企业团购,5,1113.73,0.0,否
ORD2024122711195,2024-12-27,P0156,华南,线上官网,4,967.36,0.0,否
ORD2024092108123,2024-09-21,P0011,华东,线下经销商,2,1936.21,0.0,否
ORD2024040802987,2024-04-08,P0205,华南,线上官网,3,356.82,0.0,否
ORD2024021201282,2024-02-12,P0135,华北,线下经销商,4,2118.64,0.0,否
ORD2024050603828,2024-05-06,P0102,华中,线上第三方,5,4349.62,0.0,否
ORD2024040502900,2024-04-05,P0028,东北,线上第三方,3,634.64,0.29,否
ORD2024120910656,2024-12-09,P0442,西北,企业团购,3,965.77,0.0,否
ORD2024042203423,2024-04-22,P0339,西北,线下经销商,3,126.57,0.0,否
ORD2024080106579,2024-08-01,P0459,西北,线上第三方,4,1178.36,0.0,是
ORD2024061004919,2024-06-10,P0416,华东,线下经销商,2,931.44,0.0,否
ORD2024120810620,2024-12-08,P0309,华中,线下经销商,1,189.97,0.0,否
ORD2024021401348,2024-02-14,P0090,华南,线下直营店,4,82.84,0.0,否
ORD2024030401936,2024-03-04,P0435,东北,线下直营店,1,407.66,0.0,否
ORD2024040502911,2024-04-05,P0078,华北,线下经销商,6,2372.06,0.0,否
ORD2024121810909,2024-12-18,P0353,西南,线下直营店,1,28.95,0.26,否
ORD2024090607647,2024-09-06,P0165,西北,线上官网,2,880.46,0.0,否
ORD2024120410521,2024-12-04,P0060,华东,线上官网,3,1053.27,0.0,否
ORD2024092208141,2024-09-22,P0260,西南,线下直营店,2,58.81,0.07,否
ORD2024072606404,2024-07-26,P0039,华中,企业团购,2,330.47,0.0,否
ORD2024032302518,2024-03-23,P0045,西北,线下直营店,3,1992.8,0.0,否
ORD2024022601711,2024-02-26,P0093,西北,线上第三方,2,5153.17,0.0,否
ORD2024120410510,2024-12-04,P0059,西北,线下直营店,2,3532.87,0.0,否
ORD2024042003371,2024-04-20,P0383,华北,线下直营店,2,30.93,0.0,否
ORD2024052004274,2024-05-20,P0180,西北,线下直营店,4,1372.37,0.0,否
ORD2024112310192,2024-11-23,P0358,东北,线上第三方,2,766.97,0.0,否
ORD2024100108424,2024-10-01,P0251,西南,企业团购,1,94.01,0.0,否
ORD2024112910360,2024-11-29,P0472,西北,线上官网,3,734.69,0.0,否
ORD2024110909572,2024-11-09,P0052,华北,线上第三方,1,1294.23,0.0,否
ORD2024071606114,2024-07-16,P0284,东北,线上第三方,3,82.31,0.0,否
ORD2024122511129,2024-12-25,P0290,东北,线下经销商,4,10.67,0.0,否
ORD2024021001214,2024-02-10,P0484,西北,线下直营店,1,245.45,0.0,否
ORD2024021901499,2024-02-19,P0082,华南,线下经销商,1,680.81,0.0,否
ORD2024091607975,2024-09-16,P0172,东北,线上官网,1,2122.59,0.0,是
ORD2024051704177,2024-05-17,P0068,华东,线上第三方,1,4851.86,0.0,否
ORD2024041003039,2024-04-10,P0096,西南,线上第三方,1,1422.42,0.0,否
ORD2024021801473,2024-02-18,P0452,华北,线下经销商,1,96.29,0.11,否
ORD2024030301892,2024-03-03,P0248,华北,线上第三方,3,18.54,0.07,是
ORD2024120910660,2024-12-09,P0144,西北,线上官网,4,1278.53,0.0,否
ORD2024020100953,2024-02-01,P0473,华中,线下直营店,4,1781.37,0.0,是
ORD2024111109788,2024-11-11,P0447,西北,线上官网,16,379.71,0.0,否
ORD2024062705557,2024-06-27,P0458,华北,线上第三方,3,135.88,0.0,否
ORD2024101308758,2024-10-13,P0245,西南,线上官网,1,2906.38,0.0,否
ORD2024101708877,2024-10-17,P0338,华北,企业团购,2,47.16,0.0,否
ORD2024030501982,2024-03-05,P0017,华北,线上官网,3,1979.84,0.2,否
ORD2024111409922,2024-11-14,P0042,华中,线上第三方,1,3962.99,0.09,否
ORD2024091607970,2024-09-16,P0249,西北,线下经销商,4,20.83,0.0,否
ORD2024051804220,2024-05-18,P0443,西北,企业团购,1,815.72,0.0,否
ORD2024111609983,2024-11-16,P0456,西北,线下直营店,1,592.35,0.0,否
ORD2024110109321,2024-11-01,P0400,西北,线上第三方,1,1318.52,0.0,否
ORD2024091908064,2024-09-19,P0500,西北,线上官网,1,740.64,0.22,否
ORD2024053104599,2024-05-31,P0343,东北,线下经销商,4,72.35,0.16,否
ORD2024112410230,2024-11-24,P0039,西南,线上第三方,1,328.58,0.0,否
ORD2024111609970,2024-11-16,P0414,西南,企业团购,1,394.5,0.0,否
ORD2024051204041,2024-05-12,P0299,华北,线上官网,1,113.36,0.0,否
ORD2024022501702,2024-02-25,P0481,华东,线下经销商,1,1695.58,0.0,否
ORD2024020401057,2024-02-04,P0072,西南,线上第三方,3,4110.89,0.0,否
ORD2024021901502,2024-02-19,P0418,西南,线下经销商,1,109.84,0.0,否
ORD2024122711203,2024-12-27,P0440,西北,线下直营店,1,1262.49,0.0,否
ORD2024071506078,2024-07-15,P0176,华南,线上官网,1,240.28,0.0,否
ORD2024062605515,2024-06-26,P0192,西南,企业团购,4,1120.95,0.27,否
ORD2024061104925,2024-06-11,P0310,华北,线上官网,5,120.35,0.22,否
ORD2024030101852,2024-03-01,P0332,华东,线上第三方,3,98.49,0.0,否
ORD2024071005929,2024-07-10,P0103,西北,线下经销商,5,4539.28,0.0,否
ORD2024040903012,2024-04-09,P0130,东北,线下直营店,4,787.38,0.0,否
ORD2024010400097,2024-01-04,P0116,西北,线上第三方,5,3738.65,0.0,否
ORD2024011500427,2024-01-15,P0397,西北,线上官网,3,810.14,0.0,否
ORD2024091307884,2024-09-13,P0121,东北,线下经销商,1,2731.27,0.0,否
ORD2024090707700,2024-09-07,P0070,东北,线上官网,1,4011.92,0.0,否
ORD2024101008689,2024-10-10,P0445,华东,线上官网,2,821.61,0.0,否
ORD2024062005329,2024-06-20,P0486,东北,线下直营店,4,667.78,0.0,否
ORD2024110309368,2024-11-03,P0042,华北,企业团购,1,3948.09,0.0,否
ORD2024070105674,2024-07-01,P0266,华东,线下经销商,2,39.4,0.0,否
ORD2024073006523,2024-07-30,P0465,华北,线下经销商,2,800.18,0.0,否
ORD2024091107817,2024-09-11,P0107,西南,线上官网,4,1357.22,0.0,否
ORD2024020401043,2024-02-04,P0159,东北,企业团购,2,1454.81,0.0,否
ORD2024090707679,2024-09-07,P0044,华北,线上第三方,1,1069.75,0.21,否
ORD2024031302233,2024-03-13,P0218,东北,线上官网,4,381.73,0.28,否
ORD2024051604170,2024-05-16,P0116,华南,企业团购,5,3640.65,0.27,否
ORD2024111109742,2024-11-11,P0076,东北,企业团购,16,3128.49,0.0,否
ORD2024053104603,2024-05-31,P0050,华南,线下直营店,5,2018.5,0.0,否
ORD2024022401672,2024-02-24,P0421,西南,线上官网,3,278.46,0.0,否
ORD2024090507635,2024-09-05,P0368,华东,企业团购,1,990.41,0.17,否
ORD2024012000583,2024-01-20,P0179,西北,线下经销商,1,242.88,0.0,否
ORD2024122010991,2024-12-20,P0312,华东,线下直营店,1,92.28,0.0,否
ORD2024031502271,2024-03-15,P0027,西北,线下经销商,5,3546.18,0.0,否
ORD2024080506694,2024-08-05,P0102,华中,线下直营店,3,4367.88,0.0,是
ORD2024010100004,2024-01-01,P0132,西南,线上官网,5,1486.8,0.0,否
ORD2024071306028,2024-07-13,P0060,西北,企业团购,3,1051.04,0.22,否
ORD2024022601721,2024-02-26,P0272,华中,线下经销商,3,30.11,0.0,否
ORD2024092108117,2024-09-21,P0131,东北,线下经销商,1,2192.83,0.0,否
ORD2024103009277,2024-10-30,P0115,西南,线下直营店,2,3524.03,0.0,是
ORD2024040302837,2024-04-03,P0366,华北,线上第三方,1,962.3,0.0,否
ORD2024051604157,2024-05-16,P0134,华北,线下经销商,1,71.47,0.0,否
ORD2024082407273,2024-08-24,P0021,华东,线上官网,1,2108.06,0.0,否
ORD2024042003356,2024-04-20,P0496,华北,线上官网,1,1228.33,0.0,否
ORD2024101708875,2024-10-17,P0336,西北,线下直营店,3,183.42,0.0,否
ORD2024052904538,2024-05-29,P0422,华中,企业团购,1,1152.7,0.0,否
ORD2024011500440,2024-01-15,P0283,华南,线上第三方,4,198.15,0.0,否
ORD2024052204340,2024-05-22,P0434,东北,线下直营店,4,650.74,0.0,否
ORD2024122111028,2024-12-21,P0478,华北,线上第三方,1,1065.88,0.0,否
ORD2024021001220,2024-02-10,P0015,华东,线下直营店,3,4120.55,0.0,否
ORD2024091707986,2024-09-17,P0255,华北,线上第三方,4,182.28,0.0,否
ORD2024082007177,2024-08-20,P0072,东北,企业团购,1,3825.53,0.0,否
ORD2024051704191,2024-05-17,P0187,西南,线下直营店,4,2740.77,0.0,否
ORD2024010300089,2024-01-03,P0419,西南,线下直营店,5,675.66,0.0,是
ORD2024070105667,2024-07-01,P0112,西北,企业团购,1,4594.53,0.0,否
ORD2024091607956,2024-09-16,P0080,西北,线上第三方,2,4701.97,0.0,否
ORD2024041103091,2024-04-11,P0308,华北,企业团购,3,191.11,0.0,否
ORD2024021601409,2024-02-16,P0036,华北,企业团购,2,1221.83,0.0,否
ORD2024122311076,2024-12-23,P0029,华东,线上第三方,1,1233.75,0.14,否
ORD2024011000275,2024-01-10,P0276,华南,线下直营店,4,204.83,0.0,否
ORD2024053104602,2024-05-31,P0189,华南,线上第三方,3,883.39,0.0,否
ORD2024021601419,2024-02-16,P0176,华北,线下直营店,5,240.66,0.0,否
ORD2024061805278,2024-06-18,P0269,华东,线下直营店,1,68.65,0.18,否
ORD2024050703886,2024-05-07,P0457,华东,线下经销商,5,756.83,0.0,否
ORD2024120210449,2024-12-02,P0340,华南,线下直营店,4,87.72,0.0,否
ORD2024121710903,2024-12-17,P0497,华中,线下直营店,1,470.28,0.0,否
ORD2024101708888,2024-10-17,P0280,西南,线下经销商,1,79.74,0.0,否
ORD2024021801480,2024-02-18,P0032,东北,线下直营店,3,3414.87,0.26,否
ORD2024101708884,2024-10-17,P0227,华东,线上第三方,3,1050.22,0.0,否
ORD2024011500416,2024-01-15,P0440,西南,线上官网,1,1336.55,0.0,否
ORD2024111009583,2024-11-10,P0073,华中,线上第三方,1,1687.82,0.0,否
ORD2024061605207,2024-06-16,P0004,华东,线上第三方,3,3038.89,0.0,否
ORD2024091407916,2024-09-14,P0005,华南,线下经销商,1,4049.53,0.0,否
ORD2024112510253,2024-11-25,P0409,华南,线上官网,1,1263.38,0.09,否
ORD2024090607663,2024-09-06,P0183,东北,企业团购,1,590.59,0.0,否
ORD2024120310466,2024-12-03,P0336,西北,线下直营店,2,189.03,0.0,否
ORD2024012400711,2024-01-24,P0278,华中,线上第三方,4,156.73,0.0,否
ORD2024041803313,2024-04-18,P0137,西北,线下经销商,4,742.46,0.0,否
ORD2024011400408,2024-01-14,P0089,华南,企业团购,3,3693.78,0.0,否
ORD2024080106585,2024-08-01,P0465,华东,企业团购,2,802.81,0.0,否
ORD2024031302217,2024-03-13,P0275,华南,线下经销商,5,40.11,0.0,否
ORD2024091707989,2024-09-17,P0440,华南,线上官网,4,1241.51,0.0,否
ORD2024040602930,2024-04-06,P0361,华中,线下经销商,1,1017.98,0.0,否
ORD2024110309380,2024-11-03,P0266,西南,线上官网,2,38.55,0.0,否
ORD2024082307261,2024-08-23,P0192,华中,线下经销商,3,1065.3,0.0,否
ORD2024042103394,2024-04-21,P0223,东北,线下直营店,2,457.05,0.0,否
ORD2024061705226,2024-06-17,P0126,华中,线上官网,3,492.73,0.19,否
ORD2024031602313,2024-03-16,P0156,东北,线上官网,2,1010.15,0.0,否
ORD2024061505171,2024-06-15,P0225,华北,线上第三方,10,1268.73,0.0,否
ORD2024031302215,2024-03-13,P0004,华北,企业团购,2,3221.22,0.18,否
ORD2024091107813,2024-09-11,P0464,西南,线下直营店,4,1138.99,0.0,否
ORD2024041303149,2024-04-13,P0060,华中,线上官网,3,1044.04,0.0,否
ORD2024053004573,2024-05-30,P0270,东北,企业团购,4,144.13,0.0,否
ORD2024120210447,2024-12-02,P0426,西南,线上官网,1,122.78,0.27,否
ORD2024051204029,2024-05-12,P0430,华中,线上官网,2,1172.07,0.0,否
ORD2024020601111,2024-02-06,P0449,东北,线上第三方,4,901.01,0.08,否
ORD2024031102151,2024-03-11,P0143,东北,线上官网,1,776.26,0.0,否
ORD2024073006525,2024-07-30,P0376,东北,线上官网,4,1277.94,0.0,否
ORD2024062305441,2024-06-23,P0452,华中,线上官网,1,93.18,0.21,否
ORD2024042603541,2024-04-26,P0445,东北,线上第三方,3,781.44,0.13,否
ORD2024052504402,2024-05-25,P0105,西南,企业团购,1,4763.87,0.0,否
ORD2024022801796,2024-02-28,P0332,华北,线上官网,5,102.51,0.0,否
ORD2024091407913,2024-09-14,P0336,华南,线下直营店,1,188.57,0.29,否
ORD2024051003964,2024-05-10,P0276,西北,线上第三方,3,195.85,0.0,否
ORD2024031302237,2024-03-13,P0049,西南,企业团购,4,4677.32,0.0,否
ORD2024012200634,2024-01-22,P0279,华南,线上第三方,1,148.68,0.0,否
ORD2024062105380,2024-06-21,P0179,华东,企业团购,3,244.07,0.0,是
ORD2024121210737,2024-12-12,P0134,华中,线上官网,4,70.16,0.0,否
ORD2024092108102,2024-09-21,P0365,西南,线下直营店,1,1071.71,0.24,否
ORD2024062505485,2024-06-25,P0076,西北,企业团购,4,3073.65,0.11,否
ORD2024010500132,2024-01-05,P0464,华北,线下直营店,5,1075.57,0.0,否
ORD2024111810054,2024-11-18,P0301,华中,线上官网,2,155.69,0.0,否
ORD2024121210736,2024-12-12,P0138,东北,线下经销商,4,229.39,0.0,否
ORD2024030401951,2024-03-04,P0334,华东,线上官网,5,59.79,0.11,否
ORD2024112610282,2024-11-26,P0308,华中,线上官网,3,195.12,0.0,否
ORD2024012600775,2024-01-26,P0372,东北,线上官网,4,1375.22,0.0,否
ORD2024052704484,2024-05-27,P0352,西南,企业团购,2,104.79,0.0,否
ORD2024011100312,2024-01-11,P0034,西南,线下经销商,2,152.21,0.0,否
ORD2024041003044,2024-04-10,P0202,华中,线下经销商,6,1113.44,0.0,否
ORD2024081406976,2024-08-14,P0177,华北,企业团购,3,284.48,0.0,否
ORD2024041403167,2024-04-14,P0258,西北,企业团购,3,134.07,0.0,否
ORD2024011600470,2024-01-16,P0232,东北,线下经销商,4,2141.29,0.0,否
ORD2024073106533,2024-07-31,P0357,华南,线下直营店,4,85.35,0.0,否
ORD2024022801787,2024-02-28,P0373,西南,线上第三方,2,1426.19,0.0,否
ORD2024091107823,2024-09-11,P0050,华中,线上官网,2,2081.04,0.0,否
ORD2024051304075,2024-05-13,P0497,东北,线下经销商,3,455.17,0.26,否
ORD2024102309058,2024-10-23,P0045,华东,企业团购,2,2112.44,0.0,否
ORD2024020200994,2024-02-02,P0397,西北,线上第三方,4,808.55,0.27,否
ORD2024022701741,2024-02-27,P0146,华中,企业团购,5,862.87,0.1,否
ORD2024061405035,2024-06-14,P0080,东北,企业团购,3,4916.52,0.0,否
ORD2024051204027,2024-05-12,P0497,华东,线上官网,2,448.21,0.22,否
ORD2024050203725,2024-05-02,P0216,华东,企业团购,3,1602.24,0.0,否
ORD2024011900564,2024-01-19,P0385,西南,线上官网,3,679.56,0.0,否
ORD2024061605203,2024-06-16,P0073,华北,线上第三方,1,1804.03,0.0,否
ORD2024102909225,2024-10-29,P0460,华南,企业团购,1,529.3,0.0,否
ORD2024061505150,2024-06-15,P0053,西南,线下直营店,5,3262.65,0.0,否
ORD2024122010974,2024-12-20,P0028,西北,线上官网,2,637.16,0.14,否
ORD2024060304683,2024-06-03,P0091,西北,线下直营店,3,933.34,0.0,否
ORD2024090707693,2024-09-07,P0158,华南,线上官网,1,2344.73,0.0,否
ORD2024061705225,2024-06-17,P0086,西南,企业团购,1,2473.22,0.0,否
ORD2024032202486,2024-03-22,P0284,华中,线下直营店,5,81.13,0.0,否
ORD2024121710897,2024-12-17,P0120,华北,企业团购,1,950.4,0.0,否
ORD2024010300080,2024-01-03,P0446,西南,线下直营店,4,404.4,0.0,否
ORD2024032102453,2024-03-21,P0484,华南,线下直营店,1,239.29,0.0,否
ORD2024122911240,2024-12-29,P0430,西南,线上官网,1,1187.19,0.0,否
ORD2024082207235,2024-08-22,P0245,华东,线上第三方,3,2845.13,0.0,否
ORD2024112110143,2024-11-21,P0269,华中,线下直营店,1,66.6,0.0,否
ORD2024071306022,2024-07-13,P0033,东北,线上官网,2,2166.9,0.0,否
ORD2024042503496,2024-04-25,P0216,西南,线下直营店,6,1596.43,0.0,否
ORD2024102109011,2024-10-21,P0219,华南,线下直营店,1,2361.1,0.0,否
ORD2024110809544,2024-11-08,P0218,西北,线上第三方,1,398.91,0.0,否
ORD2024111309902,2024-11-13,P0321,华中,企业团购,2,134.57,0.0,否
ORD2024102809204,2024-10-28,P0336,西南,企业团购,1,196.44,0.0,否
ORD2024011200334,2024-01-12,P0005,西南,线下直营店,5,4264.5,0.0,否
ORD2024101608862,2024-10-16,P0120,华中,企业团购,1,971.67,0.0,否
ORD2024070605815,2024-07-06,P0369,华南,线下经销商,1,483.92,0.0,否
ORD2024020501085,2024-02-05,P0156,华中,线下直营店,4,946.0,0.0,否
ORD2024011600451,2024-01-16,P0295,东北,线上第三方,5,122.5,0.0,否
ORD2024092508223,2024-09-25,P0131,西南,线上官网,2,2336.98,0.0,否
ORD2024101408808,2024-10-14,P0106,东北,线上第三方,2,3225.51,0.0,否
ORD2024011100294,2024-01-11,P0442,东北,线下经销商,2,1046.84,0.0,否
ORD2024020701146,2024-02-07,P0002,华北,线上第三方,5,3313.12,0.0,否
ORD2024111209879,2024-11-12,P0451,西北,线下经销商,1,369.04,0.0,否
ORD2024030702035,2024-03-07,P0451,华中,线下直营店,1,356.83,0.0,否
ORD2024051204031,2024-05-12,P0410,华南,线下直营店,2,823.12,0.0,否
ORD2024100608561,2024-10-06,P0029,西北,线下经销商,1,1173.65,0.0,否
ORD2024083007465,2024-08-30,P0412,华中,线下经销商,2,1018.18,0.0,否
ORD2024070105683,2024-07-01,P0350,东北,线下经销商,3,87.0,0.0,否
ORD2024012900853,2024-01-29,P0376,华东,线下经销商,5,1372.67,0.0,否
ORD2024090407614,2024-09-04,P0288,华东,线下直营店,3,46.32,0.29,否
ORD2024122111016,2024-12-21,P0027,西南,企业团购,1,3851.84,0.1,否
ORD2024091607960,2024-09-16,P0369,西南,线下直营店,1,499.65,0.3,是
ORD2024072706445,2024-07-27,P0271,西北,线下经销商,3,34.61,0.0,否
ORD2024111109830,2024-11-11,P0385,东北,企业团购,8,680.66,0.0,否
ORD2024031002141,2024-03-10,P0289,东北,企业团购,2,82.87,0.0,否
ORD2024092008077,2024-09-20,P0238,东北,线下经销商,1,602.23,0.0,否
ORD2024080406664,2024-08-04,P0275,西南,线下直营店,1,40.55,0.0,否
ORD2024020701124,2024-02-07,P0158,华东,线上第三方,5,2346.22,0.0,否
ORD2024060404716,2024-06-04,P0324,西北,线上第三方,3,116.54,0.0,否
ORD2024070705860,2024-07-07,P0469,东北,线上官网,3,313.14,0.0,否
ORD2024123111319,2024-12-31,P0433,华南,线上官网,3,1109.75,0.0,否
ORD2024040502910,2024-04-05,P0439,华南,企业团购,6,1351.8,0.29,否
ORD2024101608860,2024-10-16,P0300,华东,企业团购,2,76.39,0.0,否
ORD2024070305732,2024-07-03,P0493,西南,线上第三方,2,1213.5,0.29,否
ORD2024062905616,2024-06-29,P0372,东北,线下直营店,3,1358.47,0.0,否
ORD2024032702620,2024-03-27,P0484,西北,线上第三方,5,253.07,0.17,否
ORD2024011700501,2024-01-17,P0360,东北,企业团购,2,911.85,0.0,否
ORD2024011100291,2024-01-11,P0401,华中,线下直营店,2,662.93,0.0,否
ORD2024041803283,2024-04-18,P0293,西北,线上官网,3,48.59,0.0,否
ORD2024110909555,2024-11-09,P0458,西南,线下经销商,1,135.5,0.0,是
ORD2024100708586,2024-10-07,P0310,西南,线上官网,2,126.93,0.0,否
ORD2024052604443,2024-05-26,P0146,华南,线上官网,3,856.05,0.0,是
ORD2024092908352,2024-09-29,P0478,西北,线上第三方,1,1066.49,0.0,否
ORD2024091407895,2024-09-14,P0112,华中,线上第三方,2,4467.93,0.0,否
ORD2024050803896,2024-05-08,P0179,华南,企业团购,2,237.51,0.0,否
ORD2024052504408,2024-05-25,P0348,华中,线上官网,2,44.32,0.0,否
ORD2024031402253,2024-03-14,P0208,华中,线上第三方,2,2082.94,0.0,否
ORD2024111910060,2024-11-19,P0297,华东,线上第三方,3,119.81,0.0,否
ORD2024082707355,2024-08-27,P0258,华东,线上第三方,1,141.08,0.29,否
ORD2024061304994,2024-06-13,P0389,华东,企业团购,2,702.08,0.0,否
ORD2024122111024,2024-12-21,P0317,华东,企业团购,2,33.63,0.0,否
ORD2024070305720,2024-07-03,P0004,东北,线上第三方,1,3121.11,0.16,否
ORD2024022601723,2024-02-26,P0352,华东,企业团购,2,104.67,0.24,否
ORD2024111109825,2024-11-11,P0007,东北,线下经销商,8,1846.77,0.0,否
ORD2024011100300,2024-01-11,P0249,华东,线下经销商,2,19.37,0.07,否
ORD2024070505805,2024-07-05,P0048,华北,线上官网,1,1666.02,0.0,否
ORD2024020901195,2024-02-09,P0410,西北,线下经销商,5,850.96,0.0,否
ORD2024060904875,2024-06-09,P0183,华中,线上第三方,1,569.81,0.0,否
ORD2024090107500,2024-09-01,P0356,东北,线下经销商,1,31.85,0.23,否
ORD2024081807093,2024-08-18,P0239,华东,线下经销商,1,2038.95,0.0,否
ORD2024020100972,2024-02-01,P0055,华南,线下直营店,3,655.78,0.0,否
ORD2024081707071,2024-08-17,P0020,西北,线下经销商,1,3552.65,0.0,否
ORD2024050103694,2024-05-01,P0130,华东,线下经销商,4,836.7,0.0,否
ORD2024020601114,2024-02-06,P0005,东北,线上第三方,2,4033.25,0.0,否
ORD2024040602949,2024-04-06,P0130,西南,线下经销商,2,828.09,0.0,否
ORD2024032802652,2024-03-28,P0099,华中,线上第三方,2,2016.19,0.0,否
ORD2024032202475,2024-03-22,P0185,华中,线下经销商,5,831.92,0.0,否
ORD2024111910066,2024-11-19,P0299,东北,线下经销商,4,118.13,0.21,否
ORD2024101208740,2024-10-12,P0445,东北,企业团购,1,844.76,0.0,否
ORD2024101708890,2024-10-17,P0189,华东,线下直营店,3,878.9,0.0,否
ORD2024030501966,2024-03-05,P0061,东北,企业团购,4,508.26,0.0,否
ORD2024032302515,2024-03-23,P0372,西南,线下经销商,1,1351.58,0.0,否
ORD2024071506072,2024-07-15,P0159,西北,企业团购,5,1459.83,0.0,否
ORD2024061204964,2024-06-12,P0004,西南,企业团购,4,3071.93,0.0,否
ORD2024112110129,2024-11-21,P0311,华南,线下经销商,2,71.23,0.0,否
ORD2024091007774,2024-09-10,P0449,西南,线上第三方,1,951.44,0.21,否
ORD2024070605813,2024-07-06,P0203,西北,线下经销商,3,1817.72,0.21,否
ORD2024122010987,2024-12-20,P0473,华南,线上官网,3,1650.48,0.0,否
ORD2024081206910,2024-08-12,P0122,华南,线下经销商,1,4244.74,0.14,是
ORD2024071105965,2024-07-11,P0085,华南,线下经销商,1,2223.85,0.0,否
ORD2024041203127,2024-04-12,P0040,华北,线上第三方,2,1623.48,0.0,否
ORD2024052704468,2024-05-27,P0301,华东,线上第三方,3,150.0,0.0,否
ORD2024060404725,2024-06-04,P0274,西南,线下经销商,4,23.22,0.0,否
ORD2024042103380,2024-04-21,P0397,西南,线下直营店,2,860.18,0.0,否
ORD2024042403468,2024-04-24,P0402,东北,线上官网,1,619.05,0.0,否
ORD2024020801150,2024-02-08,P0266,华中,企业团购,2,38.09,0.13,否
ORD2024051504114,2024-05-15,P0289,华北,企业团购,2,83.09,0.0,否
ORD2024013000896,2024-01-30,P0467,华东,线下直营店,4,1622.84,0.0,否
ORD2024062505493,2024-06-25,P0491,西南,线上第三方,2,1045.49,0.0,否
ORD2024041703255,2024-04-17,P0493,东北,线下直营店,3,1312.59,0.0,否
ORD2024012600766,2024-01-26,P0187,西北,线上第三方,3,2732.51,0.07,是
ORD2024030401954,2024-03-04,P0472,华东,线上官网,4,700.25,0.0,否
ORD2024111609974,2024-11-16,P0173,华南,线上第三方,2,2059.55,0.0,否
ORD2024090607671,2024-09-06,P0028,华北,企业团购,2,637.98,0.0,否
ORD2024051504124,2024-05-15,P0472,西北,线下直营店,5,700.45,0.0,否
ORD2024090107513,2024-09-01,P0191,华南,企业团购,1,1456.48,0.0,否
ORD2024072506389,2024-07-25,P0401,西南,线下直营店,1,659.16,0.16,否
ORD2024081206914,2024-08-12,P0101,华东,企业团购,4,4297.98,0.0,否
ORD2024042203425,2024-04-22,P0280,华中,线上第三方,1,75.98,0.0,否
ORD2024012000566,2024-01-20,P0015,华北,线上第三方,1,3886.26,0.0,否
ORD2024072306303,2024-07-23,P0332,西南,线上官网,5,99.51,0.0,否
ORD2024071005933,2024-07-10,P0456,东北,线上官网,4,599.45,0.0,否
ORD2024100308464,2024-10-03,P0012,西北,线下经销商,4,1091.28,0.0,否
ORD2024030602013,2024-03-06,P0451,华北,企业团购,5,372.53,0.0,否
ORD2024080906826,2024-08-09,P0412,西北,企业团购,4,1077.32,0.0,否
ORD2024020301012,2024-02-03,P0120,华中,企业团购,1,964.02,0.0,否
ORD2024070105684,2024-07-01,P0080,华南,线上官网,4,4819.07,0.0,否
ORD2024072706432,2024-07-27,P0340,西南,线下经销商,1,82.77,0.0,否
ORD2024091507941,2024-09-15,P0266,华南,线上第三方,2,37.57,0.0,否
ORD2024081106879,2024-08-11,P0439,东北,线下直营店,1,1242.86,0.0,否
ORD2024031302239,2024-03-13,P0074,西南,线下经销商,4,2047.56,0.0,否
ORD2024061505157,2024-06-15,P0362,华南,线下直营店,15,1192.84,0.0,否
ORD2024090407610,2024-09-04,P0266,西南,企业团购,1,38.45,0.08,否
ORD2024021601403,2024-02-16,P0025,西南,线下经销商,3,3542.19,0.14,否
ORD2024042103400,2024-04-21,P0362,华南,线上官网,2,1162.98,0.0,否
ORD2024101208752,2024-10-12,P0242,西北,线上官网,1,836.56,0.0,否
ORD2024022801769,2024-02-28,P0416,华南,企业团购,3,893.06,0.0,否
ORD2024111109707,2024-11-11,P0436,华中,企业团购,8,1292.1,0.16,否
ORD2024111910064,2024-11-19,P0212,华中,企业团购,3,679.71,0.0,否
ORD2024121910946,2024-12-19,P0498,华中,线上第三方,1,1543.68,0.0,否
ORD2024090407602,2024-09-04,P0276,华南,线下直营店,1,189.81,0.0,否
ORD2024050903943,2024-05-09,P0300,西南,线下直营店,4,74.61,0.0,否
ORD2024052204314,2024-05-22,P0209,西南,线上官网,1,1152.25,0.0,否
ORD2024081707076,2024-08-17,P0059,华南,线上官网,2,3805.56,0.0,否
ORD2024101908949,2024-10-19,P0172,华北,线下经销商,1,2025.66,0.0,是
ORD2024120610569,2024-12-06,P0458,华东,线上官网,1,129.4,0.0,否
ORD2024060704813,2024-06-07,P0337,华东,线下经销商,5,10.67,0.14,否
ORD2024080506687,2024-08-05,P0482,华南,线下经销商,2,1160.97,0.0,否
ORD2024101308760,2024-10-13,P0057,华中,线下直营店,1,4278.66,0.0,否
ORD2024061705237,2024-06-17,P0337,华北,线下直营店,4,10.88,0.0,否
ORD2024010300081,2024-01-03,P0399,西南,线上第三方,3,798.58,0.23,否
ORD2024071806177,2024-07-18,P0100,华中,线下直营店,4,2216.12,0.0,否
ORD2024052004270,2024-05-20,P0390,华东,线下经销商,1,1145.0,0.0,否
ORD2024060904882,2024-06-09,P0120,西北,线下直营店,1,945.43,0.0,否
ORD2024011200336,2024-01-12,P0286,华中,线下直营店,1,137.89,0.0,否
ORD2024062505482,2024-06-25,P0099,西北,线下直营店,4,2097.4,0.0,否
ORD2024112810354,2024-11-28,P0192,西北,线下直营店,3,1094.85,0.09,否
ORD2024033002710,2024-03-30,P0124,华南,线下经销商,3,961.64,0.0,否
ORD2024051404111,2024-05-14,P0395,华南,企业团购,4,1101.07,0.0,否
ORD2024092808308,2024-09-28,P0173,华东,线上第三方,1,2035.47,0.0,否
ORD2024021701435,2024-02-17,P0393,西北,线上官网,1,1091.65,0.0,否
ORD2024051304078,2024-05-13,P0089,西南,线上第三方,1,3475.25,0.28,否
ORD2024101908951,2024-10-19,P0088,华北,线上第三方,1,3139.26,0.0,否
ORD2024100808638,2024-10-08,P0172,西南,线下直营店,4,2105.77,0.0,否
ORD2024050703861,2024-05-07,P0291,华北,线上官网,5,33.25,0.22,否
ORD2024042603520,2024-04-26,P0280,东北,线下经销商,1,79.38,0.0,否
ORD2024011600473,2024-01-16,P0201,西北,企业团购,3,1677.17,0.0,否
ORD2024012800820,2024-01-28,P0037,华南,企业团购,1,3001.62,0.0,否
ORD2024063005647,2024-06-30,P0288,西南,企业团购,1,45.72,0.18,否
ORD2024102209023,2024-10-22,P0300,华南,线下直营店,4,79.64,0.27,否
ORD2024041503208,2024-04-15,P0237,西北,线上官网,4,539.6,0.0,否
ORD2024082507293,2024-08-25,P0309,华南,线下经销商,1,183.44,0.0,否
ORD2024121210727,2024-12-12,P0221,西南,线下经销商,4,2035.44,0.0,否
ORD2024040903024,2024-04-09,P0059,华东,线上官网,1,3648.25,0.0,否
ORD2024081306940,2024-08-13,P0249,华东,线下直营店,3,20.89,0.0,否
ORD2024020901184,2024-02-09,P0086,华东,线上第三方,3,2456.5,0.0,否
ORD2024010100032,2024-01-01,P0244,华南,线上官网,4,2103.42,0.0,否
ORD2024113010409,2024-11-30,P0021,华北,线下经销商,1,2142.77,0.0,否
ORD2024070405765,2024-07-04,P0244,华中,企业团购,2,2142.12,0.15,否
ORD2024080406662,2024-08-04,P0405,华南,线上第三方,1,1121.17,0.0,否
ORD2024031302211,2024-03-13,P0216,华东,线下经销商,1,1604.47,0.0,否
ORD2024072806465,2024-07-28,P0057,东北,线下直营店,3,4189.29,0.17,否
ORD2024022701759,2024-02-27,P0444,东北,线上第三方,2,1062.7,0.0,否
ORD2024100508544,2024-10-05,P0309,华北,企业团购,1,188.41,0.08,否
ORD2024100808635,2024-10-08,P0012,华中,线上官网,2,1161.58,0.0,否
ORD2024102008953,2024-10-20,P0442,华南,企业团购,1,1035.47,0.12,否
ORD2024092808319,2024-09-28,P0232,华南,线上官网,1,2216.63,0.0,否
ORD2024071205991,2024-07-12,P0219,西南,线下经销商,2,2202.74,0.13,否
ORD2024031902390,2024-03-19,P0080,西北,线下经销商,2,4480.17,0.0,否
ORD2024060904872,2024-06-09,P0260,华南,线上第三方,1,58.41,0.0,否
ORD2024041803285,2024-04-18,P0352,华中,线下经销商,3,98.58,0.12,否
ORD2024031802368,2024-03-18,P0094,东北,线下直营店,1,3584.85,0.0,否
ORD2024090807728,2024-09-08,P0373,华南,线上第三方,1,1432.22,0.0,否
ORD2024011300374,2024-01-13,P0023,华南,企业团购,3,3877.37,0.0,否
ORD2024100508537,2024-10-05,P0127,华北,线上官网,1,3397.08,0.0,否
ORD2024111109714,2024-11-11,P0239,华北,线下直营店,16,2031.06,0.0,否
ORD2024050703884,2024-05-07,P0437,华中,线上官网,2,1211.35,0.3,否
ORD2024101608855,2024-10-16,P0339,华北,线上官网,2,136.56,0.0,否
ORD2024052204338,2024-05-22,P0326,华北,线上官网,1,164.03,0.0,否
ORD2024060404723,2024-06-04,P0122,东北,线上第三方,5,3921.17,0.0,否
ORD2024070305737,2024-07-03,P0293,华北,线下经销商,5,47.73,0.05,否
ORD2024073006508,2024-07-30,P0420,西南,线上第三方,3,1127.86,0.12,否
ORD2024031002120,2024-03-10,P0488,华东,企业团购,2,783.36,0.0,否
ORD2024020901194,2024-02-09,P0494,西北,线上官网,1,371.2,0.0,否
ORD2024080106570,2024-08-01,P0042,东北,线上官网,1,4303.53,0.0,否
ORD2024070605837,2024-07-06,P0062,华南,企业团购,1,660.13,0.0,否
ORD2024020901202,2024-02-09,P0004,西北,线上第三方,4,3243.28,0.0,否
ORD2024121410812,2024-12-14,P0129,西北,线下直营店,2,1075.38,0.0,否
ORD2024102809203,2024-10-28,P0176,西北,线上官网,1,254.73,0.06,否
ORD2024042603533,2024-04-26,P0300,华南,线下经销商,4,75.16,0.0,否
ORD2024091507927,2024-09-15,P0240,西南,线上第三方,1,1069.78,0.0,否
ORD2024080206614,2024-08-02,P0103,华东,线上官网,1,4560.65,0.0,是
ORD2024091607949,2024-09-16,P0324,西南,线下直营店,4,115.02,0.0,否
ORD2024101908948,2024-10-19,P0268,华中,线上第三方,1,75.04,0.0,否
ORD2024111609975,2024-11-16,P0181,华东,线上官网,2,2081.0,0.0,否
ORD2024111109672,2024-11-11,P0451,华北,线下直营店,16,350.42,0.09,否
ORD2024112810325,2024-11-28,P0410,华中,线上第三方,1,889.42,0.0,否
ORD2024051204044,2024-05-12,P0114,西北,线上官网,2,3045.89,0.09,否
ORD2024071105968,2024-07-11,P0404,华中,线下经销商,1,120.39,0.26,否
ORD2024092308182,2024-09-23,P0143,东北,线下直营店,4,824.63,0.2,否
ORD2024011100316,2024-01-11,P0204,华中,线上官网,3,217.15,0.0,否
ORD2024091507921,2024-09-15,P0451,华中,线下直营店,1,354.85,0.0,否
ORD2024071506081,2024-07-15,P0400,华中,线上官网,4,1345.41,0.0,否
ORD2024081406965,2024-08-14,P0167,西南,线下直营店,4,813.69,0.08,否
ORD2024101608857,2024-10-16,P0178,华中,线上官网,1,1017.51,0.0,否
ORD2024100308490,2024-10-03,P0313,西南,企业团购,4,93.95,0.0,否
ORD2024111109808,2024-11-11,P0112,华北,线上官网,32,4848.63,0.07,否
ORD2024111810043,2024-11-18,P0470,华东,企业团购,1,179.49,0.0,否
ORD2024102108998,2024-10-21,P0391,华东,线上第三方,3,953.78,0.0,否
ORD2024032202496,2024-03-22,P0230,西北,线上第三方,5,1096.96,0.0,否
ORD2024070705859,2024-07-07,P0376,西北,线上第三方,2,1337.15,0.0,否
ORD2024103009253,2024-10-30,P0143,华北,线上第三方,1,757.77,0.0,否
ORD2024042903636,2024-04-29,P0109,华北,线下经销商,6,3956.31,0.22,否
ORD2024112110119,2024-11-21,P0186,西北,线下直营店,1,510.69,0.0,否
ORD2024020501072,2024-02-05,P0030,华中,线上官网,3,3961.08,0.0,否
ORD2024071206014,2024-07-12,P0445,华南,线下经销商,3,822.53,0.0,否
ORD2024022501684,2024-02-25,P0427,华东,线下直营店,3,749.75,0.0,否
ORD2024061304996,2024-06-13,P0111,西北,线上第三方,2,142.65,0.0,否
ORD2024090507634,2024-09-05,P0064,西北,企业团购,1,238.06,0.0,否
ORD2024050103686,2024-05-01,P0338,华北,线下直营店,4,48.58,0.0,否
ORD2024051404090,2024-05-14,P0111,华北,企业团购,1,142.61,0.0,否
ORD2024091307875,2024-09-13,P0500,华南,线上第三方,1,778.28,0.0,是
ORD2024092108127,2024-09-21,P0412,华南,线上第三方,1,1010.29,0.0,否
ORD2024090707689,2024-09-07,P0414,华北,线下直营店,1,370.3,0.12,否
ORD2024091307866,2024-09-13,P0243,西北,线上官网,4,638.0,0.0,否
ORD2024071706149,2024-07-17,P0213,华东,线下直营店,2,786.81,0.25,否
ORD2024041103080,2024-04-11,P0057,华北,线下经销商,6,4179.64,0.0,否
ORD2024061505158,2024-06-15,P0412,西南,线上第三方,10,1028.79,0.0,否
ORD2024092008082,2024-09-20,P0476,华南,线上官网,1,1510.59,0.0,否
ORD2024091607964,2024-09-16,P0320,华北,企业团购,1,108.73,0.2,否
ORD2024070205712,2024-07-02,P0127,华北,企业团购,3,3309.15,0.0,否
ORD2024072606399,2024-07-26,P0297,华中,线上官网,1,122.99,0.0,否
ORD2024012400714,2024-01-24,P0376,华北,线上官网,4,1387.79,0.06,否
ORD2024060404721,2024-06-04,P0238,西北,线上第三方,1,588.91,0.0,否
ORD2024013100938,2024-01-31,P0406,华东,企业团购,5,1408.23,0.0,否
ORD2024070205690,2024-07-02,P0437,东北,线上第三方,4,1274.21,0.12,否
ORD2024020601088,2024-02-06,P0311,华东,企业团购,5,70.23,0.0,否
ORD2024032502577,2024-03-25,P0135,华北,线下直营店,4,2072.96,0.0,否
ORD2024092008084,2024-09-20,P0409,华南,线下直营店,3,1378.82,0.0,否
ORD2024110609486,2024-11-06,P0446,西南,企业团购,1,426.38,0.0,否
ORD2024021901492,2024-02-19,P0192,华东,线上第三方,2,1105.32,0.0,否
ORD2024062005322,2024-06-20,P0120,华北,线下直营店,3,911.55,0.0,否
ORD2024051304068,2024-05-13,P0487,华南,线下直营店,1,1587.22,0.09,否
ORD2024032002418,2024-03-20,P0164,东北,线下直营店,5,370.85,0.0,否
ORD2024013000882,2024-01-30,P0041,华北,线上官网,3,753.35,0.0,否
ORD2024041103062,2024-04-11,P0265,西北,企业团购,2,99.01,0.26,否
ORD2024031802358,2024-03-18,P0397,华东,线下直营店,5,809.71,0.0,否
ORD2024050103695,2024-05-01,P0338,华南,企业团购,4,46.35,0.0,否
ORD2024081006859,2024-08-10,P0205,西南,线上第三方,2,367.17,0.29,否
ORD2024100508546,2024-10-05,P0313,华北,企业团购,1,87.88,0.0,否
ORD2024031702326,2024-03-17,P0260,华东,线下经销商,1,63.65,0.0,否
ORD2024061805274,2024-06-18,P0093,华东,线上第三方,5,4953.2,0.0,否
ORD2024081707056,2024-08-17,P0416,西北,线下直营店,2,918.34,0.06,否
ORD2024052804514,2024-05-28,P0394,西南,企业团购,3,1378.54,0.0,否
ORD2024111109621,2024-11-11,P0181,华南,线上第三方,32,2083.76,0.0,否
ORD2024032902686,2024-03-29,P0291,东北,线下经销商,4,35.0,0.13,否
ORD2024111710000,2024-11-17,P0165,华中,线上官网,1,870.55,0.0,否
ORD2024070905895,2024-07-09,P0301,华东,线下经销商,1,149.69,0.08,否
ORD2024011800533,2024-01-18,P0119,华东,线上第三方,3,4940.03,0.0,否
ORD2024050803903,2024-05-08,P0297,华中,线上官网,4,121.4,0.0,否
ORD2024111710010,2024-11-17,P0295,西南,企业团购,1,118.42,0.0,否
ORD2024032702629,2024-03-27,P0042,华南,线上第三方,3,4105.34,0.0,否
ORD2024062805577,2024-06-28,P0001,东北,线下直营店,4,560.3,0.0,否
ORD2024022901804,2024-02-29,P0030,华东,线上官网,5,3673.35,0.13,否
ORD2024112910368,2024-11-29,P0156,华中,线上第三方,1,979.93,0.0,否
ORD2024040602953,2024-04-06,P0436,华北,线上第三方,3,1205.62,0.25,否
ORD2024103109303,2024-10-31,P0144,西南,线下直营店,1,1264.62,0.0,否
ORD2024042003370,2024-04-20,P0143,西北,线下经销商,2,786.11,0.0,否
ORD2024020901181,2024-02-09,P0420,华南,线上第三方,2,1194.48,0.0,否
ORD2024061405012,2024-06-14,P0408,东北,线上第三方,5,187.29,0.0,否
ORD2024041503195,2024-04-15,P0022,华东,线上官网,4,4451.22,0.17,否
ORD2024110109331,2024-11-01,P0222,西北,企业团购,2,338.75,0.28,否
ORD2024081607037,2024-08-16,P0468,西北,线上官网,1,359.71,0.0,否
ORD2024020100959,2024-02-01,P0376,西北,线上第三方,2,1294.88,0.16,否
ORD2024061505062,2024-06-15,P0054,华中,企业团购,10,4765.19,0.0,否
ORD2024071906210,2024-07-19,P0421,西南,企业团购,4,296.85,0.0,是
ORD2024012500734,2024-01-25,P0495,西南,线上第三方,2,1322.96,0.0,否
ORD2024112010112,2024-11-20,P0263,西北,线下直营店,4,120.38,0.28,是
ORD2024020901189,2024-02-09,P0245,华东,线上第三方,5,2957.3,0.0,否
ORD2024092908337,2024-09-29,P0075,华东,线下经销商,1,5215.33,0.0,否
ORD2024033102752,2024-03-31,P0457,华中,线下直营店,2,723.58,0.0,否
ORD2024052504413,2024-05-25,P0250,东北,线下经销商,2,84.82,0.0,否
ORD2024051103996,2024-05-11,P0165,华中,线上官网,2,898.15,0.0,否
ORD2024072106249,2024-07-21,P0246,华东,企业团购,2,60.77,0.0,否
ORD2024101208744,2024-10-12,P0390,华南,线下直营店,2,1145.79,0.0,否
ORD2024082807385,2024-08-28,P0030,华中,企业团购,1,3817.28,0.0,否
ORD2024031402255,2024-03-14,P0402,华东,线上官网,5,627.79,0.0,否
ORD2024102709171,2024-10-27,P0469,华南,线下直营店,1,321.21,0.0,否
ORD2024042303448,2024-04-23,P0134,西南,线上第三方,6,70.47,0.0,否
ORD2024083007458,2024-08-30,P0452,华南,线下经销商,2,89.96,0.08,否
ORD2024083107476,2024-08-31,P0012,西南,线下经销商,1,1133.87,0.0,否
ORD2024011900543,2024-01-19,P0374,西南,线上第三方,2,736.42,0.13,否
ORD2024021001211,2024-02-10,P0352,西南,线下经销商,1,101.59,0.0,否
ORD2024072606395,2024-07-26,P0041,华中,线下经销商,4,717.25,0.0,否
ORD2024061805263,2024-06-18,P0253,东北,线上第三方,4,155.12,0.0,否
ORD2024010500124,2024-01-05,P0321,华南,线下经销商,4,132.28,0.06,否
ORD2024082507303,2024-08-25,P0392,华东,线下经销商,1,273.69,0.23,否
ORD2024061505138,2024-06-15,P0324,华南,线下直营店,5,116.93,0.17,否
ORD2024102709178,2024-10-27,P0383,西南,线上第三方,2,33.4,0.0,否
ORD2024090407597,2024-09-04,P0353,西南,线上第三方,1,26.48,0.0,否
ORD2024022701767,2024-02-27,P0239,西南,线上官网,3,2027.11,0.0,是
ORD2024050503795,2024-05-05,P0188,华南,线上第三方,2,1167.83,0.0,否
ORD2024022301627,2024-02-23,P0182,东北,线下经销商,2,1094.39,0.0,否
ORD2024022601731,2024-02-26,P0487,华中,企业团购,5,1503.02,0.0,否
ORD2024051103995,2024-05-11,P0021,华北,线上第三方,2,2149.46,0.0,否
ORD2024051404082,2024-05-14,P0443,华东,线下直营店,5,820.22,0.0,否
ORD2024091507932,2024-09-15,P0307,东北,线下直营店,1,66.53,0.0,否
ORD2024101308775,2024-10-13,P0350,华北,线上官网,1,94.48,0.0,否
ORD2024110609460,2024-11-06,P0362,华北,线下直营店,3,1197.32,0.0,否
ORD2024080706760,2024-08-07,P0400,华南,线上官网,1,1283.47,0.0,否
ORD2024081006835,2024-08-10,P0118,西北,线下直营店,2,3310.67,0.0,否
ORD2024083007442,2024-08-30,P0277,华北,线下直营店,1,115.82,0.0,否
ORD2024120610559,2024-12-06,P0124,华南,线下直营店,1,1018.52,0.0,否
ORD2024111109756,2024-11-11,P0443,华北,线下经销商,8,809.15,0.0,是
ORD2024090307579,2024-09-03,P0460,西北,线下经销商,1,541.04,0.0,否
ORD2024030902089,2024-03-09,P0187,华东,企业团购,1,2757.61,0.12,否
ORD2024041903316,2024-04-19,P0077,东北,线上官网,2,2674.24,0.0,否
ORD2024113010393,2024-11-30,P0266,华北,线上官网,1,36.49,0.26,否
ORD2024011100296,2024-01-11,P0196,华南,线下直营店,4,448.25,0.0,否
ORD2024032602616,2024-03-26,P0352,华南,线上官网,4,105.79,0.08,否
ORD2024100408498,2024-10-04,P0398,东北,线上第三方,2,1339.63,0.0,否
ORD2024092008090,2024-09-20,P0158,东北,线下经销商,4,2381.23,0.0,否
ORD2024122511136,2024-12-25,P0156,东北,线上官网,4,1015.78,0.0,否
ORD2024092508230,2024-09-25,P0015,华中,线上官网,3,3893.02,0.0,否
ORD2024011000287,2024-01-10,P0478,东北,线上官网,3,1103.95,0.0,否
ORD2024010800211,2024-01-08,P0299,华南,线下经销商,5,113.09,0.0,否
ORD2024111009579,2024-11-10,P0139,东北,企业团购,1,281.96,0.0,否
ORD2024060904868,2024-06-09,P0319,西北,线上第三方,1,194.42,0.0,否
ORD2024021201285,2024-02-12,P0059,华东,线下经销商,5,3766.85,0.0,否
ORD2024100508538,2024-10-05,P0108,华东,线下经销商,1,1400.09,0.0,否
ORD2024081006854,2024-08-10,P0204,华东,线上官网,1,228.06,0.25,否
ORD2024062505497,2024-06-25,P0243,西南,线上官网,5,659.62,0.0,否
ORD2024121710891,2024-12-17,P0025,西北,线上第三方,1,3535.58,0.0,否
ORD2024081306933,2024-08-13,P0205,东北,企业团购,4,376.18,0.18,是
ORD2024103009268,2024-10-30,P0332,东北,线下经销商,4,103.42,0.18,否
ORD2024121910951,2024-12-19,P0389,东北,线上官网,1,724.2,0.05,否
ORD2024080806796,2024-08-08,P0399,西南,企业团购,1,794.37,0.0,否
ORD2024101808909,2024-10-18,P0099,西南,线下直营店,1,2177.83,0.0,否
ORD2024011900550,2024-01-19,P0205,华东,企业团购,2,341.95,0.0,否
ORD2024041603245,2024-04-16,P0366,华南,线上官网,4,997.39,0.0,否
ORD2024092208152,2024-09-22,P0015,西北,线上第三方,1,3894.49,0.0,否
ORD2024012300677,2024-01-23,P0012,西南,线上官网,1,1162.56,0.0,否
ORD2024080806792,2024-08-08,P0335,华北,线下经销商,2,34.78,0.21,否
ORD2024082007174,2024-08-20,P0076,华东,线上官网,2,3153.41,0.16,否
ORD2024100308467,2024-10-03,P0238,华中,线上第三方,4,577.4,0.14,否
ORD2024041403185,2024-04-14,P0316,西南,企业团购,2,50.25,0.0,否
ORD2024040302827,2024-04-03,P0254,华东,线下经销商,4,27.85,0.0,否
ORD2024080206606,2024-08-02,P0463,华东,企业团购,4,476.01,0.0,否
ORD2024112810327,2024-11-28,P0050,华中,线上第三方,1,2067.85,0.0,否
ORD2024110409417,2024-11-04,P0100,西北,线上官网,3,2122.67,0.0,是
ORD2024112610279,2024-11-26,P0218,东北,线上官网,1,371.68,0.0,否
ORD2024041403188,2024-04-14,P0456,西北,线下经销商,3,634.86,0.0,否
ORD2024120910655,2024-12-09,P0116,华北,线下经销商,3,3441.41,0.0,否
ORD2024061505182,2024-06-15,P0227,西南,线上官网,5,992.62,0.0,否
ORD2024122010973,2024-12-20,P0062,西北,企业团购,1,679.02,0.0,否
ORD2024073006511,2024-07-30,P0406,西南,企业团购,3,1372.86,0.0,否
ORD2024073106538,2024-07-31,P0118,西南,线上第三方,1,3213.48,0.16,否
ORD2024090207541,2024-09-02,P0498,华东,线下经销商,1,1618.42,0.0,否
ORD2024101408820,2024-10-14,P0339,华南,企业团购,2,136.37,0.11,否
ORD2024111109626,2024-11-11,P0418,华南,线下经销商,32,119.24,0.0,否
ORD2024032302508,2024-03-23,P0235,华北,线上第三方,1,2515.93,0.0,否
ORD2024040903018,2024-04-09,P0266,华东,线上第三方,4,37.73,0.0,否
ORD2024021701433,2024-02-17,P0274,西北,线下经销商,3,23.17,0.0,否
ORD2024092808327,2024-09-28,P0019,西南,企业团购,1,2143.57,0.0,否
ORD2024032902679,2024-03-29,P0202,华北,线上官网,2,1202.18,0.23,否
ORD2024102409069,2024-10-24,P0486,华北,线上第三方,4,652.98,0.11,否
ORD2024040702961,2024-04-07,P0479,西北,线下直营店,2,1708.04,0.0,否
ORD2024121810930,2024-12-18,P0089,西北,线上第三方,1,3534.29,0.0,否
ORD2024032402535,2024-03-24,P0235,西南,线下直营店,2,2515.39,0.0,否
ORD2024072006222,2024-07-20,P0209,华南,线上官网,2,1238.3,0.0,否
ORD2024071005943,2024-07-10,P0059,西南,线上官网,3,3778.1,0.0,否
ORD2024111409940,2024-11-14,P0108,华东,企业团购,2,1350.9,0.0,否
ORD2024050803892,2024-05-08,P0332,东北,线上官网,2,104.77,0.0,否
ORD2024081006856,2024-08-10,P0359,华中,线上官网,1,984.08,0.0,否
ORD2024061805258,2024-06-18,P0492,华南,企业团购,1,165.2,0.0,否
ORD2024021101262,2024-02-11,P0146,华东,线上第三方,2,847.47,0.0,否
ORD2024112710319,2024-11-27,P0278,西南,线上第三方,1,156.47,0.28,否
ORD2024121910948,2024-12-19,P0064,西南,企业团购,1,234.28,0.0,否
ORD2024021301304,2024-02-13,P0498,东北,线上官网,5,1632.13,0.0,否
ORD2024121910963,2024-12-19,P0310,华中,线上官网,3,124.77,0.0,否
ORD2024123011278,2024-12-30,P0326,华东,线下直营店,3,156.5,0.0,否
ORD2024031902406,2024-03-19,P0158,华东,线下经销商,5,2496.03,0.0,否
ORD2024091808026,2024-09-18,P0017,西北,线下直营店,3,1923.0,0.13,否
ORD2024030101840,2024-03-01,P0487,华南,线下经销商,1,1477.82,0.0,否
ORD2024121410811,2024-12-14,P0354,华南,线上第三方,2,79.0,0.2,否
ORD2024103009273,2024-10-30,P0129,西南,线上第三方,1,1017.54,0.0,否
ORD2024121410804,2024-12-14,P0423,华南,线下直营店,2,658.75,0.0,否
ORD2024120310469,2024-12-03,P0391,华北,线下经销商,1,911.83,0.08,否
ORD2024031802361,2024-03-18,P0073,华东,线上官网,4,1830.26,0.0,否
ORD2024082607321,2024-08-26,P0328,华东,线上官网,3,17.46,0.22,否
ORD2024052304367,2024-05-23,P0498,华中,线上官网,1,1529.67,0.27,否
ORD2024060504756,2024-06-05,P0212,华北,线上官网,1,724.38,0.0,否
ORD2024032702632,2024-03-27,P0319,华中,线上官网,1,180.75,0.0,否
ORD2024122211072,2024-12-22,P0135,华北,线上官网,2,2193.78,0.0,否
ORD2024122411114,2024-12-24,P0481,华北,企业团购,1,1588.79,0.0,否
ORD2024090407587,2024-09-04,P0334,西北,线上官网,4,61.39,0.0,否
ORD2024100808644,2024-10-08,P0117,西北,线上官网,2,3940.67,0.0,否
ORD2024052304354,2024-05-23,P0472,华北,线上第三方,2,720.57,0.0,否
ORD2024011600468,2024-01-16,P0051,华中,线下经销商,3,3001.98,0.0,否
ORD2024092308166,2024-09-23,P0173,东北,线下直营店,3,2023.22,0.11,否
ORD2024022601719,2024-02-26,P0477,华北,线上官网,2,1900.68,0.0,否
ORD2024062505504,2024-06-25,P0211,西南,线下直营店,1,622.54,0.0,否
ORD2024090207529,2024-09-02,P0167,东北,线上官网,4,845.82,0.0,否
ORD2024031102158,2024-03-11,P0165,华中,线下直营店,2,924.98,0.0,否
ORD2024110809533,2024-11-08,P0023,华南,线上第三方,3,3726.94,0.23,否
ORD2024010400107,2024-01-04,P0126,西北,线上官网,5,491.3,0.0,否
ORD2024111109781,2024-11-11,P0246,华南,线上官网,8,63.19,0.0,否
ORD2024071606121,2024-07-16,P0012,华中,线下经销商,3,1176.54,0.0,否
ORD2024012000591,2024-01-20,P0268,华南,线下经销商,1,74.77,0.0,是
ORD2024072106244,2024-07-21,P0363,西南,线上第三方,1,1319.83,0.0,否
ORD2024120810611,2024-12-08,P0343,华东,线下直营店,1,77.97,0.0,否
ORD2024111109668,2024-11-11,P0470,华东,线上第三方,32,182.54,0.0,否
ORD2024022401651,2024-02-24,P0431,华北,企业团购,1,555.16,0.0,否
ORD2024050903942,2024-05-09,P0319,华东,线上第三方,2,191.84,0.17,否
ORD2024050403788,2024-05-04,P0045,华中,线上第三方,1,2075.57,0.11,否
ORD2024122411115,2024-12-24,P0169,华南,线上官网,3,1468.35,0.06,否
ORD2024071105962,2024-07-11,P0208,华北,线上第三方,1,2035.24,0.0,否
ORD2024021801460,2024-02-18,P0138,西北,线下直营店,1,235.53,0.0,否
ORD2024012700800,2024-01-27,P0144,华东,线下直营店,1,1293.54,0.0,否
ORD2024111009588,2024-11-10,P0435,东北,线下经销商,2,419.45,0.22,否
ORD2024122010980,2024-12-20,P0229,西南,企业团购,3,220.02,0.0,否
ORD2024022901826,2024-02-29,P0241,西北,线上官网,2,2836.16,0.0,否
ORD2024033102754,2024-03-31,P0137,西北,线上第三方,3,731.74,0.0,否
ORD2024041903334,2024-04-19,P0351,西南,企业团购,1,77.27,0.23,否
ORD2024070205688,2024-07-02,P0442,华东,线上第三方,5,1036.88,0.0,否
ORD2024062905609,2024-06-29,P0334,西北,线下直营店,1,61.0,0.0,否
ORD2024042603521,2024-04-26,P0412,东北,线上第三方,1,1019.85,0.08,否
ORD2024111509947,2024-11-15,P0162,华中,线上第三方,4,1760.93,0.0,否
ORD2024111710004,2024-11-17,P0132,华南,线上第三方,1,1591.8,0.0,否
ORD2024031702343,2024-03-17,P0423,西北,企业团购,1,638.11,0.0,否
ORD2024041803306,2024-04-18,P0366,华中,线下经销商,6,1017.3,0.0,否
ORD2024111409936,2024-11-14,P0332,华中,线上官网,3,102.01,0.09,否
ORD2024102008963,2024-10-20,P0497,东北,线上官网,1,456.19,0.0,否
ORD2024051504129,2024-05-15,P0278,西南,线上第三方,2,157.24,0.16,否
ORD2024041303144,2024-04-13,P0086,华中,企业团购,1,2504.79,0.0,否
ORD2024120410516,2024-12-04,P0089,华中,线下直营店,1,3636.74,0.0,否
ORD2024052004258,2024-05-20,P0104,西北,线下经销商,2,1630.08,0.0,否
ORD2024062305420,2024-06-23,P0182,西北,线下经销商,1,1177.21,0.0,否
ORD2024111109712,2024-11-11,P0191,东北,线下直营店,24,1421.67,0.0,否
ORD2024091307862,2024-09-13,P0271,西北,线下直营店,4,34.16,0.0,否
ORD2024112010110,2024-11-20,P0499,华南,线上官网,1,544.62,0.19,否
ORD2024050103680,2024-05-01,P0376,西北,线上官网,4,1288.58,0.0,否
ORD2024010100030,2024-01-01,P0180,西北,线上第三方,3,1288.04,0.0,否
ORD2024053104601,2024-05-31,P0071,华东,线上第三方,3,4340.27,0.0,否
ORD2024080206622,2024-08-02,P0109,华东,线上官网,1,3816.64,0.0,否
ORD2024062605516,2024-06-26,P0442,西北,线下经销商,1,977.25,0.0,否
ORD2024102909230,2024-10-29,P0049,华南,线下经销商,4,4544.16,0.0,否
ORD2024041103083,2024-04-11,P0472,东北,线上第三方,3,709.46,0.0,否
ORD2024011600466,2024-01-16,P0223,东北,线下经销商,3,499.46,0.0,否
ORD2024101608861,2024-10-16,P0109,华东,线下直营店,3,3813.12,0.0,是
ORD2024092408206,2024-09-24,P0108,华北,线下直营店,4,1457.61,0.26,否
ORD2024022201598,2024-02-22,P0213,华北,线下经销商,4,756.51,0.0,否
ORD2024012000569,2024-01-20,P0431,华东,线上官网,3,562.1,0.0,否
ORD2024101208757,2024-10-12,P0239,西北,线上第三方,2,1885.8,0.0,否
ORD2024092808328,2024-09-28,P0283,西南,线下直营店,2,201.53,0.0,否
ORD2024083107470,2024-08-31,P0153,华中,企业团购,1,1656.33,0.0,否
ORD2024122611178,2024-12-26,P0389,西南,线下经销商,3,725.1,0.17,否
ORD2024021101246,2024-02-11,P0122,西北,线上第三方,1,4042.24,0.0,是
ORD2024010800218,2024-01-08,P0286,东北,企业团购,4,142.79,0.09,否
ORD2024100908656,2024-10-09,P0249,东北,线下直营店,1,20.97,0.0,否
ORD2024021801459,2024-02-18,P0013,华中,线上官网,3,2990.93,0.0,否
ORD2024051904251,2024-05-19,P0211,华南,线上官网,2,639.82,0.0,否
ORD2024011100317,2024-01-11,P0156,华东,线上第三方,5,985.19,0.26,否
ORD2024010400109,2024-01-04,P0165,华南,线上官网,4,853.64,0.0,否
ORD2024112710323,2024-11-27,P0298,西北,线上官网,3,114.61,0.0,否
ORD2024081106889,2024-08-11,P0202,西南,企业团购,1,1197.52,0.16,否
ORD2024100808630,2024-10-08,P0265,东北,线下直营店,1,96.6,0.0,否
ORD2024042003350,2024-04-20,P0261,西南,线上官网,1,94.65,0.16,否
ORD2024041503207,2024-04-15,P0452,华南,线上官网,2,93.17,0.21,否
ORD2024071105970,2024-07-11,P0250,华北,线上第三方,1,83.82,0.0,否
ORD2024080206621,2024-08-02,P0115,华中,线下经销商,3,3762.45,0.0,否
ORD2024080606714,2024-08-06,P0337,西北,线下经销商,2,11.21,0.0,否
ORD2024072906500,2024-07-29,P0280,华北,企业团购,4,81.48,0.13,否
ORD2024030401942,2024-03-04,P0054,东北,线下直营店,1,4997.35,0.0,否
ORD2024103109296,2024-10-31,P0298,华东,企业团购,1,106.74,0.0,否
ORD2024020601091,2024-02-06,P0186,华中,线下经销商,1,484.04,0.0,否
ORD2024091808023,2024-09-18,P0047,华南,线上官网,4,1544.01,0.22,否
ORD2024060304696,2024-06-03,P0258,华中,线上第三方,4,139.56,0.0,否
ORD2024060404719,2024-06-04,P0491,华北,线上官网,5,974.17,0.0,否
ORD2024101508825,2024-10-15,P0500,华南,线下经销商,1,733.45,0.09,否
ORD2024082407289,2024-08-24,P0332,华中,企业团购,1,102.26,0.0,否
ORD2024050903932,2024-05-09,P0395,华东,线上第三方,1,1076.61,0.0,否
ORD2024031102155,2024-03-11,P0472,东北,企业团购,2,690.67,0.2,否
ORD2024033102755,2024-03-31,P0216,华中,线上官网,2,1606.59,0.23,否
ORD2024081506993,2024-08-15,P0435,华东,企业团购,4,402.59,0.11,否
ORD2024052204343,2024-05-22,P0072,华南,线下直营店,1,4058.95,0.0,否
ORD2024100408518,2024-10-04,P0393,华中,线上官网,3,1105.69,0.0,否
ORD2024091407909,2024-09-14,P0094,东北,线下经销商,2,3830.73,0.0,是
ORD2024032702630,2024-03-27,P0328,华南,企业团购,3,19.04,0.0,否
ORD2024082207229,2024-08-22,P0221,华南,线下直营店,2,1988.72,0.0,否
ORD2024111309903,2024-11-13,P0473,西北,线上官网,1,1752.26,0.0,否
ORD2024081506998,2024-08-15,P0439,华北,线下经销商,3,1255.95,0.0,否
ORD2024091908043,2024-09-19,P0301,华北,线下经销商,2,153.75,0.08,否
ORD2024121710884,2024-12-17,P0267,东北,线下经销商,3,132.79,0.14,否
ORD2024020100974,2024-02-01,P0118,西南,线下直营店,3,3184.29,0.0,否
ORD2024122211063,2024-12-22,P0021,西南,企业团购,2,2166.76,0.0,否
ORD2024051804217,2024-05-18,P0037,华北,线上第三方,2,2942.4,0.0,否
ORD2024071105957,2024-07-11,P0256,华东,线下经销商,5,45.93,0.0,否
ORD2024061204976,2024-06-12,P0005,华中,线上官网,1,4039.84,0.05,否
ORD2024101608849,2024-10-16,P0223,华东,线上第三方,1,485.63,0.0,否
ORD2024062505490,2024-06-25,P0040,华北,企业团购,4,1693.53,0.17,否
ORD2024021701455,2024-02-17,P0196,华中,线下经销商,2,458.7,0.0,否
ORD2024102109005,2024-10-21,P0331,西南,线下直营店,1,41.44,0.0,否
ORD2024111109723,2024-11-11,P0001,华东,线下直营店,8,600.95,0.0,否
ORD2024072906497,2024-07-29,P0138,西北,线下经销商,2,250.13,0.0,否
ORD2024082107195,2024-08-21,P0183,东北,线下直营店,4,549.53,0.16,否
ORD2024061805266,2024-06-18,P0106,华东,线下直营店,2,3246.41,0.15,否
ORD2024021501375,2024-02-15,P0014,西南,线上第三方,3,5101.15,0.0,否
ORD2024080406663,2024-08-04,P0218,华中,线下经销商,1,390.58,0.12,否
ORD2024012000577,2024-01-20,P0479,西南,线上官网,1,1667.05,0.0,否
ORD2024121210741,2024-12-12,P0308,华东,线上官网,1,184.15,0.0,否
ORD2024102909232,2024-10-29,P0336,西南,线下直营店,4,195.73,0.0,否
ORD2024111109617,2024-11-11,P0296,华南,线上官网,24,134.88,0.0,否
ORD2024050103699,2024-05-01,P0098,西北,线下直营店,1,431.46,0.0,否
ORD2024111009578,2024-11-10,P0117,西南,企业团购,1,3952.67,0.06,否
ORD2024011500411,2024-01-15,P0023,华东,线上第三方,4,3674.78,0.0,否
ORD2024021301321,2024-02-13,P0476,东北,线上官网,3,1552.66,0.0,否
ORD2024012700778,2024-01-27,P0045,华中,企业团购,1,1986.75,0.0,否
ORD2024071205995,2024-07-12,P0484,华东,线下直营店,3,238.12,0.0,否
ORD2024071105982,2024-07-11,P0402,西南,企业团购,1,603.22,0.0,否
ORD2024111509965,2024-11-15,P0289,西北,线下直营店,1,82.95,0.0,否
ORD2024010100011,2024-01-01,P0321,东北,线上官网,3,135.4,0.12,否
ORD2024120110410,2024-12-01,P0487,西南,线上第三方,1,1580.97,0.0,否
ORD2024100208452,2024-10-02,P0102,西北,线上官网,1,4188.43,0.0,否
ORD2024061605215,2024-06-16,P0284,东北,线下直营店,3,80.41,0.0,否
ORD2024102709166,2024-10-27,P0185,华北,线上官网,1,836.43,0.21,否
ORD2024021001218,2024-02-10,P0426,华中,线上第三方,1,128.07,0.0,否
ORD2024120310477,2024-12-03,P0130,西北,线上第三方,1,763.83,0.18,否
ORD2024080906806,2024-08-09,P0422,西南,线下经销商,1,1103.85,0.0,否
ORD2024012500719,2024-01-25,P0389,华东,线下经销商,4,663.03,0.0,否
ORD2024102008987,2024-10-20,P0184,华中,线上第三方,1,729.35,0.24,否
ORD2024090707708,2024-09-07,P0187,华南,线下经销商,1,2755.42,0.0,否
ORD2024041603248,2024-04-16,P0118,华北,企业团购,3,3257.02,0.08,否
ORD2024062005350,2024-06-20,P0461,华南,线下直营店,2,149.49,0.0,否
ORD2024112510252,2024-11-25,P0497,东北,企业团购,3,474.34,0.0,否
ORD2024012500737,2024-01-25,P0134,华北,线上官网,3,69.96,0.0,否
ORD2024012500736,2024-01-25,P0239,东北,线上官网,1,2017.62,0.0,否
ORD2024112010088,2024-11-20,P0278,东北,线上第三方,3,150.53,0.0,否
ORD2024102509097,2024-10-25,P0011,东北,线下经销商,1,2083.16,0.0,否
ORD2024072106272,2024-07-21,P0440,西北,线上官网,1,1356.26,0.0,否
ORD2024030201884,2024-03-02,P0248,华南,线下经销商,1,17.46,0.0,否
ORD2024010300093,2024-01-03,P0420,华中,线下经销商,1,1120.08,0.0,否
ORD2024102209038,2024-10-22,P0093,华东,线下经销商,3,5086.31,0.0,否
ORD2024050403783,2024-05-04,P0349,华东,线上官网,1,162.3,0.0,否
ORD2024021801471,2024-02-18,P0090,华南,线上第三方,3,80.88,0.17,否
ORD2024013000910,2024-01-30,P0262,华东,线上第三方,2,180.86,0.21,否
ORD2024050903922,2024-05-09,P0484,华东,企业团购,3,237.4,0.0,否
ORD2024060704808,2024-06-07,P0068,华中,线下经销商,3,5038.12,0.0,否
ORD2024041903345,2024-04-19,P0132,华中,线下经销商,6,1551.04,0.13,否
ORD2024021401352,2024-02-14,P0127,华中,线下经销商,2,3281.85,0.0,否
ORD2024011700497,2024-01-17,P0093,东北,线上第三方,1,5326.45,0.17,否
ORD2024100908659,2024-10-09,P0284,西南,线下直营店,3,87.6,0.29,否
ORD2024062905614,2024-06-29,P0201,东北,线上第三方,3,1626.18,0.0,否
ORD2024010300074,2024-01-03,P0130,东北,企业团购,5,801.28,0.15,否
ORD2024111509948,2024-11-15,P0404,西南,企业团购,2,118.14,0.18,否
ORD2024072906502,2024-07-29,P0137,华中,线上第三方,4,751.82,0.0,否
ORD2024122411111,2024-12-24,P0243,华中,线上官网,2,648.49,0.0,否
ORD2024040502907,2024-04-05,P0235,西北,线上第三方,6,2603.9,0.0,否
ORD2024020901207,2024-02-09,P0359,华中,线下经销商,1,1003.09,0.0,否
ORD2024121510837,2024-12-15,P0035,东北,线下经销商,1,3279.71,0.24,否
ORD2024020801176,2024-02-08,P0393,西南,线上官网,1,1099.7,0.26,否
ORD2024102909243,2024-10-29,P0189,西南,线下直营店,4,867.11,0.0,否
ORD2024081306930,2024-08-13,P0313,西南,企业团购,1,91.77,0.15,否
ORD2024100108395,2024-10-01,P0410,华北,企业团购,3,856.91,0.0,否
ORD2024020901196,2024-02-09,P0496,华北,线下直营店,5,1205.9,0.0,否
ORD2024052704476,2024-05-27,P0286,西北,线上官网,3,144.53,0.0,否
ORD2024082907429,2024-08-29,P0458,西南,线下经销商,3,135.67,0.0,否
ORD2024101708880,2024-10-17,P0073,华东,线上第三方,2,1807.31,0.14,否
ORD2024120910668,2024-12-09,P0431,西南,线上官网,2,536.49,0.0,否
ORD2024021501369,2024-02-15,P0182,西南,线下直营店,2,1091.64,0.0,否
ORD2024050103679,2024-05-01,P0142,华北,线上第三方,3,1934.67,0.26,否
ORD2024021501370,2024-02-15,P0135,西北,企业团购,1,2118.04,0.13,否
ORD2024073006513,2024-07-30,P0420,华北,线下经销商,2,1135.69,0.19,否
ORD2024112710304,2024-11-27,P0405,东北,企业团购,4,1219.82,0.0,否
ORD2024070305717,2024-07-03,P0466,华北,线上官网,4,969.11,0.0,否
ORD2024011100289,2024-01-11,P0205,西南,企业团购,1,347.49,0.0,否
ORD2024060204657,2024-06-02,P0311,西南,企业团购,1,66.1,0.07,否
ORD2024092408201,2024-09-24,P0025,西南,企业团购,1,3593.99,0.0,否
ORD2024061204960,2024-06-12,P0312,西北,线下直营店,3,97.29,0.0,否
ORD2024042503493,2024-04-25,P0323,西北,线上官网,6,188.18,0.0,否
ORD2024040602928,2024-04-06,P0305,华北,线下直营店,2,62.64,0.0,是
ORD2024083007454,2024-08-30,P0110,西北,线上官网,3,3827.6,0.0,否
ORD2024081807094,2024-08-18,P0263,西南,线下直营店,2,119.46,0.25,否
ORD2024110509422,2024-11-05,P0163,西南,线上官网,1,1301.53,0.0,否
ORD2024032602593,2024-03-26,P0137,华北,企业团购,2,738.76,0.0,是
ORD2024011400389,2024-01-14,P0134,华中,线下经销商,3,69.61,0.0,否
ORD2024012800837,2024-01-28,P0412,华东,线下直营店,1,1027.55,0.0,否
ORD2024053004574,2024-05-30,P0320,西南,线上第三方,5,113.64,0.0,否
ORD2024111109811,2024-11-11,P0494,华东,企业团购,16,351.18,0.2,否
ORD2024030101846,2024-03-01,P0253,西北,线下直营店,5,155.58,0.08,否
ORD2024112210172,2024-11-22,P0300,华北,线下直营店,2,76.99,0.0,否
ORD2024080606725,2024-08-06,P0185,华中,线上第三方,1,831.52,0.0,否
ORD2024050103705,2024-05-01,P0267,华东,线下直营店,2,130.12,0.0,否
ORD2024092308177,2024-09-23,P0343,西北,企业团购,1,76.64,0.0,否
ORD2024102008957,2024-10-20,P0117,华中,线上第三方,1,3823.8,0.0,否
ORD2024061505174,2024-06-15,P0235,华南,线上官网,5,2573.67,0.0,否
ORD2024020601113,2024-02-06,P0156,东北,线下经销商,5,962.5,0.0,否
ORD2024063005639,2024-06-30,P0040,西北,线下直营店,1,1747.44,0.0,否
ORD2024040803004,2024-04-08,P0277,西南,线上官网,2,106.14,0.0,否
ORD2024062005326,2024-06-20,P0447,东北,企业团购,5,365.86,0.0,否
ORD2024102609141,2024-10-26,P0184,东北,线下经销商,1,729.24,0.22,否
ORD2024121610879,2024-12-16,P0316,西北,线下经销商,4,47.9,0.0,否
ORD2024110109319,2024-11-01,P0109,华中,线上第三方,4,3815.21,0.0,否
ORD2024032902693,2024-03-29,P0003,华中,企业团购,2,509.04,0.0,否
ORD2024103109282,2024-10-31,P0409,东北,线上第三方,3,1334.02,0.0,否
ORD2024011000268,2024-01-10,P0316,华东,企业团购,4,50.75,0.0,否
ORD2024062105363,2024-06-21,P0378,西南,企业团购,4,641.94,0.0,否
ORD2024113010403,2024-11-30,P0294,华东,线下直营店,2,26.21,0.0,否
ORD2024050103706,2024-05-01,P0195,东北,线下直营店,2,395.13,0.0,否
ORD2024050203708,2024-05-02,P0236,东北,企业团购,5,1702.48,0.0,否
ORD2024040702974,2024-04-07,P0159,华东,线下直营店,2,1371.49,0.0,否
ORD2024032502583,2024-03-25,P0490,华南,企业团购,2,1909.31,0.0,否
ORD2024121710899,2024-12-17,P0468,东北,线下直营店,3,368.35,0.0,否
ORD2024061004914,2024-06-10,P0271,华南,线上第三方,2,33.36,0.0,否
ORD2024090807733,2024-09-08,P0201,华南,线上官网,1,1726.16,0.0,否
ORD2024052404398,2024-05-24,P0105,华南,线下直营店,2,4698.06,0.18,否
ORD2024051204049,2024-05-12,P0470,西北,线上第三方,2,168.93,0.0,否
ORD2024070605834,2024-07-06,P0315,西南,线上第三方,1,32.96,0.14,否
ORD2024071306023,2024-07-13,P0274,华中,线下经销商,2,22.74,0.0,否
ORD2024070505791,2024-07-05,P0104,华东,线上官网,5,1716.05,0.0,是
ORD2024091908052,2024-09-19,P0227,华北,线上第三方,4,1077.62,0.0,否
ORD2024111109699,2024-11-11,P0335,华北,线下经销商,8,35.47,0.0,是
ORD2024102008969,2024-10-20,P0090,东北,线上官网,1,76.18,0.09,否
ORD2024031202192,2024-03-12,P0332,华东,线上官网,5,105.68,0.0,否
ORD2024101908936,2024-10-19,P0043,华中,线上官网,1,5182.1,0.0,否
ORD2024011500417,2024-01-15,P0016,华东,线上第三方,2,383.11,0.0,否
ORD2024091407904,2024-09-14,P0031,华南,线上第三方,1,2704.2,0.13,否
ORD2024042403464,2024-04-24,P0332,华东,线下经销商,6,106.07,0.0,否
ORD2024090907760,2024-09-09,P0179,东北,线下直营店,4,244.65,0.0,否
ORD2024121610846,2024-12-16,P0248,华中,线下经销商,2,18.48,0.0,否
ORD2024012100621,2024-01-21,P0352,东北,线下直营店,3,98.54,0.0,否
ORD2024022501704,2024-02-25,P0288,华东,线上官网,1,49.77,0.0,否
ORD2024030501985,2024-03-05,P0089,东北,线上官网,5,3463.28,0.1,否
ORD2024050803913,2024-05-08,P0196,西南,线下经销商,1,454.13,0.0,否
ORD2024051204048,2024-05-12,P0395,华南,线上官网,1,1120.36,0.0,是
ORD2024120310476,2024-12-03,P0268,西北,线上第三方,2,69.86,0.0,否
ORD2024091207851,2024-09-12,P0074,西北,线上第三方,4,2065.92,0.0,否
ORD2024112010111,2024-11-20,P0121,华南,线下直营店,2,2615.33,0.0,是
ORD2024081206924,2024-08-12,P0080,东北,线下经销商,1,4655.45,0.0,否
ORD2024041103069,2024-04-11,P0490,华北,线上第三方,1,1881.22,0.0,否
ORD2024032202484,2024-03-22,P0457,东北,线上第三方,2,695.51,0.0,否
ORD2024072806449,2024-07-28,P0448,华北,线上官网,2,1178.76,0.0,否
ORD2024111109666,2024-11-11,P0022,华中,线下经销商,8,4514.76,0.0,否
ORD2024060704809,2024-06-07,P0261,华中,线下经销商,3,96.76,0.0,否
ORD2024062805583,2024-06-28,P0402,华东,线上第三方,2,593.0,0.13,否
ORD2024080106577,2024-08-01,P0026,东北,线下经销商,1,3105.32,0.0,否
ORD2024010100009,2024-01-01,P0460,东北,线上官网,5,521.94,0.0,否
ORD2024041003061,2024-04-10,P0172,东北,线上官网,2,2190.3,0.0,否
ORD2024011600469,2024-01-16,P0442,华中,线下经销商,4,979.11,0.0,否
ORD2024072506390,2024-07-25,P0174,西北,线下直营店,5,1909.81,0.0,否
ORD2024090707705,2024-09-07,P0422,华南,线上官网,2,1152.96,0.0,否
ORD2024102008971,2024-10-20,P0126,西北,线下直营店,1,462.98,0.11,否
ORD2024052904552,2024-05-29,P0288,西北,线上官网,5,45.59,0.0,否
ORD2024013100922,2024-01-31,P0145,东北,线上官网,1,2041.18,0.0,否
ORD2024020901191,2024-02-09,P0493,华东,企业团购,3,1323.39,0.0,否
ORD2024110309367,2024-11-03,P0169,华北,企业团购,1,1421.35,0.0,否
ORD2024102509120,2024-10-25,P0292,西北,线下直营店,1,155.03,0.0,否
ORD2024111009591,2024-11-10,P0372,华东,线下经销商,2,1314.2,0.0,否
ORD2024102008973,2024-10-20,P0470,西北,线下直营店,1,172.04,0.07,否
ORD2024100708606,2024-10-07,P0068,西南,线下直营店,1,4917.7,0.0,否
ORD2024032302528,2024-03-23,P0042,西南,线上第三方,2,4078.71,0.0,是
ORD2024042603548,2024-04-26,P0280,西北,线下经销商,1,76.26,0.0,否
ORD2024081206915,2024-08-12,P0425,东北,线上官网,2,316.43,0.0,否
ORD2024012900869,2024-01-29,P0110,华东,企业团购,1,3862.74,0.23,否
ORD2024061505050,2024-06-15,P0419,华东,线上第三方,15,709.19,0.0,否
ORD2024021901507,2024-02-19,P0244,西北,线上官网,1,2170.81,0.0,否
ORD2024031702329,2024-03-17,P0400,华东,线下经销商,1,1324.92,0.0,否
ORD2024070705850,2024-07-07,P0182,西南,线下直营店,3,1127.2,0.0,否
ORD2024040903026,2024-04-09,P0406,东北,线下直营店,2,1453.11,0.0,否
ORD2024031802373,2024-03-18,P0225,华东,线上第三方,4,1260.93,0.0,否
ORD2024081306948,2024-08-13,P0352,西北,线下直营店,1,102.28,0.0,否
ORD2024032102448,2024-03-21,P0040,华中,线上第三方,4,1733.85,0.0,否
ORD2024122211043,2024-12-22,P0001,华中,线上第三方,1,601.54,0.27,否
ORD2024122211048,2024-12-22,P0447,华中,线下经销商,2,356.19,0.0,否
ORD2024020100971,2024-02-01,P0464,华东,线上官网,3,1122.72,0.0,否
ORD2024012700795,2024-01-27,P0425,华东,线下经销商,1,317.96,0.0,否
ORD2024103109293,2024-10-31,P0472,东北,线上第三方,2,689.18,0.29,否
ORD2024012500731,2024-01-25,P0323,华东,线上第三方,5,187.99,0.0,否
ORD2024112210153,2024-11-22,P0074,东北,线下直营店,2,2017.75,0.0,否
ORD2024033102763,2024-03-31,P0093,华北,线上官网,1,5320.47,0.28,否
ORD2024052504422,2024-05-25,P0385,西南,线上第三方,1,707.15,0.0,否
ORD2024033002715,2024-03-30,P0494,华中,线下直营店,1,375.54,0.0,否
ORD2024113010400,2024-11-30,P0397,西南,线上官网,2,849.37,0.0,否
ORD2024051104013,2024-05-11,P0131,西南,企业团购,1,2325.75,0.0,否
ORD2024061905303,2024-06-19,P0449,东北,线上第三方,5,951.85,0.0,否
ORD2024070305748,2024-07-03,P0302,东北,企业团购,3,78.43,0.0,否
ORD2024092508224,2024-09-25,P0452,西北,线上官网,2,89.13,0.0,否
ORD2024042603525,2024-04-26,P0275,华东,线上官网,2,41.21,0.0,否
ORD2024082607335,2024-08-26,P0224,华中,线下直营店,2,976.95,0.12,否
ORD2024022901806,2024-02-29,P0493,西南,线下直营店,1,1233.27,0.0,否
ORD2024051404113,2024-05-14,P0498,西北,线上第三方,5,1610.59,0.0,否
ORD2024092708285,2024-09-27,P0334,华北,线上第三方,1,61.96,0.0,否
ORD2024122211053,2024-12-22,P0412,华中,企业团购,1,1069.1,0.21,否
ORD2024091908040,2024-09-19,P0220,华东,企业团购,2,1998.57,0.0,否
ORD2024012400705,2024-01-24,P0464,西南,线上官网,3,1148.25,0.0,否
ORD2024101808914,2024-10-18,P0141,华中,线下经销商,1,899.75,0.0,否
ORD2024061304984,2024-06-13,P0495,西南,企业团购,5,1273.61,0.0,否
ORD2024061605195,2024-06-16,P0137,西南,线上官网,3,721.66,0.0,否
ORD2024020901200,2024-02-09,P0009,华东,线下直营店,2,3291.93,0.15,否
ORD2024010900246,2024-01-09,P0230,西北,线下直营店,2,1088.55,0.0,否
ORD2024061505126,2024-06-15,P0410,东北,线上第三方,10,837.1,0.0,否
ORD2024031202190,2024-03-12,P0232,华南,线下直营店,4,2295.19,0.0,否
ORD2024050103704,2024-05-01,P0337,华中,企业团购,1,10.28,0.27,否
ORD2024060704820,2024-06-07,P0442,华北,线下直营店,5,981.31,0.0,否
ORD2024020501079,2024-02-05,P0312,华中,线上官网,2,89.22,0.0,否
ORD2024060804843,2024-06-08,P0106,华南,线上官网,3,3404.4,0.12,否
ORD2024080906827,2024-08-09,P0283,西南,线下直营店,2,188.35,0.0,否
ORD2024053104607,2024-05-31,P0002,华南,线上官网,3,3139.78,0.0,否
ORD2024030201890,2024-03-02,P0368,华东,企业团购,2,1046.06,0.0,否
ORD2024061505100,2024-06-15,P0496,华中,企业团购,5,1279.47,0.29,否
ORD2024110209358,2024-11-02,P0328,西北,企业团购,1,18.66,0.0,否
ORD2024121910972,2024-12-19,P0303,华南,线下直营店,4,140.44,0.23,否
ORD2024040802999,2024-04-08,P0027,西南,企业团购,4,3763.25,0.0,否
ORD2024112310203,2024-11-23,P0012,华东,线下经销商,1,1151.23,0.0,否
ORD2024072206301,2024-07-22,P0246,华北,线下经销商,2,60.25,0.0,否
ORD2024093008383,2024-09-30,P0028,西北,企业团购,1,613.62,0.3,否
ORD2024111409927,2024-11-14,P0105,华中,线下经销商,1,4505.59,0.0,否
ORD2024072306322,2024-07-23,P0176,华中,线下经销商,4,240.22,0.0,否
ORD2024041603239,2024-04-16,P0383,东北,企业团购,2,31.04,0.0,否
ORD2024020601112,2024-02-06,P0360,华东,企业团购,5,953.06,0.0,否
ORD2024063005641,2024-06-30,P0449,西南,企业团购,3,884.63,0.0,否
ORD2024111109706,2024-11-11,P0086,华东,企业团购,8,2505.37,0.09,否
ORD2024062305419,2024-06-23,P0191,华中,线下直营店,2,1498.23,0.0,否
ORD2024060304688,2024-06-03,P0353,华北,线下直营店,4,28.03,0.0,否
ORD2024060304689,2024-06-03,P0389,东北,线上官网,3,708.47,0.0,否
ORD2024080406667,2024-08-04,P0115,华东,线上官网,2,3824.32,0.0,否
ORD2024061805282,2024-06-18,P0057,华中,线下经销商,5,3923.04,0.08,否
ORD2024062205412,2024-06-22,P0311,西北,线下直营店,1,71.52,0.0,否
ORD2024010900249,2024-01-09,P0297,华南,线下经销商,2,126.63,0.0,否
ORD2024041303132,2024-04-13,P0244,华南,线下直营店,2,2045.08,0.0,否
ORD2024090607645,2024-09-06,P0479,西南,线上官网,1,1787.07,0.3,否
ORD2024010200064,2024-01-02,P0082,西北,线下直营店,4,696.41,0.0,否
ORD2024093008371,2024-09-30,P0321,东北,企业团购,2,126.19,0.0,否
ORD2024111910070,2024-11-19,P0201,东北,线上第三方,2,1680.43,0.0,否
ORD2024050103690,2024-05-01,P0408,华东,企业团购,2,192.42,0.0,否
ORD2024082607334,2024-08-26,P0186,东北,线上官网,1,513.82,0.0,否
ORD2024021801487,2024-02-18,P0036,西南,线下经销商,3,1160.37,0.0,否
ORD2024070705844,2024-07-07,P0216,华中,线上官网,1,1571.11,0.0,否
ORD2024051103992,2024-05-11,P0196,西南,线下直营店,1,435.4,0.0,否
ORD2024112810359,2024-11-28,P0269,华东,线上第三方,3,67.12,0.08,否
ORD2024012100606,2024-01-21,P0343,东北,企业团购,2,73.6,0.0,否
ORD2024040102792,2024-04-01,P0267,西南,线下经销商,3,127.58,0.0,否
ORD2024071105964,2024-07-11,P0467,华东,线上官网,5,1615.16,0.0,是
ORD2024022001534,2024-02-20,P0128,西南,线上官网,3,2161.08,0.0,否
ORD2024102809192,2024-10-28,P0365,华中,线下直营店,3,1134.08,0.0,否
ORD2024051604171,2024-05-16,P0431,西南,线下直营店,1,524.67,0.0,否
ORD2024092608263,2024-09-26,P0470,西北,线上官网,2,175.41,0.16,否
ORD2024121210744,2024-12-12,P0290,华北,线上官网,2,10.9,0.0,否
ORD2024021401356,2024-02-14,P0232,西南,线下经销商,3,2291.66,0.0,否
ORD2024111109725,2024-11-11,P0467,华东,线上官网,8,1503.43,0.0,否
ORD2024062005345,2024-06-20,P0094,西南,企业团购,5,3554.4,0.0,否
ORD2024090407608,2024-09-04,P0145,华东,线上官网,2,2016.17,0.0,否
ORD2024052804522,2024-05-28,P0094,东北,线上第三方,5,3853.54,0.0,是
ORD2024021401331,2024-02-14,P0095,华东,企业团购,1,3646.08,0.0,否
ORD2024112810333,2024-11-28,P0467,西南,线下经销商,3,1588.56,0.0,否
ORD2024020301003,2024-02-03,P0017,华南,线下经销商,1,2082.55,0.16,否
ORD2024030501984,2024-03-05,P0278,东北,线下经销商,5,150.86,0.0,否
ORD2024083107477,2024-08-31,P0489,西北,线上第三方,2,1864.15,0.0,否
ORD2024080706744,2024-08-07,P0356,华北,线下直营店,1,33.27,0.0,否
ORD2024070905915,2024-07-09,P0137,华中,企业团购,5,717.14,0.24,否
ORD2024020501083,2024-02-05,P0303,华南,线上官网,1,144.39,0.0,否
ORD2024042903618,2024-04-29,P0220,华北,线下直营店,2,1905.21,0.0,否
ORD2024110409414,2024-11-04,P0332,华南,线下直营店,3,103.57,0.0,否
ORD2024020401040,2024-02-04,P0020,华北,企业团购,2,3510.98,0.0,否
ORD2024081807105,2024-08-18,P0439,华南,线下直营店,1,1344.3,0.0,否
ORD2024122511130,2024-12-25,P0221,华东,线上第三方,4,1989.6,0.0,否
ORD2024022401661,2024-02-24,P0300,西南,线上官网,3,78.72,0.0,否
ORD2024020301027,2024-02-03,P0479,东北,线下直营店,2,1693.38,0.0,否
ORD2024073106551,2024-07-31,P0092,东北,线上第三方,3,4264.16,0.0,否
ORD2024011000264,2024-01-10,P0246,西南,线下直营店,3,58.85,0.15,否
ORD2024112710316,2024-11-27,P0315,华南,线上第三方,1,33.16,0.0,否
ORD2024021101248,2024-02-11,P0060,华北,企业团购,1,1010.93,0.0,否
ORD2024081807114,2024-08-18,P0305,东北,线上第三方,2,68.51,0.0,否
ORD2024030802076,2024-03-08,P0094,华北,线下直营店,2,3844.73,0.0,否
ORD2024012200656,2024-01-22,P0028,华东,线上第三方,1,629.35,0.0,否
ORD2024012100624,2024-01-21,P0479,华中,线下经销商,1,1723.96,0.0,否
ORD2024112510257,2024-11-25,P0398,华中,线上第三方,2,1361.84,0.0,否
ORD2024102809188,2024-10-28,P0278,西南,线上第三方,1,156.27,0.0,否
ORD2024020100958,2024-02-01,P0195,华南,线上官网,2,406.97,0.0,否
ORD2024122011005,2024-12-20,P0436,东北,线上第三方,4,1310.49,0.0,否
ORD2024032902692,2024-03-29,P0194,东北,线下直营店,5,1934.87,0.0,否
ORD2024092408188,2024-09-24,P0115,东北,线下直营店,2,3555.89,0.0,否
ORD2024070605830,2024-07-06,P0124,华中,线下直营店,1,935.44,0.0,否
ORD2024032602590,2024-03-26,P0078,华中,线上官网,1,2226.88,0.08,否
ORD2024040202803,2024-04-02,P0144,西北,企业团购,1,1287.09,0.0,否
ORD2024092408185,2024-09-24,P0424,西北,线下经销商,1,132.21,0.26,否
ORD2024020801167,2024-02-08,P0074,华北,线上第三方,1,2052.15,0.21,否
ORD2024020601108,2024-02-06,P0178,华北,线下经销商,3,1039.24,0.11,否
ORD2024103009256,2024-10-30,P0392,东北,线上官网,3,277.52,0.0,否
ORD2024111109851,2024-11-11,P0479,华东,企业团购,8,1741.13,0.0,否
ORD2024100908669,2024-10-09,P0203,华东,线下直营店,4,1757.14,0.0,否
ORD2024112510244,2024-11-25,P0213,华东,线下经销商,4,776.8,0.24,否
ORD2024062905621,2024-06-29,P0170,华南,线上官网,2,1210.24,0.0,否
ORD2024022201594,2024-02-22,P0028,华北,线上官网,5,658.66,0.0,否
ORD2024031002146,2024-03-10,P0071,华东,线上官网,2,4645.79,0.0,否
ORD2024101008686,2024-10-10,P0174,西南,线下经销商,1,1905.74,0.0,否
ORD2024083007466,2024-08-30,P0222,华东,线上第三方,1,351.61,0.0,否
ORD2024090607678,2024-09-06,P0482,华东,线上官网,1,1155.01,0.0,否
ORD2024012000578,2024-01-20,P0241,华北,线上第三方,1,2808.0,0.0,否
ORD2024092508218,2024-09-25,P0436,华中,线下直营店,2,1220.33,0.0,否
ORD2024061605197,2024-06-16,P0201,华南,线下直营店,2,1589.72,0.0,是
ORD2024120710610,2024-12-07,P0271,西南,线上第三方,2,32.84,0.0,否
ORD2024042303456,2024-04-23,P0093,西南,企业团购,3,5334.11,0.0,否
ORD2024110109325,2024-11-01,P0250,华东,线下直营店,1,83.22,0.0,否
ORD2024121510827,2024-12-15,P0353,西北,企业团购,1,28.75,0.0,否
ORD2024022701747,2024-02-27,P0398,东北,线下经销商,3,1407.64,0.19,否
ORD2024061104920,2024-06-11,P0435,东北,企业团购,5,385.11,0.0,否
ORD2024042203406,2024-04-22,P0352,东北,线上第三方,1,102.64,0.0,否
ORD2024101808917,2024-10-18,P0476,华南,线上官网,1,1489.09,0.0,否
ORD2024062805598,2024-06-28,P0237,西南,线下直营店,1,564.34,0.0,否
ORD2024110209351,2024-11-02,P0300,华北,线下经销商,2,76.47,0.2,是
ORD2024082207230,2024-08-22,P0297,华东,线上官网,1,122.23,0.29,否
ORD2024090607653,2024-09-06,P0434,华南,线下直营店,1,642.46,0.0,否
ORD2024062005339,2024-06-20,P0139,西南,线下经销商,2,294.69,0.0,否
ORD2024011400410,2024-01-14,P0074,东北,线上第三方,1,2133.31,0.06,否
ORD2024042303458,2024-04-23,P0499,西北,线上官网,6,567.74,0.0,否
ORD2024050103689,2024-05-01,P0103,西北,企业团购,2,4197.96,0.0,否
ORD2024010300077,2024-01-03,P0035,华北,线上官网,2,3146.12,0.0,否
ORD2024030201865,2024-03-02,P0091,华南,线上官网,1,965.38,0.0,否
ORD2024051704190,2024-05-17,P0110,东北,线下经销商,2,3926.35,0.0,否
ORD2024070905911,2024-07-09,P0179,华中,企业团购,2,246.93,0.0,否
ORD2024041103079,2024-04-11,P0158,华南,线下经销商,3,2475.46,0.1,否
ORD2024031302228,2024-03-13,P0390,东北,企业团购,1,1123.05,0.0,否
ORD2024081707064,2024-08-17,P0398,华南,线下直营店,1,1365.99,0.09,否
ORD2024080806775,2024-08-08,P0310,华南,线上第三方,2,121.52,0.0,否
ORD2024052304344,2024-05-23,P0178,华中,线上第三方,4,980.11,0.0,否
ORD2024041303140,2024-04-13,P0109,华中,企业团购,2,3772.44,0.0,否
ORD2024062905615,2024-06-29,P0076,华东,企业团购,1,3149.38,0.0,否
ORD2024102609151,2024-10-26,P0462,西北,线下经销商,1,416.32,0.0,否
ORD2024052304353,2024-05-23,P0262,华南,线上官网,4,168.13,0.0,否
ORD2024082307252,2024-08-23,P0105,华北,线上第三方,1,4476.48,0.0,否
ORD2024022801776,2024-02-28,P0473,华南,线下经销商,2,1739.64,0.0,是
ORD2024102609143,2024-10-26,P0243,西南,企业团购,1,679.77,0.0,否
ORD2024080606713,2024-08-06,P0247,东北,企业团购,1,81.32,0.0,否
ORD2024010300094,2024-01-03,P0041,西南,线上第三方,4,730.09,0.0,否
ORD2024101508835,2024-10-15,P0302,华东,线下直营店,1,78.14,0.0,否
ORD2024082407268,2024-08-24,P0320,西南,线上第三方,1,112.49,0.0,否
ORD2024070205689,2024-07-02,P0115,华中,企业团购,5,3828.75,0.0,否
ORD2024012300684,2024-01-23,P0291,东北,线下经销商,5,36.03,0.0,否
ORD2024083007457,2024-08-30,P0262,东北,企业团购,3,175.37,0.0,否
ORD2024051604166,2024-05-16,P0178,西北,线上第三方,5,994.95,0.26,否
ORD2024012200648,2024-01-22,P0356,华中,线下直营店,5,33.51,0.0,否
ORD2024101508834,2024-10-15,P0495,西南,线下经销商,3,1229.97,0.0,是
ORD2024012400715,2024-01-24,P0366,华东,线下经销商,1,1006.65,0.0,否
ORD2024020501077,2024-02-05,P0342,华北,企业团购,5,63.7,0.0,否
ORD2024060704803,2024-06-07,P0339,华东,线上第三方,1,130.63,0.0,否
ORD2024092508222,2024-09-25,P0493,华北,线下直营店,1,1300.07,0.0,否
ORD2024030602016,2024-03-06,P0323,西北,线上第三方,2,204.65,0.13,否
ORD2024030201886,2024-03-02,P0229,华东,企业团购,1,213.91,0.0,否
ORD2024060904886,2024-06-09,P0326,西北,线上官网,1,159.65,0.0,否
ORD2024061505177,2024-06-15,P0201,华东,线上第三方,5,1675.17,0.17,否
ORD2024031902407,2024-03-19,P0012,华北,线上第三方,3,1112.83,0.18,否
ORD2024021801489,2024-02-18,P0466,西南,线下直营店,2,933.31,0.28,否
ORD2024062905599,2024-06-29,P0433,西南,线上第三方,1,1148.74,0.0,否
ORD2024072506385,2024-07-25,P0446,东北,企业团购,2,419.21,0.0,否
ORD2024081406966,2024-08-14,P0444,华中,线上官网,4,1113.54,0.16,否
ORD2024050903949,2024-05-09,P0083,华南,线下经销商,3,921.83,0.27,否
ORD2024042003354,2024-04-20,P0349,华北,企业团购,1,162.8,0.0,否
ORD2024052104302,2024-05-21,P0400,华北,线下经销商,4,1338.45,0.28,否
ORD2024092108110,2024-09-21,P0068,华北,企业团购,1,4853.47,0.09,否
ORD2024021701438,2024-02-17,P0291,东北,线下直营店,3,35.99,0.0,否
ORD2024021001234,2024-02-10,P0383,东北,线下经销商,1,32.61,0.0,否
ORD2024010700186,2024-01-07,P0420,华南,线下直营店,3,1217.83,0.0,否
ORD2024122211069,2024-12-22,P0439,华东,线下经销商,1,1299.16,0.0,否
ORD2024102609148,2024-10-26,P0243,华东,线上官网,1,670.13,0.0,否
ORD2024111910083,2024-11-19,P0349,西北,线上第三方,1,158.82,0.0,否
ORD2024021201298,2024-02-12,P0090,东北,线下经销商,3,80.56,0.0,否
ORD2024040803001,2024-04-08,P0078,西南,线下直营店,3,2298.66,0.0,否
ORD2024090707691,2024-09-07,P0453,华北,线上官网,1,68.38,0.0,否
ORD2024101208734,2024-10-12,P0202,华东,线下经销商,1,1195.17,0.25,否
ORD2024081507009,2024-08-15,P0100,华中,线下直营店,2,2235.3,0.0,否
ORD2024032502586,2024-03-25,P0439,西南,线上第三方,2,1246.18,0.0,否
ORD2024112510261,2024-11-25,P0350,华中,企业团购,1,93.7,0.0,否
ORD2024011400382,2024-01-14,P0496,东北,线下经销商,1,1251.51,0.0,否
ORD2024102809211,2024-10-28,P0146,华北,线上官网,1,850.96,0.09,否
ORD2024020801156,2024-02-08,P0002,西南,线上官网,4,3369.79,0.12,否
ORD2024052904550,2024-05-29,P0422,华中,线上第三方,4,1097.99,0.0,否
ORD2024123011281,2024-12-30,P0045,华中,线下经销商,1,2088.12,0.0,否
ORD2024111910068,2024-11-19,P0309,华北,企业团购,3,182.84,0.0,否
ORD2024021101254,2024-02-11,P0445,华南,企业团购,1,830.09,0.0,否
ORD2024050403774,2024-05-04,P0326,西北,线上官网,1,165.8,0.0,否
ORD2024032302532,2024-03-23,P0256,华中,线下直营店,3,43.92,0.0,否
ORD2024080206623,2024-08-02,P0013,华北,线上第三方,4,3224.79,0.0,否
ORD2024071005936,2024-07-10,P0134,华北,线上第三方,2,72.62,0.3,否
ORD2024092908335,2024-09-29,P0170,华南,线上第三方,1,1244.91,0.0,否
ORD2024042403470,2024-04-24,P0027,华中,线上第三方,3,3661.57,0.0,否
ORD2024080606720,2024-08-06,P0123,华南,线下直营店,2,2370.21,0.0,否
ORD2024121310771,2024-12-13,P0212,华南,线下经销商,1,680.5,0.0,否
ORD2024061505153,2024-06-15,P0294,华中,线上第三方,5,25.89,0.28,否
ORD2024070405763,2024-07-04,P0202,西北,线上官网,3,1101.06,0.23,否
ORD2024070105664,2024-07-01,P0195,华东,线上第三方,4,393.3,0.0,否
ORD2024050603856,2024-05-06,P0142,西南,线上官网,2,1920.64,0.0,否
ORD2024011800531,2024-01-18,P0454,华东,线下直营店,3,1105.29,0.0,否
ORD2024041203119,2024-04-12,P0265,华中,线下直营店,1,96.45,0.2,否
ORD2024042603544,2024-04-26,P0189,华中,线下直营店,3,843.16,0.0,否
ORD2024122311082,2024-12-23,P0255,华东,企业团购,1,187.41,0.0,否
ORD2024032102465,2024-03-21,P0040,华北,线上官网,3,1718.72,0.0,否
ORD2024111910065,2024-11-19,P0409,华东,企业团购,1,1304.13,0.0,否
ORD2024032102458,2024-03-21,P0401,华南,线下直营店,4,702.38,0.0,否
ORD2024061805279,2024-06-18,P0294,华东,线下直营店,5,24.95,0.05,否
ORD2024102509130,2024-10-25,P0137,西南,线上第三方,1,751.33,0.17,否
ORD2024112610295,2024-11-26,P0335,华北,线上第三方,1,37.71,0.0,否
ORD2024010500145,2024-01-05,P0026,华东,线上第三方,2,3182.26,0.24,否
ORD2024091708001,2024-09-17,P0213,华北,线上第三方,3,749.97,0.0,否
ORD2024092708296,2024-09-27,P0328,东北,线上第三方,1,18.88,0.0,否
ORD2024031302212,2024-03-13,P0385,华北,线下直营店,3,718.56,0.0,否
ORD2024061505045,2024-06-15,P0481,华北,线上官网,5,1705.49,0.0,否
ORD2024122311089,2024-12-23,P0016,华南,企业团购,1,377.46,0.0,否
ORD2024032202493,2024-03-22,P0048,西南,线下直营店,2,1530.7,0.13,否
ORD2024111109650,2024-11-11,P0177,华南,线上第三方,8,263.6,0.0,否
ORD2024060304680,2024-06-03,P0230,西北,线上官网,4,1122.42,0.0,否
ORD2024100808631,2024-10-08,P0004,华北,线上第三方,1,3190.6,0.13,是
ORD2024121510821,2024-12-15,P0316,华北,企业团购,1,51.11,0.0,否
ORD2024012700789,2024-01-27,P0189,东北,线上第三方,3,843.32,0.09,否
ORD2024050803910,2024-05-08,P0003,西南,线上官网,5,506.47,0.0,否
ORD2024051604163,2024-05-16,P0227,华东,线下经销商,5,1019.78,0.0,否
ORD2024110909566,2024-11-09,P0291,华中,线下直营店,2,33.91,0.0,否
ORD2024052304366,2024-05-23,P0234,华南,线上第三方,2,1643.39,0.0,否
ORD2024030702031,2024-03-07,P0297,西南,企业团购,3,127.44,0.0,否
ORD2024081707051,2024-08-17,P0363,华东,企业团购,1,1288.09,0.0,否
ORD2024032902689,2024-03-29,P0334,西南,线下直营店,5,61.44,0.0,否
ORD2024070205707,2024-07-02,P0453,华南,线上官网,1,70.5,0.0,否
ORD2024011500432,2024-01-15,P0446,华北,线上第三方,5,415.67,0.0,否
ORD2024122511137,2024-12-25,P0401,华北,线上第三方,2,713.38,0.0,否
ORD2024022801781,2024-02-28,P0029,华南,企业团购,1,1172.43,0.28,否
ORD2024061505166,2024-06-15,P0262,东北,线下直营店,10,169.88,0.0,否
ORD2024052804505,2024-05-28,P0421,华中,线下经销商,3,271.86,0.0,否
ORD2024062305442,2024-06-23,P0435,华中,线下直营店,2,415.69,0.0,否
ORD2024011200350,2024-01-12,P0096,西南,线下直营店,4,1466.77,0.0,否
ORD2024061004895,2024-06-10,P0102,东北,线上第三方,3,4440.02,0.0,否
ORD2024071005949,2024-07-10,P0085,西南,线上第三方,5,2127.98,0.0,否
ORD2024090207554,2024-09-02,P0256,华北,企业团购,3,45.32,0.16,否
ORD2024061405028,2024-06-14,P0302,西北,企业团购,5,78.37,0.0,否
ORD2024091908065,2024-09-19,P0062,华东,线上第三方,1,689.72,0.09,否
ORD2024101708893,2024-10-17,P0465,东北,企业团购,2,839.52,0.0,否
ORD2024032202479,2024-03-22,P0164,华中,线上第三方,1,365.61,0.0,否
ORD2024111409923,2024-11-14,P0217,西北,线上官网,1,1061.05,0.0,否
ORD2024032902702,2024-03-29,P0118,西南,线下经销商,2,3147.66,0.23,否
ORD2024110909552,2024-11-09,P0402,西北,线上官网,2,636.37,0.0,否
ORD2024080206605,2024-08-02,P0420,东北,企业团购,2,1182.83,0.0,否
ORD2024040202819,2024-04-02,P0391,西北,企业团购,1,941.76,0.0,否
ORD2024013100917,2024-01-31,P0074,华南,线上官网,2,2012.13,0.0,否
ORD2024070305728,2024-07-03,P0098,西南,线下直营店,1,421.67,0.0,否
ORD2024082907406,2024-08-29,P0236,东北,线上官网,1,1768.63,0.0,否
ORD2024022301617,2024-02-23,P0487,华中,线上第三方,2,1524.76,0.0,否
ORD2024082007170,2024-08-20,P0099,华北,线下直营店,1,2036.08,0.13,否
ORD2024113010404,2024-11-30,P0300,西南,线上官网,1,75.97,0.0,否
ORD2024030101834,2024-03-01,P0188,东北,线下直营店,4,1103.12,0.0,否
ORD2024081807096,2024-08-18,P0194,西北,企业团购,2,2008.42,0.06,否
ORD2024111309907,2024-11-13,P0492,西南,线下经销商,3,166.06,0.0,否
ORD2024032202474,2024-03-22,P0280,华南,线上第三方,3,80.6,0.0,否
ORD2024092208148,2024-09-22,P0277,华南,线下经销商,2,107.27,0.0,否
ORD2024012700783,2024-01-27,P0478,华北,线上第三方,1,1148.47,0.0,否
ORD2024111109716,2024-11-11,P0027,华北,线上第三方,16,3617.8,0.07,否
ORD2024020801157,2024-02-08,P0297,西南,企业团购,3,124.66,0.0,否
ORD2024022001537,2024-02-20,P0142,华中,线上第三方,5,1961.63,0.0,否
ORD2024060104619,2024-06-01,P0394,西南,线下经销商,1,1459.29,0.0,否
ORD2024061104922,2024-06-11,P0497,东北,线上官网,5,457.62,0.0,否
ORD2024051204030,2024-05-12,P0480,东北,线下直营店,3,294.2,0.0,否
ORD2024073106561,2024-07-31,P0111,华东,线上官网,2,144.02,0.0,否
ORD2024031402261,2024-03-14,P0416,华东,线下经销商,4,856.38,0.0,否
ORD2024091808030,2024-09-18,P0157,华中,企业团购,1,1648.07,0.0,否
ORD2024111109711,2024-11-11,P0241,华东,线下经销商,8,2714.27,0.0,否
ORD2024122911248,2024-12-29,P0303,东北,企业团购,1,144.23,0.0,否
ORD2024031102153,2024-03-11,P0103,华南,线下直营店,2,4386.63,0.0,否
ORD2024050103703,2024-05-01,P0029,西南,线下经销商,1,1157.79,0.25,否
ORD2024072506367,2024-07-25,P0343,华东,线下经销商,2,74.61,0.0,否
ORD2024082007179,2024-08-20,P0014,华北,线上官网,1,5116.06,0.12,否
ORD2024111109809,2024-11-11,P0243,西北,企业团购,32,667.47,0.06,否
ORD2024032602615,2024-03-26,P0350,华南,企业团购,1,92.02,0.0,否
ORD2024082507297,2024-08-25,P0383,华北,线下经销商,2,31.92,0.0,否
ORD2024101008682,2024-10-10,P0131,华南,线下直营店,1,2180.76,0.0,否
ORD2024061905287,2024-06-19,P0406,华东,线下直营店,2,1379.52,0.0,否
ORD2024090807712,2024-09-08,P0121,东北,线下经销商,1,2695.65,0.11,否
ORD2024052604450,2024-05-26,P0021,华北,线上第三方,2,2054.1,0.0,是
ORD2024072406352,2024-07-24,P0463,西南,线上官网,4,474.32,0.0,否
ORD2024092008091,2024-09-20,P0272,华东,线下经销商,4,30.3,0.0,否
ORD2024050403791,2024-05-04,P0169,东北,线下直营店,1,1561.31,0.0,否
ORD2024040502902,2024-04-05,P0374,华北,线下直营店,2,767.79,0.0,否
ORD2024061905290,2024-06-19,P0410,华南,企业团购,1,834.19,0.0,否
ORD2024022601732,2024-02-26,P0286,华中,线下直营店,5,144.19,0.0,否
ORD2024121010694,2024-12-10,P0076,华北,线下经销商,3,3060.36,0.0,否
ORD2024102209027,2024-10-22,P0360,华中,线上官网,1,876.49,0.0,否
ORD2024111109674,2024-11-11,P0035,华中,企业团购,16,3325.78,0.0,否
ORD2024040903022,2024-04-09,P0121,华北,线上官网,3,2631.76,0.0,否
ORD2024030201871,2024-03-02,P0022,华南,线下经销商,1,4749.56,0.0,否
ORD2024082807400,2024-08-28,P0023,华中,线下经销商,2,3541.97,0.0,否
ORD2024110909553,2024-11-09,P0479,华中,线下直营店,1,1676.21,0.21,否
ORD2024121910955,2024-12-19,P0145,西北,线下直营店,2,2074.39,0.07,否
ORD2024041203112,2024-04-12,P0088,华东,线上官网,3,3119.24,0.0,否
ORD2024070605839,2024-07-06,P0202,华北,线下经销商,1,1123.2,0.0,否
ORD2024100408512,2024-10-04,P0433,华中,线下经销商,2,1150.09,0.0,否
ORD2024040102772,2024-04-01,P0267,西北,企业团购,3,127.23,0.0,否
ORD2024050403772,2024-05-04,P0305,华东,线上官网,3,68.92,0.0,否
ORD2024030902108,2024-03-09,P0003,西北,线上官网,2,506.63,0.0,否
ORD2024110709495,2024-11-07,P0181,华南,线上第三方,1,2090.15,0.0,否
ORD2024111009582,2024-11-10,P0412,西南,线上官网,1,1091.9,0.0,否
ORD2024091007771,2024-09-10,P0426,西南,线下经销商,3,132.63,0.0,否
ORD2024070405770,2024-07-04,P0330,西南,线上第三方,5,87.53,0.0,否
ORD2024012000568,2024-01-20,P0131,西南,企业团购,1,2200.16,0.0,否
ORD2024122811229,2024-12-28,P0278,东北,企业团购,1,153.51,0.29,否
ORD2024101208736,2024-10-12,P0320,东北,企业团购,1,110.95,0.0,否
ORD2024111109846,2024-11-11,P0216,华中,线上第三方,8,1531.63,0.06,否
ORD2024062205390,2024-06-22,P0390,华中,线下经销商,1,1087.43,0.0,否
ORD2024011500441,2024-01-15,P0489,西南,线下经销商,1,2001.44,0.0,否
ORD2024030602019,2024-03-06,P0392,东北,线上官网,1,261.45,0.0,否
ORD2024110909554,2024-11-09,P0376,西南,线下经销商,1,1355.24,0.0,否
ORD2024111409931,2024-11-14,P0262,华东,线下直营店,1,177.7,0.0,否
ORD2024082407284,2024-08-24,P0493,华中,线上第三方,1,1203.95,0.0,否
ORD2024041603232,2024-04-16,P0378,华南,线上第三方,6,623.61,0.18,否
ORD2024080206609,2024-08-02,P0414,西北,线上第三方,4,379.09,0.0,否
ORD2024021001225,2024-02-10,P0037,华北,线上第三方,2,3022.47,0.0,否
ORD2024061505065,2024-06-15,P0378,东北,线下经销商,5,627.56,0.24,否
ORD2024090607655,2024-09-06,P0005,华中,线上第三方,3,4410.46,0.0,否
ORD2024091007769,2024-09-10,P0052,西北,线上第三方,1,1374.02,0.23,否
ORD2024010200037,2024-01-02,P0244,西北,线上第三方,3,2002.76,0.0,否
ORD2024080306647,2024-08-03,P0360,华北,线下直营店,2,904.39,0.0,否
ORD2024050603835,2024-05-06,P0223,华北,线下经销商,5,468.66,0.0,否
ORD2024070305736,2024-07-03,P0223,华南,线上官网,5,453.97,0.24,否
ORD2024110209360,2024-11-02,P0484,华中,企业团购,1,237.17,0.0,否
ORD2024102909220,2024-10-29,P0244,东北,线下直营店,1,2049.35,0.0,否
ORD2024052504419,2024-05-25,P0080,西南,线下经销商,1,4639.83,0.0,否
ORD2024121510822,2024-12-15,P0071,东北,线上官网,1,4495.53,0.0,否
ORD2024081506999,2024-08-15,P0035,华东,线上官网,4,3386.26,0.0,否
ORD2024031902389,2024-03-19,P0122,西北,线下经销商,2,4037.14,0.15,否
ORD2024091007792,2024-09-10,P0070,华南,线上官网,4,4117.3,0.08,否
ORD2024021501361,2024-02-15,P0072,西北,企业团购,2,4050.87,0.0,否
ORD2024080606736,2024-08-06,P0003,华中,线上官网,3,497.32,0.26,否
ORD2024071606128,2024-07-16,P0112,西南,线下直营店,5,4714.96,0.0,否
ORD2024011700487,2024-01-17,P0244,西北,线上官网,5,2169.74,0.0,否
ORD2024122911244,2024-12-29,P0055,华南,线上第三方,1,664.81,0.0,否
ORD2024060704823,2024-06-07,P0019,华北,线下直营店,2,2159.83,0.0,否
ORD2024092908348,2024-09-29,P0073,东北,企业团购,1,1742.34,0.0,否
ORD2024012200638,2024-01-22,P0085,华东,线下经销商,2,2125.68,0.19,否
ORD2024081907121,2024-08-19,P0203,华东,企业团购,3,1911.05,0.0,否
ORD2024090907766,2024-09-09,P0442,西南,线上官网,2,966.7,0.0,否
ORD2024120310488,2024-12-03,P0222,华东,线上官网,3,351.93,0.0,否
ORD2024032802665,2024-03-28,P0229,华东,线上第三方,3,216.31,0.19,否
ORD2024122211060,2024-12-22,P0117,西南,线下直营店,2,3805.04,0.22,否
ORD2024112210150,2024-11-22,P0011,西南,线下直营店,4,2001.77,0.0,否
ORD2024123111297,2024-12-31,P0160,华中,线下直营店,4,1786.46,0.0,否
ORD2024072506386,2024-07-25,P0036,东北,线上官网,1,1220.63,0.0,否
ORD2024072806460,2024-07-28,P0005,华东,线下直营店,2,4394.75,0.0,否
ORD2024100108404,2024-10-01,P0132,华南,线下经销商,3,1496.13,0.0,否
ORD2024010600168,2024-01-06,P0486,华北,线上官网,2,683.91,0.15,否
ORD2024030301916,2024-03-03,P0411,华东,线上官网,3,262.09,0.14,否
ORD2024071105984,2024-07-11,P0021,华中,线下经销商,5,2090.58,0.0,否
ORD2024042303442,2024-04-23,P0276,华北,线下经销商,2,200.4,0.0,否
ORD2024052204337,2024-05-22,P0458,华北,线上第三方,1,135.42,0.0,否
ORD2024082107183,2024-08-21,P0266,华北,线下直营店,1,38.77,0.0,否
ORD2024072506383,2024-07-25,P0492,华中,线下直营店,2,168.98,0.0,否
ORD2024012700802,2024-01-27,P0483,华中,线上官网,2,1645.15,0.0,否
ORD2024031002139,2024-03-10,P0258,西北,线下直营店,1,144.56,0.0,否
ORD2024102409090,2024-10-24,P0225,西南,线上官网,1,1195.24,0.24,否
ORD2024040802983,2024-04-08,P0423,华南,线上第三方,6,603.77,0.0,否
ORD2024012500743,2024-01-25,P0308,华东,线下直营店,4,188.96,0.06,否
ORD2024062705554,2024-06-27,P0400,西北,线下经销商,1,1323.5,0.17,否
ORD2024080506693,2024-08-05,P0169,华南,线上第三方,1,1457.32,0.0,否
ORD2024120710607,2024-12-07,P0334,华中,线下直营店,1,61.73,0.0,否
ORD2024032902685,2024-03-29,P0098,华东,线下经销商,4,458.93,0.0,否
ORD2024120710597,2024-12-07,P0052,西南,线下经销商,2,1319.32,0.0,否
ORD2024111109833,2024-11-11,P0358,华东,线上第三方,8,813.25,0.0,否
ORD2024062205404,2024-06-22,P0164,华东,线下经销商,2,363.78,0.2,否
ORD2024111209881,2024-11-12,P0048,西北,企业团购,2,1664.77,0.0,是
ORD2024012500716,2024-01-25,P0299,西北,企业团购,2,116.16,0.0,否
ORD2024032202472,2024-03-22,P0311,西北,线下经销商,3,68.33,0.0,否
ORD2024031602320,2024-03-16,P0457,东北,线上第三方,1,690.93,0.1,否
ORD2024062805590,2024-06-28,P0088,东北,企业团购,2,2952.03,0.0,否
ORD2024050703870,2024-05-07,P0267,华中,线上官网,5,132.25,0.0,否
ORD2024111710023,2024-11-17,P0343,西北,线下直营店,1,72.88,0.0,否
ORD2024082807383,2024-08-28,P0029,华东,线下经销商,1,1231.52,0.0,否
ORD2024030902090,2024-03-09,P0026,西北,企业团购,1,3228.92,0.0,否
ORD2024032202499,2024-03-22,P0267,西北,线上官网,2,129.6,0.15,是
ORD2024092608250,2024-09-26,P0173,华中,线上第三方,3,1984.22,0.0,否
ORD2024072106248,2024-07-21,P0165,东北,企业团购,1,914.42,0.18,否
ORD2024041203101,2024-04-12,P0456,华北,线上官网,6,579.29,0.13,否
ORD2024030101835,2024-03-01,P0170,华南,线上官网,3,1252.22,0.0,否
ORD2024120410512,2024-12-04,P0202,东北,线上第三方,1,1158.91,0.0,否
ORD2024062505507,2024-06-25,P0335,东北,线下直营店,2,35.37,0.0,否
ORD2024090207542,2024-09-02,P0194,华中,线上官网,3,1919.65,0.0,否
ORD2024071506096,2024-07-15,P0060,华中,企业团购,1,1044.69,0.0,是
ORD2024101408799,2024-10-14,P0419,华东,线上官网,2,710.54,0.0,否
ORD2024032102456,2024-03-21,P0102,东北,线上第三方,3,4377.68,0.0,否
ORD2024082307248,2024-08-23,P0486,华东,线下直营店,1,640.68,0.0,否
ORD2024122711184,2024-12-27,P0359,华东,线上官网,3,1037.06,0.0,否
ORD2024032202488,2024-03-22,P0400,华东,线上官网,4,1265.74,0.0,否
ORD2024030201887,2024-03-02,P0077,华南,线上官网,2,2502.54,0.0,否
ORD2024010100024,2024-01-01,P0203,华南,线下直营店,4,1746.12,0.0,否
ORD2024042603534,2024-04-26,P0460,华东,企业团购,2,536.81,0.0,否
ORD2024070105653,2024-07-01,P0275,华中,线下经销商,4,41.89,0.0,否
ORD2024021301310,2024-02-13,P0262,西南,线上第三方,3,169.89,0.0,否
ORD2024061505152,2024-06-15,P0025,华东,线上第三方,15,3813.67,0.0,否
ORD2024012700790,2024-01-27,P0324,华中,线上第三方,2,116.38,0.0,否
ORD2024100108417,2024-10-01,P0412,华北,线上第三方,3,999.94,0.0,否
ORD2024102209028,2024-10-22,P0031,西南,线上官网,2,2706.13,0.0,否
ORD2024080506691,2024-08-05,P0233,华北,线上第三方,4,612.92,0.0,是
ORD2024091908048,2024-09-19,P0039,华北,企业团购,2,334.99,0.0,否
ORD2024101708882,2024-10-17,P0107,华东,线上第三方,1,1362.94,0.0,否
ORD2024082807378,2024-08-28,P0363,华东,线上官网,3,1301.54,0.22,否
ORD2024060904863,2024-06-09,P0156,华南,线下直营店,1,943.04,0.06,否
ORD2024050903945,2024-05-09,P0336,华中,线上第三方,5,184.69,0.0,否
ORD2024030401958,2024-03-04,P0163,西南,线上第三方,2,1252.54,0.0,否
ORD2024121510820,2024-12-15,P0271,华北,线下经销商,2,34.8,0.0,否
ORD2024051404085,2024-05-14,P0268,华南,线上第三方,2,70.12,0.23,否
ORD2024071506075,2024-07-15,P0025,西北,线上第三方,5,3639.84,0.0,否
ORD2024092608255,2024-09-26,P0121,西南,线上官网,3,2792.22,0.0,否
ORD2024122010995,2024-12-20,P0160,西北,线下经销商,1,1877.85,0.24,否
ORD2024121410797,2024-12-14,P0259,西北,线上第三方,2,184.88,0.0,否
ORD2024100508525,2024-10-05,P0420,西北,企业团购,1,1153.81,0.0,否
ORD2024090207531,2024-09-02,P0158,东北,线上第三方,1,2316.9,0.0,是
ORD2024060904881,2024-06-09,P0420,东北,线下直营店,1,1179.78,0.25,否
ORD2024122911260,2024-12-29,P0172,东北,线上第三方,1,2074.13,0.0,否
ORD2024101908950,2024-10-19,P0316,东北,企业团购,1,51.51,0.0,否
ORD2024073106546,2024-07-31,P0269,华中,企业团购,3,67.74,0.0,否
ORD2024070505799,2024-07-05,P0015,华东,线下直营店,2,3952.82,0.23,否
ORD2024042803594,2024-04-28,P0023,西北,企业团购,3,3849.19,0.0,否
ORD2024111109662,2024-11-11,P0176,东北,线上官网,24,244.29,0.0,否
ORD2024111309894,2024-11-13,P0106,西南,线下经销商,2,3196.89,0.0,否
ORD2024090207539,2024-09-02,P0400,西北,企业团购,1,1291.34,0.29,否
ORD2024031902408,2024-03-19,P0173,东北,线下直营店,2,1980.66,0.08,否
ORD2024092008095,2024-09-20,P0247,华北,线上官网,4,80.51,0.0,否
ORD2024081306935,2024-08-13,P0013,西南,线下经销商,3,3037.25,0.0,否
ORD2024122511128,2024-12-25,P0139,华东,线下经销商,4,273.15,0.0,否
ORD2024080706757,2024-08-07,P0099,西南,企业团购,4,2048.07,0.0,否
ORD2024021301311,2024-02-13,P0480,西南,线上官网,1,299.22,0.0,否
ORD2024092008075,2024-09-20,P0016,华北,企业团购,1,364.86,0.0,否
ORD2024112110138,2024-11-21,P0035,华东,线上官网,1,3168.34,0.0,否
ORD2024051804211,2024-05-18,P0378,华中,线上第三方,2,636.94,0.0,否
ORD2024101208732,2024-10-12,P0092,西南,线下经销商,1,4625.98,0.0,否
ORD2024061905299,2024-06-19,P0385,西北,企业团购,4,692.74,0.0,否
ORD2024122010999,2024-12-20,P0336,西北,企业团购,3,189.92,0.0,否
ORD2024033002716,2024-03-30,P0269,华中,线下经销商,2,68.43,0.1,否
ORD2024090507637,2024-09-05,P0051,西北,线上第三方,1,3056.67,0.0,否
ORD2024071706152,2024-07-17,P0297,华南,线上第三方,4,127.74,0.0,否
ORD2024021301316,2024-02-13,P0479,华东,线下直营店,1,1711.74,0.0,否
ORD2024032102466,2024-03-21,P0359,华北,线上官网,5,1074.13,0.0,否
ORD2024041303134,2024-04-13,P0458,西北,线上官网,1,130.85,0.0,否
ORD2024031602316,2024-03-16,P0072,华南,线下经销商,2,4020.12,0.06,否
ORD2024042803586,2024-04-28,P0365,西北,线下经销商,3,1145.3,0.07,否
ORD2024102209026,2024-10-22,P0109,西北,线上官网,3,3978.88,0.23,否
ORD2024021401340,2024-02-14,P0223,华南,线下经销商,1,467.31,0.0,否
ORD2024110709516,2024-11-07,P0013,华东,线下经销商,3,3172.77,0.23,否
ORD2024012500739,2024-01-25,P0182,华北,线上第三方,2,1124.68,0.0,否
ORD2024020100966,2024-02-01,P0352,西南,线上第三方,2,100.79,0.0,否
ORD2024010900253,2024-01-09,P0328,东北,线下经销商,5,18.07,0.0,否
ORD2024123011279,2024-12-30,P0452,西南,线下经销商,3,96.2,0.0,否
ORD2024030902099,2024-03-09,P0078,西南,线上第三方,2,2385.89,0.12,否
ORD2024012900873,2024-01-29,P0269,华中,企业团购,3,65.12,0.17,否
ORD2024050903950,2024-05-09,P0385,西南,线上第三方,1,719.05,0.11,否
ORD2024110109318,2024-11-01,P0039,西北,线下直营店,1,311.05,0.0,否
ORD2024040402885,2024-04-04,P0180,西南,线下经销商,6,1330.04,0.0,否
ORD2024121010672,2024-12-10,P0309,西南,线上第三方,1,183.09,0.0,否
ORD2024061605217,2024-06-16,P0006,东北,企业团购,1,767.63,0.0,否
ORD2024033102760,2024-03-31,P0489,西北,线下经销商,1,1971.17,0.0,否
ORD2024061505181,2024-06-15,P0410,东北,企业团购,5,857.84,0.0,否
ORD2024041803308,2024-04-18,P0208,华东,线上第三方,6,2082.18,0.25,否
ORD2024040402877,2024-04-04,P0259,西北,线上官网,3,185.23,0.0,否
ORD2024102109004,2024-10-21,P0178,华南,线上官网,2,982.24,0.0,否
ORD2024102709172,2024-10-27,P0144,华南,线下经销商,1,1211.54,0.0,否
ORD2024111109623,2024-11-11,P0185,华南,线上第三方,8,809.54,0.0,否
ORD2024042303459,2024-04-23,P0194,华东,线下经销商,6,1961.31,0.0,否
ORD2024083007440,2024-08-30,P0093,东北,线下直营店,1,4928.75,0.0,否
ORD2024050103692,2024-05-01,P0028,华东,线上官网,1,617.92,0.0,否
ORD2024121710885,2024-12-17,P0406,华南,线上官网,3,1340.35,0.0,否
ORD2024122411107,2024-12-24,P0025,华中,线上官网,2,3764.78,0.0,否
ORD2024011600448,2024-01-16,P0349,东北,线下直营店,1,163.56,0.0,否
ORD2024080406665,2024-08-04,P0146,西南,线下经销商,2,828.52,0.0,否
ORD2024010200057,2024-01-02,P0373,华东,线上第三方,3,1420.15,0.0,否
ORD2024090307583,2024-09-03,P0070,西南,线上第三方,4,4014.56,0.0,否
ORD2024041203095,2024-04-12,P0189,华中,线下经销商,6,855.3,0.0,否
ORD2024011600477,2024-01-16,P0019,华南,线下经销商,5,2157.26,0.0,否
ORD2024111109645,2024-11-11,P0363,西南,线下直营店,16,1351.04,0.0,否
ORD2024082307262,2024-08-23,P0487,东北,企业团购,2,1513.89,0.0,否
ORD2024092508217,2024-09-25,P0054,华北,线上官网,4,4709.66,0.0,是
ORD2024090407604,2024-09-04,P0274,华东,线下经销商,4,24.34,0.0,否
ORD2024082207223,2024-08-22,P0127,东北,线下直营店,4,3357.81,0.0,否
ORD2024081106888,2024-08-11,P0498,华南,线下经销商,1,1511.2,0.0,否
ORD2024091808025,2024-09-18,P0160,西南,线下经销商,2,1856.7,0.19,否
ORD2024012600751,2024-01-26,P0008,华北,线下直营店,2,2700.99,0.0,否
ORD2024121310772,2024-12-13,P0114,西南,企业团购,1,2969.81,0.26,否
ORD2024113010391,2024-11-30,P0196,华南,线下经销商,1,443.47,0.0,否
ORD2024011400377,2024-01-14,P0348,西南,线上第三方,1,44.53,0.0,否
ORD2024062105360,2024-06-21,P0085,华北,线上第三方,3,2308.44,0.0,否
ORD2024062505479,2024-06-25,P0025,西南,线下经销商,5,3803.43,0.0,否
ORD2024121610864,2024-12-16,P0164,西南,线下直营店,3,386.46,0.08,否
ORD2024081807106,2024-08-18,P0221,西南,企业团购,1,1999.04,0.0,否
ORD2024101608851,2024-10-16,P0031,东北,企业团购,1,2723.07,0.0,否
ORD2024123111314,2024-12-31,P0416,华南,线下直营店,1,882.28,0.0,否
ORD2024111109642,2024-11-11,P0477,华北,线下直营店,16,2039.45,0.0,否
ORD2024032002423,2024-03-20,P0088,华东,企业团购,4,2996.28,0.0,否
ORD2024050703858,2024-05-07,P0488,西南,线上第三方,3,791.7,0.09,否
ORD2024051904234,2024-05-19,P0351,西南,企业团购,2,79.52,0.23,否
ORD2024110509448,2024-11-05,P0169,东北,线上第三方,2,1538.48,0.0,否
ORD2024121710900,2024-12-17,P0378,西北,线上官网,1,629.55,0.0,否
ORD2024052504412,2024-05-25,P0374,华东,线上第三方,3,724.41,0.0,否
ORD2024121410798,2024-12-14,P0204,华中,线上第三方,2,216.04,0.0,否
ORD2024081006843,2024-08-10,P0030,东北,线下直营店,2,3675.33,0.0,否
ORD2024091507920,2024-09-15,P0071,华南,线上官网,1,4405.58,0.0,否
ORD2024061505051,2024-06-15,P0243,华北,线上官网,5,665.6,0.0,否
ORD2024060304668,2024-06-03,P0202,华东,线下直营店,5,1144.23,0.0,否
ORD2024050603839,2024-05-06,P0393,西北,线上第三方,2,1116.95,0.0,否
ORD2024010800228,2024-01-08,P0301,华中,线下经销商,4,148.55,0.0,否
ORD2024061004897,2024-06-10,P0375,华南,线上第三方,2,228.86,0.0,否
ORD2024031602318,2024-03-16,P0106,华北,线下直营店,1,3310.88,0.0,否
ORD2024081507019,2024-08-15,P0336,西北,线上第三方,4,185.44,0.0,否
ORD2024101408810,2024-10-14,P0320,华东,线上官网,2,116.48,0.3,否
ORD2024021901509,2024-02-19,P0473,华南,线下直营店,4,1773.99,0.0,否
ORD2024090207535,2024-09-02,P0462,西北,线下直营店,3,423.24,0.0,否
ORD2024120610580,2024-12-06,P0208,华中,线上官网,1,2033.93,0.0,否
ORD2024022501685,2024-02-25,P0332,华北,线下直营店,1,98.23,0.0,否
ORD2024011700500,2024-01-17,P0495,华北,企业团购,3,1234.25,0.0,否
ORD2024101908938,2024-10-19,P0415,华北,企业团购,1,1250.46,0.0,否
ORD2024101308773,2024-10-13,P0491,华中,线上官网,1,987.54,0.0,否
ORD2024030201878,2024-03-02,P0414,东北,企业团购,1,389.66,0.0,否
ORD2024111109826,2024-11-11,P0326,西北,线下经销商,8,163.97,0.0,否
ORD2024011800514,2024-01-18,P0427,华北,线下直营店,4,694.23,0.0,否
ORD2024053104610,2024-05-31,P0486,西北,线上官网,3,631.5,0.0,否
ORD2024032602614,2024-03-26,P0395,华东,线上第三方,2,1075.77,0.0,否
ORD2024081607045,2024-08-16,P0288,东北,线下直营店,3,49.35,0.0,否
ORD2024053104605,2024-05-31,P0449,华南,企业团购,3,919.67,0.22,否
ORD2024101008694,2024-10-10,P0042,华东,线下经销商,1,4256.2,0.0,否
ORD2024011600475,2024-01-16,P0279,华北,线下直营店,1,142.84,0.08,否
ORD2024112210156,2024-11-22,P0085,华东,线上第三方,2,2247.74,0.0,否
ORD2024032602612,2024-03-26,P0271,西南,线下经销商,3,35.62,0.0,否
ORD2024120410504,2024-12-04,P0026,华南,线下直营店,3,3129.27,0.0,否
ORD2024111309892,2024-11-13,P0254,西南,企业团购,1,28.29,0.0,否
ORD2024011700481,2024-01-17,P0423,西北,线下经销商,3,609.06,0.29,否
ORD2024111409929,2024-11-14,P0352,西南,线上官网,1,98.13,0.0,否
ORD2024052004263,2024-05-20,P0355,华北,线下经销商,2,13.44,0.0,否
ORD2024072606413,2024-07-26,P0418,华南,线上官网,3,109.66,0.16,否
ORD2024033102761,2024-03-31,P0162,华中,线下直营店,3,1827.88,0.3,否
ORD2024121010685,2024-12-10,P0088,东北,线下经销商,4,3199.1,0.25,否
ORD2024102008966,2024-10-20,P0184,东北,线下经销商,1,702.82,0.0,是
ORD2024080706754,2024-08-07,P0203,华中,线上第三方,2,1876.97,0.0,否
ORD2024111109812,2024-11-11,P0259,华中,线上官网,24,191.93,0.0,否
ORD2024021401350,2024-02-14,P0491,西北,企业团购,4,966.91,0.0,否
ORD2024102409080,2024-10-24,P0130,东北,线上官网,3,805.0,0.0,否
ORD2024051504116,2024-05-15,P0309,西南,线下直营店,2,185.84,0.0,否
ORD2024052504420,2024-05-25,P0083,华中,线下直营店,1,875.97,0.0,否
ORD2024100108400,2024-10-01,P0249,华北,线下经销商,3,20.5,0.0,否
ORD2024060604772,2024-06-06,P0122,华中,线下经销商,1,4164.07,0.0,否
ORD2024081006862,2024-08-10,P0347,华北,线上第三方,1,170.65,0.0,是
ORD2024022201607,2024-02-22,P0490,西北,线下直营店,3,1825.66,0.0,否
ORD2024052304368,2024-05-23,P0498,西北,企业团购,3,1575.64,0.0,否
ORD2024080706759,2024-08-07,P0088,西北,线下直营店,4,3084.67,0.0,否
ORD2024051704203,2024-05-17,P0081,西南,线上第三方,3,2569.49,0.0,否
ORD2024022401660,2024-02-24,P0373,华中,线上官网,1,1562.58,0.13,否
ORD2024021701447,2024-02-17,P0122,东北,线下经销商,1,4150.11,0.0,否
ORD2024061905318,2024-06-19,P0054,东北,线上官网,5,4774.14,0.0,否
ORD2024020301021,2024-02-03,P0362,华中,线下直营店,2,1233.26,0.0,否
ORD2024012400706,2024-01-24,P0424,华中,线上官网,1,133.07,0.0,否
ORD2024041703265,2024-04-17,P0328,华南,线下直营店,2,18.65,0.0,否
ORD2024030201867,2024-03-02,P0159,西北,线上官网,1,1451.01,0.08,否
ORD2024092808318,2024-09-28,P0047,东北,线上官网,1,1564.23,0.0,否
ORD2024040302848,2024-04-03,P0263,华中,企业团购,1,121.57,0.23,否
ORD2024121510840,2024-12-15,P0374,华东,线下直营店,1,756.25,0.0,否
ORD2024031002123,2024-03-10,P0262,华北,线下经销商,3,173.81,0.0,否
ORD2024102709167,2024-10-27,P0452,西南,企业团购,1,94.46,0.0,否
ORD2024030301922,2024-03-03,P0469,西南,线上第三方,2,319.27,0.21,否
ORD2024101308770,2024-10-13,P0276,华北,线上第三方,2,191.67,0.0,否
ORD2024072706424,2024-07-27,P0050,西北,企业团购,1,2150.93,0.0,否
ORD2024051404101,2024-05-14,P0343,华中,线上官网,5,79.61,0.0,否
ORD2024021601420,2024-02-16,P0055,华北,线下经销商,3,700.03,0.0,否
ORD2024082007149,2024-08-20,P0298,华北,线上官网,1,109.46,0.0,否
ORD2024041103064,2024-04-11,P0223,西北,企业团购,2,471.05,0.0,否
ORD2024120210446,2024-12-02,P0402,华北,线下经销商,1,625.31,0.0,否
ORD2024030702026,2024-03-07,P0036,华北,线下经销商,3,1139.57,0.0,否
ORD2024012000595,2024-01-20,P0336,华南,企业团购,2,187.62,0.0,否
ORD2024022101559,2024-02-21,P0469,华北,线上官网,5,295.34,0.0,否
ORD2024111109687,2024-11-11,P0204,西南,线下直营店,32,233.54,0.0,否
ORD2024120810615,2024-12-08,P0353,东北,线上官网,1,26.77,0.0,否
ORD2024062105364,2024-06-21,P0254,西南,线下经销商,5,28.95,0.07,否
ORD2024030802059,2024-03-08,P0336,华南,线下直营店,4,192.7,0.0,否
ORD2024052104292,2024-05-21,P0321,西南,线上官网,2,135.15,0.0,否
ORD2024110309386,2024-11-03,P0115,华东,线上第三方,1,3811.21,0.0,否
ORD2024050403782,2024-05-04,P0006,华东,线下直营店,3,769.7,0.0,否
ORD2024051604150,2024-05-16,P0185,西南,线上官网,1,845.75,0.26,否
ORD2024121610859,2024-12-16,P0372,华北,线下直营店,3,1377.85,0.0,否
ORD2024082507300,2024-08-25,P0317,西南,企业团购,1,34.34,0.0,否
ORD2024041803300,2024-04-18,P0430,华东,线上第三方,4,1183.96,0.0,否
ORD2024092008072,2024-09-20,P0256,华南,企业团购,3,43.22,0.0,否
ORD2024072106271,2024-07-21,P0318,华南,线下经销商,1,120.68,0.0,否
ORD2024071906188,2024-07-19,P0112,东北,企业团购,3,4804.41,0.0,否
ORD2024080806793,2024-08-08,P0300,西南,线上官网,1,76.84,0.0,否
ORD2024101808926,2024-10-18,P0427,华东,线下直营店,4,746.8,0.0,否
ORD2024011100293,2024-01-11,P0091,西北,企业团购,1,908.56,0.0,否
ORD2024122711190,2024-12-27,P0075,华中,线下直营店,2,4882.15,0.0,否
ORD2024081707050,2024-08-17,P0279,西南,线下经销商,1,151.2,0.0,否
ORD2024061505047,2024-06-15,P0316,华中,线下经销商,5,49.61,0.0,否
ORD2024112110131,2024-11-21,P0001,华南,线上第三方,1,611.7,0.0,否
ORD2024112010087,2024-11-20,P0235,华南,线下经销商,2,2748.75,0.0,否
ORD2024122811221,2024-12-28,P0446,华北,线下经销商,1,416.33,0.22,否
ORD2024100508539,2024-10-05,P0421,华南,线下经销商,1,288.32,0.0,否
ORD2024021301319,2024-02-13,P0192,华东,线上官网,5,1036.48,0.0,否
ORD2024080206595,2024-08-02,P0103,西南,线下直营店,3,4529.76,0.15,否
ORD2024042903617,2024-04-29,P0408,华南,线上官网,3,198.02,0.0,否
ORD2024063005651,2024-06-30,P0144,东北,线下经销商,2,1282.38,0.0,否
ORD2024070705852,2024-07-07,P0180,西北,线上第三方,1,1339.62,0.08,否
ORD2024071306019,2024-07-13,P0293,华中,线上第三方,1,48.39,0.0,否
ORD2024100208447,2024-10-02,P0489,东北,线下直营店,1,1917.66,0.0,否
ORD2024083007453,2024-08-30,P0311,华北,线上第三方,2,68.85,0.28,否
ORD2024061805280,2024-06-18,P0412,华北,线下经销商,1,1046.09,0.0,否
ORD2024072806456,2024-07-28,P0343,东北,线上官网,1,73.5,0.0,否
ORD2024101508845,2024-10-15,P0115,西北,线下经销商,1,3622.89,0.0,否
ORD2024063005642,2024-06-30,P0489,东北,企业团购,1,1860.83,0.22,否
ORD2024062305428,2024-06-23,P0238,东北,线下经销商,1,579.49,0.19,否
ORD2024080106569,2024-08-01,P0430,西南,线下经销商,2,1217.96,0.0,是
ORD2024050703887,2024-05-07,P0270,西北,线下经销商,5,132.53,0.0,否
ORD2024111209854,2024-11-12,P0361,东北,线下经销商,3,1085.08,0.0,否
ORD2024122911246,2024-12-29,P0184,华南,线上官网,1,720.37,0.0,否
ORD2024041603235,2024-04-16,P0075,华南,线上第三方,1,5152.17,0.2,否
ORD2024052104289,2024-05-21,P0313,华东,线上官网,2,89.81,0.19,否
ORD2024100108423,2024-10-01,P0054,华中,线上第三方,1,4642.95,0.0,否
ORD2024012800838,2024-01-28,P0291,西北,线上第三方,1,35.51,0.29,否
ORD2024041503205,2024-04-15,P0411,东北,企业团购,2,253.79,0.0,否
ORD2024041703252,2024-04-17,P0267,华中,线下经销商,2,125.99,0.0,否
ORD2024030602007,2024-03-06,P0438,西北,线上官网,3,1384.56,0.0,否
ORD2024072406361,2024-07-24,P0246,华东,线上第三方,3,64.39,0.06,否
ORD2024051104005,2024-05-11,P0011,华南,线上官网,2,1959.02,0.0,否
ORD2024092508215,2024-09-25,P0446,华南,线下直营店,2,391.01,0.0,否
ORD2024043003669,2024-04-30,P0100,东北,线下直营店,3,2186.26,0.0,否
ORD2024080806783,2024-08-08,P0270,华东,线下经销商,1,139.73,0.0,否
ORD2024060404707,2024-06-04,P0463,华东,线上第三方,2,462.81,0.0,否
ORD2024102909215,2024-10-29,P0439,华北,企业团购,1,1331.77,0.0,否
ORD2024040502920,2024-04-05,P0143,华东,线下经销商,4,777.81,0.0,否
ORD2024061204978,2024-06-12,P0072,华南,线上第三方,5,4014.17,0.0,否
ORD2024102609140,2024-10-26,P0220,华东,线上官网,1,1985.97,0.0,否
ORD2024010600158,2024-01-06,P0076,西南,线下经销商,3,3235.19,0.0,否
ORD2024083007455,2024-08-30,P0080,华北,企业团购,3,4535.46,0.0,否
ORD2024120710603,2024-12-07,P0184,华南,企业团购,1,717.22,0.0,否
ORD2024021701442,2024-02-17,P0299,华东,企业团购,1,117.38,0.0,否
ORD2024072806473,2024-07-28,P0008,华南,企业团购,1,2764.93,0.0,否
ORD2024100308472,2024-10-03,P0173,东北,线上官网,4,2110.65,0.0,否
ORD2024061004901,2024-06-10,P0305,西南,线下直营店,2,63.62,0.0,否
ORD2024102209035,2024-10-22,P0016,东北,线上官网,3,369.97,0.0,否
ORD2024062105372,2024-06-21,P0367,西北,线上第三方,5,822.46,0.3,是
ORD2024061305004,2024-06-13,P0033,西南,企业团购,5,2112.61,0.0,否
ORD2024110709492,2024-11-07,P0225,东北,线上第三方,2,1226.61,0.0,否
ORD2024081306952,2024-08-13,P0042,华中,企业团购,3,3925.35,0.0,否
ORD2024030501964,2024-03-05,P0323,西南,线上官网,4,200.69,0.26,否
ORD2024092008080,2024-09-20,P0405,华北,线下经销商,2,1205.76,0.0,否
ORD2024061204973,2024-06-12,P0008,东北,线上第三方,4,2602.65,0.0,否
ORD2024061304985,2024-06-13,P0402,东北,线下经销商,3,618.23,0.0,否
ORD2024092408200,2024-09-24,P0371,西北,线上第三方,1,1185.37,0.0,否
ORD2024092308160,2024-09-23,P0031,华东,线上官网,2,2902.84,0.0,否
ORD2024041703275,2024-04-17,P0011,东北,企业团购,6,1954.68,0.0,否
ORD2024102209032,2024-10-22,P0473,华南,线上第三方,2,1701.94,0.0,否
ORD2024071105956,2024-07-11,P0425,华中,企业团购,1,308.97,0.0,否
ORD2024022001544,2024-02-20,P0376,华南,企业团购,3,1333.14,0.0,否
ORD2024062005336,2024-06-20,P0421,西北,线下经销商,5,270.57,0.0,否
ORD2024080306650,2024-08-03,P0075,华南,线上官网,1,5046.37,0.24,是
ORD2024031502269,2024-03-15,P0246,华北,线下经销商,4,63.84,0.0,否
ORD2024072306308,2024-07-23,P0060,华北,线下直营店,5,1068.88,0.0,否
ORD2024072606394,2024-07-26,P0331,华北,线下直营店,1,41.4,0.0,否
ORD2024110309389,2024-11-03,P0173,华南,线上官网,1,2005.06,0.0,否
ORD2024101608867,2024-10-16,P0424,西南,线下经销商,1,139.22,0.2,否
ORD2024012100604,2024-01-21,P0153,西北,线上第三方,3,1666.41,0.0,否
ORD2024041903335,2024-04-19,P0117,华北,企业团购,2,3726.84,0.0,是
ORD2024112510264,2024-11-25,P0425,华南,线下经销商,1,294.76,0.0,否
ORD2024011400394,2024-01-14,P0217,华中,企业团购,1,1061.12,0.0,否
ORD2024112910367,2024-11-29,P0170,华北,线上官网,2,1159.69,0.0,否
ORD2024032802649,2024-03-28,P0397,东北,线上第三方,1,797.6,0.0,否
ORD2024072106246,2024-07-21,P0358,西南,线下直营店,3,819.28,0.22,否
ORD2024121510838,2024-12-15,P0254,西南,线下直营店,1,29.59,0.23,否
ORD2024072206283,2024-07-22,P0036,东北,企业团购,2,1225.39,0.0,否
ORD2024101708873,2024-10-17,P0159,东北,线上第三方,1,1411.17,0.0,否
ORD2024092608270,2024-09-26,P0271,华中,线上第三方,4,34.3,0.0,否
ORD2024050203722,2024-05-02,P0133,西北,线下经销商,2,2750.92,0.0,否
ORD2024061505115,2024-06-15,P0164,西南,线下经销商,5,387.47,0.0,否
ORD2024050903939,2024-05-09,P0237,华南,线上第三方,4,533.05,0.29,否
ORD2024092008099,2024-09-20,P0115,东北,企业团购,2,3504.8,0.09,否
ORD2024091607966,2024-09-16,P0389,华北,线下经销商,1,721.25,0.0,否
ORD2024070905897,2024-07-09,P0279,西北,线下经销商,3,144.44,0.0,否
ORD2024112010086,2024-11-20,P0257,华南,线下经销商,1,191.14,0.0,否
ORD2024082907437,2024-08-29,P0071,东北,线上官网,2,4308.32,0.0,否
ORD2024050903947,2024-05-09,P0330,西北,线上官网,2,92.44,0.0,否
ORD2024110809532,2024-11-08,P0267,西南,线上第三方,3,123.94,0.0,否
ORD2024011400402,2024-01-14,P0034,华南,线上第三方,3,152.35,0.0,否
ORD2024121810934,2024-12-18,P0177,华南,线下直营店,4,263.18,0.0,否
ORD2024022301632,2024-02-23,P0309,华南,线下经销商,4,184.3,0.0,否
ORD2024091607976,2024-09-16,P0037,华北,线下经销商,3,3005.17,0.16,否
ORD2024041103081,2024-04-11,P0360,华东,企业团购,2,926.79,0.0,否
ORD2024071806182,2024-07-18,P0132,西南,企业团购,2,1554.04,0.0,否
ORD2024070205702,2024-07-02,P0227,华北,企业团购,1,1063.02,0.0,否
ORD2024060304699,2024-06-03,P0102,西北,线下直营店,2,4130.64,0.0,否
ORD2024122711194,2024-12-27,P0337,华中,线上官网,4,11.13,0.0,否
ORD2024070705854,2024-07-07,P0436,华中,线上官网,3,1263.95,0.0,否
ORD2024110809526,2024-11-08,P0409,华东,企业团购,1,1356.6,0.21,否
ORD2024072306312,2024-07-23,P0211,东北,线上第三方,1,586.83,0.14,否
ORD2024071606124,2024-07-16,P0117,西南,线下经销商,3,3780.38,0.0,否
ORD2024092908345,2024-09-29,P0497,华南,线下直营店,1,483.4,0.0,否
ORD2024081206926,2024-08-12,P0237,华南,线上第三方,4,527.94,0.0,否
ORD2024052004282,2024-05-20,P0033,华北,线下经销商,5,2098.22,0.0,否
ORD2024073106552,2024-07-31,P0472,华南,线下直营店,1,676.33,0.0,否
ORD2024030802068,2024-03-08,P0064,华东,企业团购,4,226.84,0.0,否
ORD2024111409941,2024-11-14,P0397,华北,企业团购,2,847.86,0.0,否
ORD2024022201600,2024-02-22,P0406,华南,企业团购,3,1448.82,0.0,否
ORD2024100908675,2024-10-09,P0029,西北,线下经销商,2,1131.47,0.0,否
ORD2024021501386,2024-02-15,P0437,西南,线上第三方,1,1278.19,0.2,否
ORD2024121010686,2024-12-10,P0171,华北,线上第三方,1,1162.01,0.16,否
ORD2024052804526,2024-05-28,P0147,华东,线下经销商,1,648.0,0.0,否
ORD2024021601406,2024-02-16,P0312,华南,线上第三方,4,97.36,0.29,否
ORD2024012800810,2024-01-28,P0349,华中,线上第三方,2,163.09,0.26,否
ORD2024092908340,2024-09-29,P0004,华中,企业团购,1,3257.05,0.0,否
ORD2024030702030,2024-03-07,P0103,西南,企业团购,5,4301.71,0.0,否
ORD2024091207853,2024-09-12,P0096,华东,企业团购,1,1434.95,0.0,否
ORD2024063005644,2024-06-30,P0408,华中,线上第三方,3,198.16,0.0,是
ORD2024122811216,2024-12-28,P0189,华中,企业团购,1,867.77,0.0,否
ORD2024101508832,2024-10-15,P0217,华中,企业团购,1,1076.3,0.0,否
ORD2024022501703,2024-02-25,P0131,华东,线下经销商,3,2306.28,0.0,否
ORD2024061705236,2024-06-17,P0400,东北,企业团购,5,1332.01,0.0,否
ORD2024042403486,2024-04-24,P0106,华北,线上官网,4,3365.52,0.0,否
ORD2024040502904,2024-04-05,P0178,华东,线下直营店,1,1041.12,0.0,否
ORD2024052404393,2024-05-24,P0431,华北,线下经销商,4,528.23,0.0,否
ORD2024111209867,2024-11-12,P0375,东北,线上官网,3,216.2,0.0,否
ORD2024052504404,2024-05-25,P0478,东北,企业团购,2,1109.53,0.0,否
ORD2024110909571,2024-11-09,P0188,西北,线上官网,1,1151.63,0.0,否
ORD2024030201881,2024-03-02,P0248,东北,企业团购,2,18.54,0.0,否
ORD2024041103089,2024-04-11,P0457,西南,企业团购,3,691.79,0.09,否
ORD2024041403182,2024-04-14,P0107,西北,线下经销商,1,1276.1,0.0,否
ORD2024111109805,2024-11-11,P0122,西北,线下经销商,8,3958.58,0.0,否
ORD2024110809530,2024-11-08,P0269,东北,线下经销商,1,65.95,0.0,否
ORD2024031502288,2024-03-15,P0332,华北,线上官网,1,97.43,0.0,否
ORD2024101108729,2024-10-11,P0213,华南,线下直营店,1,756.71,0.0,否
ORD2024100208448,2024-10-02,P0262,华南,线上官网,3,174.28,0.0,否
ORD2024102609135,2024-10-26,P0111,东北,企业团购,1,143.1,0.12,否
ORD2024082407266,2024-08-24,P0214,华北,企业团购,1,1752.83,0.0,否
ORD2024091808020,2024-09-18,P0334,华中,线下经销商,1,57.52,0.0,否
ORD2024050303747,2024-05-03,P0047,东北,线上官网,3,1479.71,0.0,否
ORD2024020401047,2024-02-04,P0241,华东,线上官网,1,2679.94,0.0,否
ORD2024111109769,2024-11-11,P0008,西南,线上第三方,16,2610.93,0.0,否
ORD2024053104611,2024-05-31,P0080,华北,线下经销商,2,4691.48,0.0,否
ORD2024122811233,2024-12-28,P0077,华北,线下直营店,2,2711.18,0.0,否
ORD2024081206900,2024-08-12,P0045,东北,线上官网,2,1967.41,0.0,否
ORD2024022101569,2024-02-21,P0162,华东,线上第三方,1,1706.55,0.15,否
ORD2024011600463,2024-01-16,P0204,华南,企业团购,1,221.84,0.18,否
ORD2024012500744,2024-01-25,P0167,东北,线上第三方,5,882.3,0.0,否
ORD2024010800223,2024-01-08,P0220,西南,线上官网,1,2000.69,0.0,否
ORD2024080506700,2024-08-05,P0012,西北,企业团购,4,1134.8,0.0,否
ORD2024061805255,2024-06-18,P0299,华北,线上第三方,4,112.03,0.0,否
ORD2024112810347,2024-11-28,P0005,西北,线下直营店,1,4140.62,0.28,否
ORD2024012200626,2024-01-22,P0289,西北,线上官网,3,77.47,0.0,否
ORD2024072006215,2024-07-20,P0096,西南,线下经销商,1,1397.42,0.0,否
ORD2024070505806,2024-07-05,P0114,华东,企业团购,1,2887.26,0.0,否
ORD2024031202189,2024-03-12,P0500,东北,线下经销商,4,738.94,0.09,否
ORD2024031102178,2024-03-11,P0001,西南,企业团购,4,561.07,0.0,否
ORD2024082707360,2024-08-27,P0070,东北,线下经销商,1,4025.42,0.0,否
ORD2024061505146,2024-06-15,P0020,华中,企业团购,5,3708.03,0.22,否
ORD2024102108994,2024-10-21,P0194,华东,线下直营店,4,1877.2,0.0,否
ORD2024111609988,2024-11-16,P0453,西南,企业团购,1,69.13,0.0,否
ORD2024043003650,2024-04-30,P0035,西南,线上官网,2,3451.51,0.0,否
ORD2024110509423,2024-11-05,P0477,西北,企业团购,2,1941.86,0.0,否
ORD2024011300354,2024-01-13,P0482,西南,企业团购,1,1142.21,0.0,否
ORD2024041903320,2024-04-19,P0324,华东,企业团购,1,109.67,0.0,否
ORD2024011600457,2024-01-16,P0048,西北,企业团购,3,1536.78,0.0,否
ORD2024040903014,2024-04-09,P0323,华东,企业团购,6,202.35,0.0,否
ORD2024091207848,2024-09-12,P0241,华南,线上第三方,4,2807.92,0.0,否
ORD2024010900240,2024-01-09,P0292,东北,线下直营店,5,150.9,0.0,否
ORD2024081406960,2024-08-14,P0290,西北,线上官网,1,11.26,0.0,否
ORD2024101308766,2024-10-13,P0297,西南,企业团购,1,126.35,0.0,否
ORD2024070105668,2024-07-01,P0317,华东,企业团购,3,33.23,0.0,否
ORD2024062505509,2024-06-25,P0089,西南,线下经销商,4,3666.32,0.0,否
ORD2024062105362,2024-06-21,P0339,西南,企业团购,4,138.73,0.0,否
ORD2024082207221,2024-08-22,P0433,东北,线下经销商,1,1092.31,0.0,否
ORD2024091107810,2024-09-11,P0025,东北,企业团购,1,3829.54,0.0,否
ORD2024020301019,2024-02-03,P0074,华南,线上官网,1,1944.97,0.2,否
ORD2024071906202,2024-07-19,P0146,东北,线下直营店,4,822.29,0.0,否
ORD2024091507938,2024-09-15,P0418,华东,线上第三方,1,115.74,0.0,否
ORD2024022701761,2024-02-27,P0288,华北,线上第三方,5,48.5,0.07,否
ORD2024040702964,2024-04-07,P0126,华中,线上官网,2,451.02,0.16,否
ORD2024111509954,2024-11-15,P0224,华东,线上官网,1,1013.83,0.0,否
ORD2024111109618,2024-11-11,P0096,华东,企业团购,32,1480.43,0.16,否
ORD2024020601104,2024-02-06,P0089,华中,线上官网,5,3743.81,0.0,否
ORD2024103109304,2024-10-31,P0145,华东,线下经销商,3,2064.44,0.24,否
ORD2024042103404,2024-04-21,P0310,华南,线下直营店,2,119.69,0.0,否
ORD2024041303147,2024-04-13,P0088,华东,线下经销商,2,3076.95,0.0,否
ORD2024051704206,2024-05-17,P0406,东北,线上官网,3,1378.06,0.0,否
ORD2024051504128,2024-05-15,P0225,西北,线下直营店,5,1222.6,0.0,否
ORD2024113010387,2024-11-30,P0348,华东,线下直营店,1,44.72,0.0,否
ORD2024120210465,2024-12-02,P0386,华东,线上第三方,1,885.79,0.0,否
ORD2024071706144,2024-07-17,P0435,西北,线下经销商,3,419.36,0.0,否
ORD2024121010675,2024-12-10,P0106,西北,企业团购,2,3206.27,0.0,否
ORD2024080506698,2024-08-05,P0185,华北,线上官网,3,831.1,0.0,是
ORD2024111109735,2024-11-11,P0367,东北,企业团购,24,845.25,0.0,否
ORD2024102609133,2024-10-26,P0180,华东,线下经销商,1,1359.93,0.0,否
ORD2024110809535,2024-11-08,P0383,西北,线上第三方,3,33.71,0.0,否
ORD2024052804519,2024-05-28,P0373,西北,企业团购,3,1439.19,0.0,否
ORD2024020401035,2024-02-04,P0392,华南,线上第三方,2,255.97,0.0,否
ORD2024031402265,2024-03-14,P0016,华中,线上官网,3,366.16,0.0,否
ORD2024052704481,2024-05-27,P0123,华东,线下经销商,1,2212.73,0.0,否
ORD2024050703871,2024-05-07,P0156,华南,线上官网,3,1004.01,0.0,否
ORD2024080206612,2024-08-02,P0021,华东,线下直营店,2,2186.46,0.0,否
ORD2024013000907,2024-01-30,P0416,西北,企业团购,4,858.05,0.0,否
ORD2024081807081,2024-08-18,P0157,华东,线下经销商,1,1606.04,0.0,否
ORD2024091808012,2024-09-18,P0363,华中,线下直营店,3,1346.72,0.0,否
ORD2024082507310,2024-08-25,P0122,华东,线下直营店,2,4187.72,0.14,否
ORD2024110709506,2024-11-07,P0023,华中,线上第三方,4,3706.49,0.0,否
ORD2024083007444,2024-08-30,P0091,华东,企业团购,1,948.28,0.0,否
ORD2024041503211,2024-04-15,P0248,华中,线下直营店,1,17.85,0.0,否
ORD2024031502287,2024-03-15,P0075,华南,线上官网,3,5183.74,0.0,是
ORD2024102609145,2024-10-26,P0310,华东,线下直营店,1,117.59,0.0,否
ORD2024060104618,2024-06-01,P0001,西南,企业团购,1,604.54,0.16,否
ORD2024122811226,2024-12-28,P0421,西南,线上官网,1,272.94,0.0,否
ORD2024100208438,2024-10-02,P0444,华中,线下经销商,1,1132.04,0.0,否
ORD2024050103685,2024-05-01,P0187,西北,线下直营店,3,2844.38,0.0,否
ORD2024093008387,2024-09-30,P0007,华东,线下直营店,2,1844.39,0.0,否
ORD2024050603834,2024-05-06,P0110,华北,线上官网,1,4194.96,0.0,否
ORD2024062305425,2024-06-23,P0051,东北,线上第三方,3,3279.27,0.0,否
ORD2024122111029,2024-12-21,P0245,东北,线上第三方,1,2985.47,0.0,否
ORD2024101208741,2024-10-12,P0099,东北,线下经销商,2,2016.85,0.0,否
ORD2024092708280,2024-09-27,P0261,东北,线上官网,1,96.05,0.0,否
ORD2024051104002,2024-05-11,P0476,华北,线上官网,2,1489.23,0.0,否
ORD2024111509949,2024-11-15,P0431,东北,线上第三方,1,528.86,0.0,否
ORD2024030301902,2024-03-03,P0080,东北,企业团购,1,4638.99,0.0,否
ORD2024043003670,2024-04-30,P0255,西南,线下经销商,6,190.84,0.0,否
ORD2024112110133,2024-11-21,P0209,华东,企业团购,1,1189.51,0.0,否
ORD2024022101570,2024-02-21,P0216,华东,企业团购,4,1588.79,0.0,否
ORD2024061505093,2024-06-15,P0414,华南,企业团购,5,386.29,0.26,否
ORD2024011200348,2024-01-12,P0335,华东,企业团购,3,36.08,0.0,否
ORD2024021001243,2024-02-10,P0036,西北,线下经销商,3,1143.37,0.0,否
ORD2024011500421,2024-01-15,P0080,华中,企业团购,5,4590.52,0.25,否
ORD2024100608573,2024-10-06,P0246,西南,线上官网,2,60.96,0.0,否
ORD2024070105677,2024-07-01,P0305,华北,企业团购,2,66.21,0.0,否
ORD2024111209862,2024-11-12,P0030,东北,线下直营店,2,3754.58,0.0,否
ORD2024090307573,2024-09-03,P0055,华中,线上第三方,1,641.93,0.0,否
ORD2024072706439,2024-07-27,P0173,华东,线下经销商,2,2034.31,0.0,否
ORD2024092208140,2024-09-22,P0458,西北,线下直营店,2,131.19,0.0,否
ORD2024111209884,2024-11-12,P0234,华北,线下经销商,4,1615.13,0.0,否
ORD2024020401032,2024-02-04,P0336,西北,线上官网,3,182.81,0.0,否
ORD2024072206274,2024-07-22,P0129,华中,线上第三方,4,1060.28,0.0,否
ORD2024041903330,2024-04-19,P0131,西南,线上官网,1,2234.26,0.0,否
ORD2024081907145,2024-08-19,P0438,西南,线下经销商,4,1446.74,0.0,否
ORD2024071706136,2024-07-17,P0223,西南,线上第三方,3,453.98,0.21,否
ORD2024091307863,2024-09-13,P0498,华南,线下经销商,3,1637.4,0.0,否
ORD2024012600764,2024-01-26,P0284,华中,线下经销商,3,83.47,0.0,否
ORD2024111910080,2024-11-19,P0246,西北,线下直营店,1,60.18,0.0,否
ORD2024042303438,2024-04-23,P0293,西北,企业团购,4,48.77,0.16,否
ORD2024111810032,2024-11-18,P0073,华北,线下经销商,4,1736.87,0.0,否
ORD2024032202485,2024-03-22,P0055,西北,线下直营店,1,666.59,0.0,否
ORD2024021001223,2024-02-10,P0213,华北,线上第三方,1,783.22,0.0,否
ORD2024061505160,2024-06-15,P0091,华中,线上第三方,10,919.23,0.0,否
ORD2024031002135,2024-03-10,P0028,西南,线下直营店,2,612.98,0.0,否
ORD2024032002424,2024-03-20,P0036,华南,企业团购,5,1153.82,0.0,否
ORD2024040803003,2024-04-08,P0242,华中,线上官网,4,819.92,0.24,否
ORD2024100208459,2024-10-02,P0174,西南,企业团购,4,1814.82,0.28,否
ORD2024063005624,2024-06-30,P0449,华东,线上官网,1,964.05,0.0,是
ORD2024043003652,2024-04-30,P0460,华东,线上官网,3,547.97,0.0,否
ORD2024022101576,2024-02-21,P0061,西南,线上官网,3,489.14,0.08,否
ORD2024011800510,2024-01-18,P0378,西南,线上官网,1,620.22,0.18,否
ORD2024101508830,2024-10-15,P0309,华中,线上官网,4,184.04,0.0,否
ORD2024102409073,2024-10-24,P0179,华南,线上第三方,1,253.73,0.0,否
ORD2024100408499,2024-10-04,P0031,东北,企业团购,1,2855.14,0.0,否
ORD2024031602305,2024-03-16,P0119,华中,线下直营店,1,5021.58,0.27,否
ORD2024092108100,2024-09-21,P0256,西北,线下直营店,1,45.27,0.08,否
ORD2024050203718,2024-05-02,P0415,东北,企业团购,5,1275.55,0.0,否
ORD2024121710886,2024-12-17,P0270,华东,线上第三方,1,140.36,0.0,否
ORD2024021101260,2024-02-11,P0203,华南,线下直营店,1,1876.48,0.22,否
ORD2024061505121,2024-06-15,P0044,华东,线下经销商,5,1025.29,0.0,否
ORD2024051804210,2024-05-18,P0464,华东,企业团购,2,1122.83,0.08,否
ORD2024121810916,2024-12-18,P0433,华东,线下经销商,3,1152.72,0.08,否
ORD2024091607959,2024-09-16,P0032,华东,企业团购,3,3313.87,0.0,否
ORD2024012400712,2024-01-24,P0319,西南,线下直营店,5,195.42,0.0,否
ORD2024092608257,2024-09-26,P0472,华中,线下经销商,3,721.67,0.0,否
ORD2024112810344,2024-11-28,P0416,华东,线上官网,1,869.1,0.21,否
ORD2024041003049,2024-04-10,P0393,华中,企业团购,2,1047.67,0.0,否
ORD2024040702955,2024-04-07,P0255,华中,线上官网,3,182.62,0.0,否
ORD2024113010389,2024-11-30,P0255,华中,企业团购,1,179.54,0.0,否
ORD2024021501373,2024-02-15,P0339,西南,线上官网,2,133.54,0.15,否
ORD2024012400713,2024-01-24,P0130,东北,线下直营店,2,764.69,0.0,否
ORD2024041603220,2024-04-16,P0209,华北,线上第三方,1,1185.13,0.0,否
ORD2024081507014,2024-08-15,P0447,东北,线下经销商,2,377.42,0.0,否
ORD2024052504421,2024-05-25,P0444,华南,线下经销商,2,1139.11,0.0,否
ORD2024072506384,2024-07-25,P0131,东北,线上第三方,1,2245.25,0.14,否
ORD2024041703273,2024-04-17,P0331,东北,企业团购,4,38.99,0.0,否
ORD2024120610562,2024-12-06,P0188,西南,线下直营店,4,1085.19,0.0,否
ORD2024021801483,2024-02-18,P0195,西南,线上第三方,1,432.27,0.0,否
ORD2024021801490,2024-02-18,P0500,华中,线上第三方,1,797.29,0.0,否
ORD2024062405454,2024-06-24,P0299,华中,线下直营店,3,111.36,0.1,否
ORD2024060104630,2024-06-01,P0456,华中,线下直营店,3,604.79,0.0,否
ORD2024022801795,2024-02-28,P0127,华南,线上官网,2,3457.48,0.0,否
ORD2024070105655,2024-07-01,P0269,华北,线下直营店,3,71.9,0.0,否
ORD2024022901822,2024-02-29,P0163,西南,线上第三方,3,1288.09,0.0,否
ORD2024090207534,2024-09-02,P0028,华中,企业团购,2,650.64,0.0,否
ORD2024102609149,2024-10-26,P0046,华东,线下直营店,1,5008.63,0.0,否
ORD2024102709175,2024-10-27,P0099,西南,线下直营店,1,2147.68,0.2,否
ORD2024041103078,2024-04-11,P0330,东北,线下经销商,1,95.09,0.0,否
ORD2024022701742,2024-02-27,P0290,华中,线下经销商,5,11.2,0.0,否
ORD2024022401659,2024-02-24,P0452,华南,线上第三方,1,88.55,0.0,否
ORD2024010800213,2024-01-08,P0192,华南,线下直营店,2,1037.53,0.0,否
ORD2024081406959,2024-08-14,P0191,华中,企业团购,1,1400.35,0.09,否
ORD2024042303450,2024-04-23,P0142,华南,线上第三方,4,1967.01,0.0,否
ORD2024011200324,2024-01-12,P0089,西北,线上第三方,3,3723.43,0.0,否
ORD2024122111012,2024-12-21,P0260,华东,线上第三方,1,58.85,0.0,是
ORD2024020601098,2024-02-06,P0323,华北,线上官网,2,200.02,0.0,否
ORD2024111710006,2024-11-17,P0246,西北,线上第三方,1,63.18,0.18,否
ORD2024021501360,2024-02-15,P0426,华东,线上第三方,1,127.0,0.23,否
ORD2024011200335,2024-01-12,P0171,华南,线下经销商,1,1141.55,0.0,否
ORD2024111109759,2024-11-11,P0130,华北,企业团购,8,833.98,0.0,否
ORD2024022301614,2024-02-23,P0347,华东,线上第三方,5,162.79,0.0,否
ORD2024090607661,2024-09-06,P0254,西南,线上官网,1,28.31,0.0,否
ORD2024012700793,2024-01-27,P0479,东北,企业团购,1,1694.21,0.0,否
ORD2024010900234,2024-01-09,P0479,东北,企业团购,5,1654.97,0.0,否
ORD2024072406339,2024-07-24,P0224,华南,线上第三方,2,1013.78,0.0,否
ORD2024112310202,2024-11-23,P0220,华北,线下经销商,1,1907.28,0.0,否
ORD2024082507317,2024-08-25,P0183,西南,线上官网,1,562.84,0.0,否
ORD2024081607029,2024-08-16,P0277,西北,线下经销商,4,111.84,0.0,否
ORD2024101008678,2024-10-10,P0346,东北,企业团购,1,135.83,0.0,否
ORD2024082407282,2024-08-24,P0073,华北,线下直营店,2,1717.78,0.09,否
ORD2024060904869,2024-06-09,P0259,东北,线上官网,1,185.85,0.0,否
ORD2024121910953,2024-12-19,P0144,西南,线上官网,1,1202.04,0.0,否
ORD2024090707683,2024-09-07,P0244,东北,线上官网,2,2072.27,0.0,否
ORD2024040802996,2024-04-08,P0102,华东,线上第三方,3,4269.28,0.28,是
ORD2024072606408,2024-07-26,P0479,华中,企业团购,3,1811.82,0.0,是
ORD2024032002414,2024-03-20,P0054,华南,线下经销商,1,4821.78,0.0,否
ORD2024043003657,2024-04-30,P0006,华北,线上第三方,6,792.43,0.0,否
ORD2024101208731,2024-10-12,P0186,西南,线上第三方,1,472.36,0.05,否
ORD2024052304348,2024-05-23,P0415,华中,企业团购,2,1250.55,0.0,否
ORD2024101308765,2024-10-13,P0214,东北,线下经销商,1,1812.55,0.0,否
ORD2024051104004,2024-05-11,P0173,西南,线上第三方,2,2054.21,0.16,否
ORD2024012900872,2024-01-29,P0072,西北,线下经销商,5,4108.34,0.0,否
ORD2024072906503,2024-07-29,P0268,西北,线下直营店,1,74.95,0.27,否
ORD2024021101264,2024-02-11,P0440,西北,线下经销商,1,1314.21,0.17,否
ORD2024022301619,2024-02-23,P0009,华中,企业团购,1,3037.97,0.0,否
ORD2024100508535,2024-10-05,P0157,华南,企业团购,1,1591.69,0.0,否
ORD2024072006224,2024-07-20,P0153,华北,线上第三方,2,1752.34,0.0,否
ORD2024061505141,2024-06-15,P0035,华中,企业团购,5,3249.47,0.0,否
ORD2024091908056,2024-09-19,P0433,西南,线下直营店,2,1089.31,0.0,否
ORD2024110609470,2024-11-06,P0049,西北,线上第三方,3,4876.79,0.0,否
ORD2024041803289,2024-04-18,P0452,华东,线上官网,3,92.21,0.0,否
ORD2024021001221,2024-02-10,P0191,华东,企业团购,1,1401.82,0.0,否
ORD2024121610857,2024-12-16,P0318,华北,企业团购,1,115.61,0.0,否
ORD2024022701766,2024-02-27,P0418,华南,线上官网,5,117.38,0.0,否
ORD2024073006504,2024-07-30,P0461,华南,线下直营店,5,149.35,0.23,否
ORD2024032102457,2024-03-21,P0102,华中,线上第三方,3,4049.17,0.0,否
ORD2024081507018,2024-08-15,P0137,华北,线上第三方,1,768.21,0.0,否
ORD2024102609150,2024-10-26,P0036,华中,线下直营店,1,1234.4,0.0,否
ORD2024021901514,2024-02-19,P0402,华中,线下直营店,4,602.41,0.0,否
ORD2024050503823,2024-05-05,P0366,西南,企业团购,1,1015.78,0.0,否
ORD2024091307865,2024-09-13,P0055,东北,线上官网,2,670.96,0.0,否
ORD2024040802993,2024-04-08,P0373,华东,线上官网,3,1445.26,0.0,否
ORD2024110609465,2024-11-06,P0494,华北,线下经销商,3,357.73,0.26,否
ORD2024032302524,2024-03-23,P0499,华中,企业团购,1,536.78,0.0,否
ORD2024091107811,2024-09-11,P0184,西南,线下经销商,1,736.0,0.0,否
ORD2024101008700,2024-10-10,P0356,华中,线下直营店,2,32.55,0.0,否
ORD2024072306326,2024-07-23,P0468,华北,线上第三方,4,362.76,0.0,是
ORD2024092608266,2024-09-26,P0020,华北,线下经销商,2,3682.02,0.0,否
ORD2024042603539,2024-04-26,P0479,东北,线上第三方,4,1706.52,0.0,是
ORD2024042103376,2024-04-21,P0294,西南,线下经销商,3,25.66,0.27,否
ORD2024111109754,2024-11-11,P0032,华中,线下直营店,24,3308.14,0.0,否
ORD2024030902111,2024-03-09,P0316,西南,线下直营店,2,49.93,0.0,否
ORD2024031802376,2024-03-18,P0050,东北,线上第三方,3,1986.18,0.0,否
ORD2024100808641,2024-10-08,P0419,西南,企业团购,2,712.68,0.14,否
ORD2024102008970,2024-10-20,P0490,华北,企业团购,1,1860.48,0.0,否
ORD2024112410218,2024-11-24,P0462,华东,线下经销商,1,413.2,0.0,否
ORD2024040903032,2024-04-09,P0277,西南,线上官网,3,113.35,0.0,否
ORD2024050503799,2024-05-05,P0101,西北,线上官网,1,4461.26,0.2,否
ORD2024071406061,2024-07-14,P0209,东北,线上第三方,1,1158.43,0.11,否
ORD2024111009602,2024-11-10,P0181,华东,线上官网,1,2083.95,0.18,否
ORD2024040702956,2024-04-07,P0081,华中,线下直营店,1,2546.76,0.0,否
ORD2024012100618,2024-01-21,P0313,华东,线下直营店,1,93.76,0.23,否
ORD2024101708900,2024-10-17,P0043,华中,企业团购,1,4933.21,0.0,否
ORD2024100808639,2024-10-08,P0143,东北,线下直营店,1,813.17,0.0,否
ORD2024082607325,2024-08-26,P0092,华南,线上官网,1,4264.35,0.0,否
ORD2024050303762,2024-05-03,P0239,华东,线上第三方,4,1992.96,0.0,否
ORD2024091107821,2024-09-11,P0009,华中,线下直营店,3,3153.24,0.0,否
ORD2024102509119,2024-10-25,P0135,东北,线上官网,3,2100.83,0.0,否
ORD2024092108116,2024-09-21,P0405,华北,线下经销商,2,1140.39,0.0,否
ORD2024012600746,2024-01-26,P0431,西南,线下经销商,5,577.11,0.0,否
ORD2024061405009,2024-06-14,P0293,华中,线上第三方,3,47.45,0.0,否
ORD2024120710609,2024-12-07,P0240,西南,线下经销商,1,1092.89,0.0,否
ORD2024080206596,2024-08-02,P0277,华东,线上第三方,4,106.0,0.0,是
ORD2024072306313,2024-07-23,P0465,西北,企业团购,2,784.0,0.0,否
ORD2024121510830,2024-12-15,P0098,华中,线下经销商,2,464.59,0.0,否
ORD2024120910646,2024-12-09,P0481,西南,线上官网,4,1736.77,0.0,否
ORD2024111810045,2024-11-18,P0290,西北,企业团购,1,10.66,0.0,否
ORD2024021401337,2024-02-14,P0163,东北,线下直营店,2,1317.92,0.0,否
ORD2024120310495,2024-12-03,P0324,华北,线上第三方,1,111.66,0.27,否
ORD2024111109689,2024-11-11,P0426,华中,企业团购,32,127.63,0.0,否
ORD2024102309059,2024-10-23,P0457,东北,线下经销商,4,714.28,0.0,否
ORD2024092708282,2024-09-27,P0078,西南,线上第三方,2,2320.46,0.24,否
ORD2024051804222,2024-05-18,P0447,西南,线上第三方,2,387.95,0.0,否
ORD2024121410792,2024-12-14,P0297,东北,线下经销商,1,117.96,0.27,否
ORD2024072006221,2024-07-20,P0292,华南,线上官网,1,158.95,0.0,否
ORD2024051704185,2024-05-17,P0241,西北,线上第三方,2,2772.87,0.0,否
ORD2024021301314,2024-02-13,P0102,东北,线上官网,4,4235.84,0.0,否
ORD2024072506380,2024-07-25,P0105,华南,线下直营店,3,4524.76,0.13,否
ORD2024122010990,2024-12-20,P0348,西北,线下直营店,1,44.5,0.0,否
ORD2024042103388,2024-04-21,P0301,西北,线上官网,3,157.39,0.0,否
ORD2024081406958,2024-08-14,P0431,东北,线上官网,2,566.17,0.0,否
ORD2024080206607,2024-08-02,P0130,华中,线下直营店,2,810.42,0.0,否
ORD2024100108406,2024-10-01,P0294,东北,企业团购,1,25.13,0.0,否
ORD2024090507628,2024-09-05,P0047,西南,线上第三方,2,1569.97,0.0,否
ORD2024061605219,2024-06-16,P0468,东北,线上第三方,1,348.45,0.0,是
ORD2024091908063,2024-09-19,P0462,华北,线上第三方,2,429.62,0.0,否
ORD2024012200654,2024-01-22,P0054,华南,线上官网,5,4948.04,0.0,否
ORD2024111109836,2024-11-11,P0438,东北,企业团购,16,1346.91,0.0,是
ORD2024031502270,2024-03-15,P0301,华南,线下经销商,3,152.3,0.0,否
ORD2024083107497,2024-08-31,P0189,华北,线上官网,1,877.88,0.0,否
ORD2024081306932,2024-08-13,P0068,西北,线下经销商,1,4944.3,0.06,否
ORD2024102309041,2024-10-23,P0334,西南,线上第三方,2,60.31,0.0,否
ORD2024121410810,2024-12-14,P0098,华东,线上第三方,1,460.7,0.22,否
ORD2024090907748,2024-09-09,P0005,华东,线上官网,1,4335.7,0.0,否
ORD2024080306640,2024-08-03,P0104,西北,线上第三方,2,1738.32,0.0,否
ORD2024080406673,2024-08-04,P0402,华中,线上官网,1,629.03,0.2,否
ORD2024080706741,2024-08-07,P0094,东北,线上官网,2,3576.49,0.0,否
ORD2024012100612,2024-01-21,P0307,华中,企业团购,2,67.21,0.0,否
ORD2024070605821,2024-07-06,P0057,华中,企业团购,1,4295.16,0.0,否
ORD2024030902115,2024-03-09,P0224,华中,线上第三方,3,971.86,0.0,否
ORD2024051604162,2024-05-16,P0142,华北,线上官网,3,1927.4,0.06,否
ORD2024052204316,2024-05-22,P0035,华中,线上官网,5,3245.07,0.0,是
ORD2024121210725,2024-12-12,P0442,西北,企业团购,1,1001.28,0.0,否
ORD2024040903027,2024-04-09,P0442,东北,线下直营店,1,1003.0,0.0,否
ORD2024032602603,2024-03-26,P0312,华中,线上第三方,1,90.23,0.0,否
ORD2024071105986,2024-07-11,P0465,华北,线上第三方,5,761.69,0.0,否
ORD2024011800512,2024-01-18,P0015,东北,线上第三方,2,4088.1,0.0,否
ORD2024100208457,2024-10-02,P0130,华中,线下经销商,1,769.09,0.0,否
ORD2024062905604,2024-06-29,P0236,华南,线上官网,1,1795.41,0.0,否
ORD2024050103681,2024-05-01,P0393,西南,线上官网,2,1129.55,0.0,否
ORD2024091007768,2024-09-10,P0182,西北,线下经销商,2,1116.37,0.0,否
ORD2024061405020,2024-06-14,P0426,西南,线上官网,3,126.25,0.0,否
ORD2024102909242,2024-10-29,P0393,华北,线上第三方,3,1089.37,0.25,否
ORD2024050503820,2024-05-05,P0230,华中,企业团购,3,1093.52,0.0,否
ORD2024090507629,2024-09-05,P0251,华南,线上第三方,1,92.12,0.0,否
ORD2024120110435,2024-12-01,P0017,华南,线上第三方,1,1907.39,0.0,否
ORD2024080106568,2024-08-01,P0389,西北,线上第三方,3,657.51,0.0,否
ORD2024112010109,2024-11-20,P0246,西北,企业团购,1,61.9,0.0,是
ORD2024062505478,2024-06-25,P0250,华北,企业团购,4,85.73,0.0,否
ORD2024052304346,2024-05-23,P0343,西南,线上第三方,2,75.23,0.0,否
ORD2024092708290,2024-09-27,P0338,华中,企业团购,3,45.5,0.0,否
ORD2024061505091,2024-06-15,P0332,东北,线下直营店,5,98.91,0.0,否
ORD2024070405767,2024-07-04,P0169,华南,企业团购,2,1421.73,0.0,否
ORD2024122811222,2024-12-28,P0122,西南,企业团购,2,3995.6,0.0,否
ORD2024061304990,2024-06-13,P0267,华东,线上第三方,5,123.35,0.0,否
ORD2024081807091,2024-08-18,P0272,华东,线上官网,2,30.25,0.0,否
ORD2024020601110,2024-02-06,P0246,西北,企业团购,3,63.78,0.06,否
ORD2024100808616,2024-10-08,P0362,华东,线上第三方,1,1186.02,0.0,否
ORD2024073006514,2024-07-30,P0359,东北,线上官网,4,1011.19,0.0,否
ORD2024020401039,2024-02-04,P0329,东北,线上官网,1,152.9,0.27,否
ORD2024010100021,2024-01-01,P0354,西南,企业团购,4,79.57,0.0,否
ORD2024061004891,2024-06-10,P0042,华北,线下经销商,4,3986.68,0.0,否
ORD2024090507616,2024-09-05,P0393,华东,线下直营店,2,1072.76,0.25,否
ORD2024101508836,2024-10-15,P0248,东北,线下经销商,3,17.48,0.15,否
ORD2024060404722,2024-06-04,P0396,华东,线下经销商,5,1160.62,0.0,否
ORD2024013100935,2024-01-31,P0233,东北,线下经销商,1,661.78,0.18,否
ORD2024053104588,2024-05-31,P0451,西北,线下直营店,3,356.21,0.0,否
ORD2024121610848,2024-12-16,P0078,华北,线下直营店,3,2383.6,0.0,否
ORD2024122311077,2024-12-23,P0313,华北,线上官网,2,93.27,0.0,否
ORD2024011400395,2024-01-14,P0005,华北,企业团购,3,4394.01,0.0,否
ORD2024042403489,2024-04-24,P0258,华东,线上官网,1,142.55,0.0,否
ORD2024022701738,2024-02-27,P0443,西南,线下直营店,5,843.6,0.23,否
ORD2024031102166,2024-03-11,P0119,华北,线上官网,2,4894.53,0.0,否
ORD2024011900562,2024-01-19,P0036,华东,线下直营店,4,1249.61,0.0,否
ORD2024051404093,2024-05-14,P0482,华东,线下直营店,2,1169.3,0.0,否
ORD2024020801163,2024-02-08,P0088,华南,线上第三方,4,3172.12,0.0,否
ORD2024102309056,2024-10-23,P0277,东北,线下直营店,4,111.64,0.19,否
ORD2024050603853,2024-05-06,P0402,华北,线上官网,3,594.75,0.0,否
ORD2024022601730,2024-02-26,P0343,华北,企业团购,3,75.05,0.0,否
ORD2024022001528,2024-02-20,P0220,华中,企业团购,2,1926.06,0.0,否
ORD2024012900843,2024-01-29,P0139,华南,线下直营店,4,298.38,0.18,否
ORD2024040602931,2024-04-06,P0248,东北,企业团购,1,18.67,0.0,否
ORD2024071806170,2024-07-18,P0009,西南,线下直营店,4,3027.72,0.0,否
ORD2024010200059,2024-01-02,P0469,华北,线下经销商,1,296.22,0.0,否
ORD2024040402866,2024-04-04,P0447,东北,线下直营店,2,389.43,0.0,否
ORD2024103009267,2024-10-30,P0302,东北,线下直营店,2,72.56,0.27,否
ORD2024070605831,2024-07-06,P0047,西南,线下直营店,1,1466.7,0.0,否
ORD2024031502292,2024-03-15,P0332,华南,线下直营店,5,106.47,0.0,否
ORD2024050603854,2024-05-06,P0307,华东,线下经销商,5,71.22,0.27,是
ORD2024090907749,2024-09-09,P0055,东北,线上官网,1,662.86,0.0,否
ORD2024042403488,2024-04-24,P0365,华南,线下直营店,3,1060.73,0.0,否
ORD2024051104008,2024-05-11,P0126,华南,线下经销商,3,476.26,0.0,否
ORD2024042703574,2024-04-27,P0350,华南,线下直营店,3,93.2,0.07,否
ORD2024040903025,2024-04-09,P0162,华北,线下直营店,4,1690.3,0.0,否
ORD2024033002725,2024-03-30,P0346,西南,企业团购,2,146.18,0.26,否
ORD2024071706146,2024-07-17,P0050,华东,线上官网,5,2086.84,0.0,否
ORD2024061305000,2024-06-13,P0378,华北,线下经销商,3,618.39,0.13,否
ORD2024011500415,2024-01-15,P0342,东北,线下经销商,2,67.07,0.0,否
ORD2024121310766,2024-12-13,P0409,西北,线上官网,1,1333.36,0.0,是
ORD2024090907763,2024-09-09,P0466,西南,线下直营店,4,904.3,0.21,否
ORD2024071105969,2024-07-11,P0164,西北,企业团购,2,392.6,0.0,否
ORD2024052504418,2024-05-25,P0157,华东,线上官网,1,1580.13,0.0,否
ORD2024091407890,2024-09-14,P0033,华南,线下直营店,1,2185.0,0.0,否
ORD2024061805269,2024-06-18,P0144,东北,线下直营店,1,1281.1,0.25,否
ORD2024081406983,2024-08-14,P0229,华南,线上第三方,1,216.64,0.0,否
ORD2024050503818,2024-05-05,P0415,华南,线上官网,3,1319.24,0.0,否
ORD2024111609977,2024-11-16,P0487,西南,线下直营店,1,1557.07,0.0,是
ORD2024121310775,2024-12-13,P0027,西北,线下经销商,2,3819.41,0.0,否
ORD2024040502908,2024-04-05,P0354,华东,企业团购,3,80.22,0.0,否
ORD2024092108129,2024-09-21,P0419,西北,线上第三方,2,686.41,0.06,否
ORD2024081206904,2024-08-12,P0372,西南,企业团购,1,1377.29,0.28,否
ORD2024031002134,2024-03-10,P0406,东北,线下直营店,1,1392.94,0.0,否
ORD2024030301898,2024-03-03,P0374,西南,企业团购,1,706.51,0.11,否
ORD2024080906811,2024-08-09,P0130,华东,线下直营店,2,830.66,0.27,否
ORD2024070605827,2024-07-06,P0353,华北,线上官网,1,28.74,0.22,否
ORD2024092908344,2024-09-29,P0130,华中,企业团购,1,763.54,0.0,否
ORD2024042603529,2024-04-26,P0026,华北,线下直营店,4,2991.69,0.0,否
ORD2024101308789,2024-10-13,P0481,华东,线下直营店,1,1736.63,0.0,否
ORD2024102609137,2024-10-26,P0288,华南,线下经销商,1,49.38,0.0,否
ORD2024081807086,2024-08-18,P0062,华东,线下直营店,2,689.62,0.0,否
ORD2024022901818,2024-02-29,P0348,华南,线上官网,2,46.88,0.0,否
ORD2024030401938,2024-03-04,P0443,东北,线上第三方,3,849.24,0.0,否
ORD2024050803911,2024-05-08,P0283,西南,企业团购,2,201.29,0.0,否
ORD2024031702336,2024-03-17,P0123,华中,线下经销商,2,2386.6,0.0,否
ORD2024030802073,2024-03-08,P0418,西北,线下直营店,3,111.38,0.0,否
ORD2024091107803,2024-09-11,P0194,西北,线下直营店,3,1939.14,0.0,否
ORD2024022601727,2024-02-26,P0219,西北,线上第三方,5,2350.28,0.0,否
ORD2024020401048,2024-02-04,P0293,华南,线下经销商,1,50.26,0.0,否
ORD2024060304697,2024-06-03,P0266,西南,企业团购,3,37.64,0.0,否
ORD2024040202816,2024-04-02,P0162,西南,线上第三方,6,1796.71,0.12,否
ORD2024102509102,2024-10-25,P0017,华北,线上官网,3,2061.63,0.0,否
ORD2024031702321,2024-03-17,P0427,西北,线上第三方,1,685.7,0.12,否
ORD2024101108716,2024-10-11,P0284,华东,线上第三方,1,80.76,0.0,否
ORD2024052404399,2024-05-24,P0275,华北,线下直营店,3,42.46,0.0,否
ORD2024052204336,2024-05-22,P0217,西北,线上官网,5,1073.89,0.0,否
ORD2024102409086,2024-10-24,P0086,华北,线下直营店,3,2438.51,0.0,否
ORD2024012600767,2024-01-26,P0454,华东,线上官网,4,1173.16,0.0,否
ORD2024040402862,2024-04-04,P0267,东北,线上第三方,6,131.5,0.0,否
ORD2024102409081,2024-10-24,P0180,华中,线上第三方,2,1375.26,0.0,否
ORD2024020701145,2024-02-07,P0490,华北,线下直营店,1,1834.84,0.0,否
ORD2024103009272,2024-10-30,P0374,西南,线下经销商,1,704.93,0.0,否
ORD2024032302511,2024-03-23,P0041,东北,线下直营店,3,716.44,0.0,否
ORD2024091707999,2024-09-17,P0146,华东,线下经销商,4,833.97,0.0,否
ORD2024031502274,2024-03-15,P0390,东北,线下经销商,4,1159.26,0.0,否
ORD2024103009259,2024-10-30,P0290,东北,线下经销商,1,10.43,0.0,否
ORD2024060804861,2024-06-08,P0317,西南,线下直营店,1,34.34,0.21,否
ORD2024062305435,2024-06-23,P0203,华北,线下经销商,3,1828.25,0.0,否
ORD2024081006837,2024-08-10,P0315,华南,线上官网,1,35.16,0.0,否
ORD2024081807108,2024-08-18,P0235,西北,线上第三方,2,2713.66,0.0,否
ORD2024010400103,2024-01-04,P0073,华北,线下经销商,4,1697.86,0.0,否
ORD2024030501990,2024-03-05,P0393,华中,线下经销商,4,1050.81,0.0,否
ORD2024042703583,2024-04-27,P0334,西北,企业团购,1,58.71,0.22,否
ORD2024072906488,2024-07-29,P0008,西南,线上第三方,5,2727.89,0.0,否
ORD2024082207210,2024-08-22,P0323,华南,线下经销商,1,187.16,0.0,否
ORD2024012800829,2024-01-28,P0479,西南,线上官网,3,1771.61,0.0,否
ORD2024092608262,2024-09-26,P0363,西南,线上第三方,4,1376.1,0.0,否
ORD2024022401673,2024-02-24,P0054,华东,线下直营店,1,4947.87,0.0,否
ORD2024092908332,2024-09-29,P0427,华东,线上第三方,1,719.7,0.0,否
ORD2024051204032,2024-05-12,P0317,西南,企业团购,2,33.5,0.0,否
ORD2024082807390,2024-08-28,P0430,西北,线上第三方,1,1149.55,0.0,否
ORD2024040402857,2024-04-04,P0397,西南,企业团购,4,809.4,0.0,否
ORD2024090707686,2024-09-07,P0132,华中,线下直营店,2,1512.79,0.0,否
ORD2024081206927,2024-08-12,P0422,华南,线下直营店,2,1136.38,0.06,否
ORD2024031502276,2024-03-15,P0477,华东,企业团购,4,1892.26,0.0,是
ORD2024050803920,2024-05-08,P0019,华南,线下经销商,2,2109.47,0.0,否
ORD2024080806776,2024-08-08,P0496,西南,线下直营店,1,1291.68,0.0,否
ORD2024053004561,2024-05-30,P0359,西北,线下经销商,1,1034.94,0.0,否
ORD2024030702046,2024-03-07,P0004,华北,线下直营店,5,3166.99,0.23,否
ORD2024081406957,2024-08-14,P0451,华东,企业团购,3,362.62,0.0,否
ORD2024062105358,2024-06-21,P0082,华东,线上官网,1,678.9,0.0,否
ORD2024050903937,2024-05-09,P0145,华中,线上官网,1,2029.46,0.0,否
ORD2024021201296,2024-02-12,P0426,华中,线下直营店,1,135.2,0.23,否
ORD2024092708301,2024-09-27,P0049,华东,线上官网,3,4665.99,0.0,否
ORD2024012000592,2024-01-20,P0109,东北,企业团购,3,3997.87,0.21,否
ORD2024010800222,2024-01-08,P0468,西北,企业团购,5,338.38,0.2,否
ORD2024081607038,2024-08-16,P0400,华中,线上官网,4,1267.81,0.2,否
ORD2024090107518,2024-09-01,P0047,西南,企业团购,1,1490.22,0.0,否
ORD2024090507620,2024-09-05,P0145,西北,线下经销商,1,2184.96,0.0,否
ORD2024012900859,2024-01-29,P0356,华北,企业团购,1,33.68,0.0,否
ORD2024111509961,2024-11-15,P0184,华中,线下直营店,1,727.6,0.0,否
ORD2024111710002,2024-11-17,P0389,华北,线上官网,1,661.69,0.2,否
ORD2024071206000,2024-07-12,P0060,华北,线上官网,4,1058.05,0.0,否
ORD2024012900842,2024-01-29,P0020,华北,企业团购,3,3714.38,0.0,否
ORD2024041403161,2024-04-14,P0224,华东,线上第三方,1,981.72,0.0,否
ORD2024102509104,2024-10-25,P0011,华中,线下经销商,2,2088.95,0.0,是
ORD2024061505039,2024-06-15,P0302,华中,线上第三方,10,74.39,0.28,否
ORD2024101208754,2024-10-12,P0132,华北,线下直营店,1,1533.54,0.0,否
ORD2024020200995,2024-02-02,P0289,华东,线上第三方,3,77.47,0.09,否
ORD2024063005640,2024-06-30,P0389,华中,线下直营店,2,720.75,0.0,否
ORD2024063005633,2024-06-30,P0393,西北,线下经销商,2,1107.51,0.0,否
ORD2024022101555,2024-02-21,P0427,华东,企业团购,5,735.1,0.0,否
ORD2024070305729,2024-07-03,P0009,华中,线下经销商,3,3092.65,0.0,否
ORD2024050103693,2024-05-01,P0055,西南,线下经销商,1,653.93,0.1,否
ORD2024070205710,2024-07-02,P0443,华北,企业团购,4,883.73,0.0,否
ORD2024102209040,2024-10-22,P0385,西北,线下经销商,2,709.8,0.0,否
ORD2024060504743,2024-06-05,P0438,华东,线上第三方,1,1366.36,0.0,否
ORD2024070905917,2024-07-09,P0318,东北,线下经销商,4,119.07,0.0,否
ORD2024040302849,2024-04-03,P0091,西北,企业团购,3,947.75,0.0,否
ORD2024062605512,2024-06-26,P0308,西北,线上官网,2,187.55,0.0,否
ORD2024091407911,2024-09-14,P0107,东北,线上第三方,1,1276.5,0.0,否
ORD2024032302514,2024-03-23,P0423,西北,线上官网,1,631.91,0.0,否
ORD2024052604451,2024-05-26,P0164,西北,线下经销商,1,362.84,0.0,否
ORD2024021801464,2024-02-18,P0123,华南,线上第三方,2,2396.92,0.0,否
ORD2024123111298,2024-12-31,P0462,西南,线上官网,1,431.88,0.26,否
ORD2024080506680,2024-08-05,P0343,西南,线上官网,4,77.83,0.0,是
ORD2024040302836,2024-04-03,P0033,西北,线下经销商,1,2206.06,0.25,否
ORD2024053004563,2024-05-30,P0336,华中,线下经销商,3,196.65,0.0,否
ORD2024071406063,2024-07-14,P0004,华南,线上第三方,1,3247.16,0.22,否
ORD2024031302234,2024-03-13,P0351,华东,线下经销商,1,82.22,0.0,否
ORD2024041003051,2024-04-10,P0181,东北,线下直营店,1,1903.6,0.0,否
ORD2024122311094,2024-12-23,P0196,华北,线下直营店,3,458.18,0.0,否
ORD2024011400401,2024-01-14,P0410,西北,企业团购,1,822.49,0.0,否
ORD2024100908666,2024-10-09,P0473,西北,线下直营店,4,1665.6,0.06,否
ORD2024052304345,2024-05-23,P0335,东北,线下直营店,3,36.06,0.0,否
ORD2024060104620,2024-06-01,P0351,华中,线上第三方,2,79.48,0.0,否
ORD2024062605520,2024-06-26,P0361,华南,线上第三方,2,1023.55,0.0,否
ORD2024082507309,2024-08-25,P0250,华北,线上第三方,1,79.61,0.0,否
ORD2024091307857,2024-09-13,P0025,华北,企业团购,3,3782.21,0.0,否
ORD2024051404097,2024-05-14,P0259,华南,线上官网,4,185.27,0.0,否
ORD2024020301024,2024-02-03,P0411,华南,线下经销商,3,264.41,0.0,否
ORD2024113010402,2024-11-30,P0211,华南,企业团购,1,612.4,0.0,否
ORD2024010200060,2024-01-02,P0437,西南,企业团购,1,1232.81,0.0,否
ORD2024052104293,2024-05-21,P0351,西南,线下直营店,3,81.05,0.0,否
ORD2024083107493,2024-08-31,P0173,华南,线上官网,2,2057.84,0.0,否
ORD2024092508238,2024-09-25,P0048,华北,线下经销商,4,1668.48,0.0,否
ORD2024060904880,2024-06-09,P0030,西南,线下经销商,1,3673.13,0.0,否
ORD2024021301329,2024-02-13,P0129,华南,线下经销商,2,1007.33,0.0,否
ORD2024042403465,2024-04-24,P0272,华东,线下经销商,6,30.27,0.06,否
ORD2024062705551,2024-06-27,P0152,华东,线下经销商,1,2743.34,0.0,否
ORD2024121610872,2024-12-16,P0258,东北,企业团购,4,143.57,0.0,否
ORD2024101308776,2024-10-13,P0235,东北,线下经销商,1,2713.68,0.27,否
ORD2024081206907,2024-08-12,P0039,西北,线上官网,4,318.28,0.0,否
ORD2024022101551,2024-02-21,P0147,东北,企业团购,3,709.39,0.0,否
ORD2024020301010,2024-02-03,P0185,华南,线上第三方,1,818.66,0.0,否
ORD2024061905305,2024-06-19,P0426,华中,企业团购,2,129.66,0.0,否
ORD2024032402555,2024-03-24,P0430,华北,线下经销商,2,1140.09,0.0,否
ORD2024090907756,2024-09-09,P0047,华南,企业团购,1,1524.51,0.0,否
ORD2024022301613,2024-02-23,P0266,华北,线上官网,2,38.73,0.0,否
ORD2024033102738,2024-03-31,P0127,东北,线下直营店,2,3243.26,0.0,否
ORD2024121510817,2024-12-15,P0002,西南,线下经销商,1,3153.29,0.0,否
ORD2024101408818,2024-10-14,P0019,华东,线上官网,2,2040.32,0.0,否
ORD2024102209025,2024-10-22,P0448,华北,线下经销商,3,1094.83,0.0,否
ORD2024012200649,2024-01-22,P0181,华南,企业团购,4,2030.43,0.27,否
ORD2024040402863,2024-04-04,P0284,华北,线下直营店,3,82.38,0.0,是
ORD2024013000880,2024-01-30,P0367,华中,线下经销商,2,825.1,0.2,否
ORD2024120610566,2024-12-06,P0257,华北,线下经销商,1,195.26,0.0,否
ORD2024052104296,2024-05-21,P0439,华中,线下经销商,2,1337.68,0.0,否
ORD2024031602304,2024-03-16,P0447,华中,线上第三方,1,354.25,0.0,否
ORD2024062705564,2024-06-27,P0247,华北,线下经销商,5,77.95,0.0,否
ORD2024022301625,2024-02-23,P0236,华中,线下直营店,5,1669.46,0.0,否
ORD2024011900551,2024-01-19,P0015,西北,线下直营店,4,3855.63,0.0,否
ORD2024110809524,2024-11-08,P0156,华中,线上第三方,1,978.95,0.0,否
ORD2024100408521,2024-10-04,P0331,华中,线上第三方,1,40.26,0.0,否
ORD2024071105958,2024-07-11,P0220,华南,企业团购,5,1874.73,0.0,否
ORD2024100408522,2024-10-04,P0237,西南,线下经销商,2,529.27,0.0,否
ORD2024091107812,2024-09-11,P0444,华北,线上官网,4,1075.23,0.08,否
ORD2024062405465,2024-06-24,P0109,华南,线下经销商,1,3990.27,0.0,否
ORD2024010800212,2024-01-08,P0266,华中,线上官网,1,37.28,0.0,否
ORD2024103109291,2024-10-31,P0389,华东,线上第三方,2,689.12,0.0,否
ORD2024061505059,2024-06-15,P0188,东北,线下经销商,5,1195.74,0.0,否
ORD2024102509096,2024-10-25,P0395,华北,线下经销商,1,1131.19,0.0,否
ORD2024080506707,2024-08-05,P0041,东北,线上官网,1,710.39,0.0,否
ORD2024010200069,2024-01-02,P0089,东北,线上官网,3,3636.13,0.0,否
ORD2024021701439,2024-02-17,P0120,华中,线上第三方,1,973.66,0.0,否
ORD2024032302516,2024-03-23,P0049,华中,线上第三方,1,4706.83,0.0,否
ORD2024040402869,2024-04-04,P0016,西南,线上官网,3,386.38,0.0,否
ORD2024090407613,2024-09-04,P0354,东北,线上官网,4,78.21,0.06,否
ORD2024072706422,2024-07-27,P0395,华东,线上第三方,1,1045.01,0.0,否
ORD2024110709518,2024-11-07,P0484,华南,线上第三方,2,238.44,0.0,否
ORD2024012400697,2024-01-24,P0270,华东,线下经销商,2,142.88,0.0,否
ORD2024092508244,2024-09-25,P0434,华中,企业团购,2,609.95,0.0,否
ORD2024090407611,2024-09-04,P0261,西南,企业团购,4,90.59,0.0,否
ORD2024112510243,2024-11-25,P0046,华东,线上官网,4,4719.9,0.0,否
ORD2024070905925,2024-07-09,P0078,华南,线下直营店,1,2264.19,0.0,否
ORD2024021301315,2024-02-13,P0405,华南,线上第三方,1,1154.98,0.0,否
ORD2024071306033,2024-07-13,P0246,华东,企业团购,2,61.21,0.0,否
ORD2024042203412,2024-04-22,P0239,西北,企业团购,6,1954.37,0.21,否
ORD2024060704827,2024-06-07,P0302,西北,线下经销商,1,75.5,0.0,否
ORD2024062405467,2024-06-24,P0435,华北,线上第三方,2,413.15,0.0,否
ORD2024010100013,2024-01-01,P0319,西南,线下直营店,2,188.42,0.0,否
ORD2024042103405,2024-04-21,P0313,华北,企业团购,1,95.46,0.0,否
ORD2024012800819,2024-01-28,P0033,东北,线上第三方,1,2239.01,0.15,否
ORD2024082507301,2024-08-25,P0202,东北,企业团购,1,1152.22,0.0,否
ORD2024021401347,2024-02-14,P0211,西南,企业团购,2,630.86,0.0,否
ORD2024111109807,2024-11-11,P0091,西南,线下直营店,8,957.86,0.0,否
ORD2024011600454,2024-01-16,P0092,华中,线下直营店,4,4477.64,0.0,否
ORD2024092508240,2024-09-25,P0434,华南,线下经销商,3,624.31,0.18,否
ORD2024122010979,2024-12-20,P0284,华南,企业团购,4,86.88,0.0,否
ORD2024022401657,2024-02-24,P0022,东北,线上第三方,2,4685.08,0.0,否
ORD2024110809529,2024-11-08,P0497,西南,线下直营店,1,477.39,0.0,否
ORD2024111309900,2024-11-13,P0294,华中,线上第三方,1,26.95,0.0,否
ORD2024101808919,2024-10-18,P0129,东北,线上第三方,1,1056.36,0.0,否
ORD2024010200038,2024-01-02,P0141,华北,线上第三方,4,947.84,0.0,否
ORD2024020401044,2024-02-04,P0068,西北,线上官网,1,5004.42,0.0,否
ORD2024040502909,2024-04-05,P0008,华中,线下经销商,2,2600.29,0.0,否
ORD2024091507924,2024-09-15,P0394,华北,线上官网,2,1446.83,0.0,否
ORD2024013100941,2024-01-31,P0331,东北,线上第三方,5,39.35,0.0,否
ORD2024042903622,2024-04-29,P0400,华北,线下直营店,6,1289.45,0.0,否
ORD2024061304992,2024-06-13,P0409,华中,线上官网,1,1362.26,0.0,否
ORD2024090607650,2024-09-06,P0100,东北,线上第三方,1,2175.98,0.0,否
ORD2024052204318,2024-05-22,P0399,华中,企业团购,4,791.96,0.0,否
ORD2024083107496,2024-08-31,P0288,西北,线上官网,1,48.45,0.06,否
ORD2024052604455,2024-05-26,P0391,西北,线下直营店,1,952.42,0.0,否
ORD2024072506373,2024-07-25,P0077,华南,线下经销商,4,2689.64,0.07,否
ORD2024011900539,2024-01-19,P0223,华南,线下直营店,5,473.79,0.0,否
ORD2024060504760,2024-06-05,P0076,东北,线下直营店,1,3203.77,0.0,否
ORD2024091007772,2024-09-10,P0467,华中,企业团购,4,1499.72,0.0,否
ORD2024021601401,2024-02-16,P0339,华南,线上第三方,4,135.95,0.0,否
ORD2024122010981,2024-12-20,P0469,华南,线下直营店,4,322.78,0.0,否
ORD2024042403469,2024-04-24,P0229,西南,线下直营店,3,224.22,0.0,否
ORD2024031402268,2024-03-14,P0244,西北,线上第三方,1,2007.28,0.0,否
ORD2024111109819,2024-11-11,P0013,西南,线上官网,32,2958.16,0.05,否
ORD2024081907136,2024-08-19,P0426,华中,线下经销商,4,132.26,0.0,否
ORD2024032202471,2024-03-22,P0093,华北,线上官网,1,5061.59,0.0,否
ORD2024062505488,2024-06-25,P0217,东北,企业团购,4,1063.43,0.08,否
ORD2024051804216,2024-05-18,P0338,华东,企业团购,1,46.89,0.09,否
ORD2024093008377,2024-09-30,P0488,华中,企业团购,3,805.38,0.0,否
ORD2024071806163,2024-07-18,P0212,西北,线上官网,4,665.15,0.0,否
ORD2024061605200,2024-06-16,P0076,华中,线上官网,2,3059.65,0.0,否
ORD2024101308764,2024-10-13,P0022,东北,企业团购,1,4840.6,0.0,否
ORD2024061705227,2024-06-17,P0301,东北,线下直营店,5,148.78,0.0,否
ORD2024011000267,2024-01-10,P0176,华北,线下经销商,3,239.89,0.09,否
ORD2024020601109,2024-02-06,P0390,华东,线上官网,2,1076.36,0.28,否
ORD2024091808024,2024-09-18,P0205,华东,线下直营店,1,366.73,0.0,否
ORD2024112510256,2024-11-25,P0335,华北,企业团购,2,36.61,0.24,是
ORD2024052204342,2024-05-22,P0269,华东,企业团购,4,69.34,0.0,否
ORD2024081006861,2024-08-10,P0122,华东,线下经销商,1,3931.06,0.0,否
ORD2024061405025,2024-06-14,P0371,华南,线下经销商,3,1180.35,0.06,是
ORD2024111109655,2024-11-11,P0023,西南,线上第三方,24,3643.91,0.0,否
ORD2024022701740,2024-02-27,P0271,华东,线下经销商,5,33.96,0.0,否
ORD2024010900231,2024-01-09,P0133,华南,线上官网,5,2920.11,0.0,否
ORD2024070905906,2024-07-09,P0362,东北,线上第三方,1,1241.55,0.24,否
ORD2024013000899,2024-01-30,P0205,西南,线上第三方,3,369.78,0.0,否
ORD2024042803593,2024-04-28,P0453,华东,线下直营店,3,66.41,0.0,否
ORD2024061505172,2024-06-15,P0138,东北,线上第三方,15,246.73,0.0,否
ORD2024082207234,2024-08-22,P0375,华南,线上第三方,3,229.26,0.0,否
ORD2024070905901,2024-07-09,P0317,华中,企业团购,5,35.05,0.0,否
ORD2024070205693,2024-07-02,P0174,华东,线上第三方,3,1760.81,0.27,否
ORD2024051804227,2024-05-18,P0194,华东,企业团购,2,1926.78,0.0,否
ORD2024022101564,2024-02-21,P0084,华中,线上第三方,3,1113.06,0.0,否
ORD2024071806183,2024-07-18,P0426,西北,企业团购,5,127.97,0.0,否
ORD2024042203422,2024-04-22,P0460,西北,线上官网,6,532.9,0.0,否
ORD2024041103072,2024-04-11,P0498,西北,线上官网,3,1514.42,0.0,否
ORD2024090107501,2024-09-01,P0188,西南,线下直营店,2,1169.93,0.0,否
ORD2024122311099,2024-12-23,P0430,华东,线上官网,4,1177.62,0.0,否
ORD2024120910644,2024-12-09,P0435,西南,线上第三方,2,416.38,0.0,否
ORD2024071706131,2024-07-17,P0008,西南,线下经销商,1,2554.18,0.0,否
ORD2024102909217,2024-10-29,P0396,华北,线下经销商,1,1154.79,0.0,否
ORD2024112110139,2024-11-21,P0143,华南,企业团购,2,813.21,0.13,否
ORD2024120410511,2024-12-04,P0128,东北,线上第三方,3,1984.46,0.0,否
ORD2024073106562,2024-07-31,P0498,西北,企业团购,1,1648.41,0.0,否
ORD2024101108724,2024-10-11,P0349,华南,企业团购,2,160.72,0.0,否
ORD2024121910964,2024-12-19,P0188,西南,线上第三方,2,1166.75,0.12,否
ORD2024060304681,2024-06-03,P0049,西北,线上官网,4,4869.85,0.0,否
ORD2024100808643,2024-10-08,P0360,华北,线上官网,4,916.56,0.0,否
ORD2024120910645,2024-12-09,P0342,西南,线下直营店,1,66.97,0.27,否
ORD2024040302841,2024-04-03,P0404,西北,线下直营店,4,117.05,0.0,否
ORD2024061104951,2024-06-11,P0120,华北,线上第三方,5,941.11,0.0,否
ORD2024050703874,2024-05-07,P0411,华北,企业团购,3,246.7,0.0,否
ORD2024111109843,2024-11-11,P0095,华东,企业团购,32,3789.95,0.0,否
ORD2024050403773,2024-05-04,P0117,西南,线上第三方,2,4029.3,0.0,否
ORD2024120210445,2024-12-02,P0209,华中,企业团购,3,1195.26,0.0,否
ORD2024031302214,2024-03-13,P0365,华东,线下直营店,4,1109.89,0.0,否
ORD2024012800834,2024-01-28,P0489,西北,线上官网,1,1988.15,0.12,否
ORD2024092608272,2024-09-26,P0394,东北,企业团购,1,1462.27,0.0,否
ORD2024102309050,2024-10-23,P0318,西北,线上官网,2,118.84,0.15,否
ORD2024123011284,2024-12-30,P0119,华东,线下直营店,1,5118.25,0.0,否
ORD2024091107809,2024-09-11,P0108,西南,线上官网,4,1486.38,0.0,否
ORD2024083007449,2024-08-30,P0109,华北,线下直营店,1,3867.18,0.0,否
ORD2024073106534,2024-07-31,P0328,东北,线上官网,2,18.39,0.3,否
ORD2024120610574,2024-12-06,P0497,华中,企业团购,2,453.98,0.0,否
ORD2024022701744,2024-02-27,P0295,华东,线下经销商,1,118.24,0.08,否
ORD2024062805584,2024-06-28,P0313,东北,线下直营店,3,91.55,0.0,否
ORD2024101008679,2024-10-10,P0119,华东,线上官网,1,4765.93,0.0,否
ORD2024122511134,2024-12-25,P0094,华南,线上第三方,1,3827.43,0.0,是
ORD2024122911259,2024-12-29,P0029,西北,线下直营店,1,1163.76,0.0,否
ORD2024112510245,2024-11-25,P0213,华南,线下直营店,4,747.27,0.0,否
ORD2024100408519,2024-10-04,P0479,东北,线下经销商,4,1657.98,0.0,否
ORD2024120410514,2024-12-04,P0396,华东,线上第三方,1,1145.71,0.0,否
ORD2024032402544,2024-03-24,P0299,华北,企业团购,2,116.02,0.0,否
ORD2024013100931,2024-01-31,P0061,华南,线下直营店,5,503.36,0.0,否
ORD2024050903929,2024-05-09,P0108,华东,线下经销商,3,1390.29,0.0,否
ORD2024020901198,2024-02-09,P0071,东北,线上官网,4,4545.95,0.0,否
ORD2024111109813,2024-11-11,P0075,西南,线上第三方,24,5275.92,0.0,否
ORD2024082107190,2024-08-21,P0338,西北,线下直营店,1,48.91,0.0,否
ORD2024092208143,2024-09-22,P0270,西北,企业团购,2,137.87,0.0,否
ORD2024021701430,2024-02-17,P0337,华北,线下直营店,2,10.97,0.23,否
ORD2024061505071,2024-06-15,P0080,华南,线下经销商,5,4828.06,0.0,否
ORD2024041203096,2024-04-12,P0312,华中,线上官网,4,93.26,0.0,否
ORD2024040802992,2024-04-08,P0400,华北,企业团购,1,1252.59,0.0,否
ORD2024111309896,2024-11-13,P0084,华东,线上第三方,2,1099.23,0.0,否
ORD2024092408199,2024-09-24,P0372,西北,线下经销商,1,1304.47,0.0,否
ORD2024020801154,2024-02-08,P0313,西南,企业团购,5,96.19,0.0,否
ORD2024011200333,2024-01-12,P0375,华东,线上官网,1,232.65,0.27,否
ORD2024120210443,2024-12-02,P0077,华中,企业团购,2,2656.07,0.0,否
ORD2024040102770,2024-04-01,P0128,华南,线下经销商,2,2053.74,0.29,否
ORD2024111209856,2024-11-12,P0233,东北,线上官网,1,612.99,0.0,否
ORD2024022201599,2024-02-22,P0081,西北,企业团购,5,2533.84,0.0,否
ORD2024091107800,2024-09-11,P0434,华东,线下经销商,2,596.66,0.0,否
ORD2024060604794,2024-06-06,P0496,华北,线上第三方,4,1194.16,0.0,否
ORD2024020100965,2024-02-01,P0378,东北,线下经销商,3,662.99,0.0,否
ORD2024112210146,2024-11-22,P0144,华南,企业团购,1,1292.9,0.0,否
ORD2024103109288,2024-10-31,P0123,华中,线下经销商,2,2395.97,0.0,否
ORD2024082107208,2024-08-21,P0449,华北,线下直营店,2,937.88,0.0,否
ORD2024032902699,2024-03-29,P0265,西南,线上官网,2,98.13,0.0,否
ORD2024051404092,2024-05-14,P0366,华南,线上官网,1,948.62,0.0,否
ORD2024092408192,2024-09-24,P0399,西南,线下经销商,1,769.36,0.0,否
ORD2024021801484,2024-02-18,P0057,华北,企业团购,1,4252.9,0.0,否
ORD2024100508548,2024-10-05,P0261,华东,线上官网,1,93.12,0.0,否
ORD2024091207837,2024-09-12,P0045,华东,企业团购,2,2008.62,0.0,否
ORD2024071806158,2024-07-18,P0194,华南,线上官网,3,1977.07,0.0,否
ORD2024041803282,2024-04-18,P0159,华东,线下直营店,3,1341.44,0.0,是
ORD2024081406968,2024-08-14,P0172,华东,企业团购,2,2002.87,0.12,否
ORD2024021701427,2024-02-17,P0031,华南,线下直营店,1,2906.17,0.0,否
ORD2024032402545,2024-03-24,P0372,华北,线上第三方,2,1349.36,0.0,否
ORD2024060604780,2024-06-06,P0021,西北,线下直营店,1,2023.97,0.19,否
ORD2024112310191,2024-11-23,P0039,东北,线上第三方,1,325.78,0.0,否
ORD2024050703873,2024-05-07,P0274,华东,线下经销商,2,23.14,0.0,否
ORD2024081607026,2024-08-16,P0399,东北,线上第三方,4,734.92,0.14,否
ORD2024041103071,2024-04-11,P0248,华东,线上官网,3,17.75,0.0,否
ORD2024031102179,2024-03-11,P0098,华南,线上官网,4,430.62,0.0,否
ORD2024082307236,2024-08-23,P0091,华东,企业团购,1,934.21,0.0,是
ORD2024092608256,2024-09-26,P0482,华中,线上第三方,4,1116.53,0.0,否
ORD2024020501058,2024-02-05,P0237,华北,线上官网,3,528.07,0.0,否
ORD2024111609969,2024-11-16,P0389,华中,企业团购,2,658.35,0.15,否
ORD2024050803895,2024-05-08,P0009,东北,线下经销商,2,3011.49,0.0,否
ORD2024062705552,2024-06-27,P0361,华南,线下经销商,1,1081.19,0.0,否
ORD2024102309049,2024-10-23,P0292,华北,线上官网,2,155.17,0.0,否
ORD2024040702969,2024-04-07,P0062,华北,线上第三方,3,658.14,0.0,否
ORD2024120810624,2024-12-08,P0338,华东,线上官网,1,48.66,0.14,否
ORD2024041203124,2024-04-12,P0391,华东,线上官网,1,960.76,0.0,否
ORD2024112910365,2024-11-29,P0394,华南,线下直营店,4,1452.35,0.0,否
ORD2024022001545,2024-02-20,P0109,东北,线上官网,2,4050.96,0.0,否
ORD2024102909231,2024-10-29,P0261,华东,线上第三方,1,94.7,0.0,否
ORD2024092008073,2024-09-20,P0233,华中,线下经销商,1,617.11,0.0,否
ORD2024073006522,2024-07-30,P0248,东北,线下直营店,5,17.36,0.0,否
ORD2024080406655,2024-08-04,P0458,华中,企业团购,1,137.9,0.23,否
ORD2024012500725,2024-01-25,P0279,华东,线上第三方,2,144.43,0.0,否
ORD2024101208750,2024-10-12,P0496,西南,线上官网,1,1261.54,0.0,否
ORD2024062605538,2024-06-26,P0309,华中,线上官网,1,198.32,0.0,否
ORD2024081707074,2024-08-17,P0399,东北,线上第三方,1,754.52,0.0,否
ORD2024020701128,2024-02-07,P0169,华北,线上第三方,1,1429.5,0.0,否
ORD2024111910072,2024-11-19,P0068,西北,线下经销商,2,5021.4,0.0,否
ORD2024112210157,2024-11-22,P0209,西北,线上官网,1,1232.37,0.0,否
ORD2024111609992,2024-11-16,P0115,华南,线下直营店,1,3588.22,0.0,是
ORD2024022201587,2024-02-22,P0044,华中,企业团购,4,1011.57,0.0,否
ORD2024060804833,2024-06-08,P0204,华南,线上官网,1,219.6,0.0,否
ORD2024051504119,2024-05-15,P0482,东北,线下经销商,1,1144.48,0.0,否
ORD2024080906804,2024-08-09,P0115,东北,企业团购,1,3708.91,0.24,否
ORD2024022101562,2024-02-21,P0139,西北,线下直营店,4,289.76,0.0,否
ORD2024112110123,2024-11-21,P0395,华南,线下经销商,1,1111.01,0.0,否
ORD2024112410208,2024-11-24,P0366,西南,线上第三方,1,975.27,0.0,否
ORD2024123011283,2024-12-30,P0404,西南,企业团购,4,111.92,0.0,否
ORD2024092908362,2024-09-29,P0391,东北,线上官网,1,915.86,0.0,否
ORD2024072006216,2024-07-20,P0118,华东,线下经销商,1,3322.94,0.16,否
ORD2024052704478,2024-05-27,P0057,东北,线上第三方,3,4163.43,0.0,否
ORD2024081707075,2024-08-17,P0035,华南,企业团购,1,3422.83,0.16,否
ORD2024052004272,2024-05-20,P0021,华中,线下经销商,1,2069.02,0.0,否
ORD2024062305423,2024-06-23,P0107,西南,线上官网,1,1319.56,0.0,否
ORD2024022901809,2024-02-29,P0451,西北,线下经销商,4,378.37,0.0,否
ORD2024093008391,2024-09-30,P0086,华东,线上官网,1,2472.4,0.0,否
ORD2024111009587,2024-11-10,P0248,华中,线上官网,1,18.4,0.28,否
ORD2024042903644,2024-04-29,P0039,西北,线上官网,3,309.76,0.0,否
ORD2024060604774,2024-06-06,P0249,华中,线下经销商,1,19.89,0.0,否
ORD2024102509125,2024-10-25,P0311,华北,线上第三方,4,68.54,0.0,否
ORD2024071306024,2024-07-13,P0105,华东,企业团购,1,4600.59,0.0,否
ORD2024041803288,2024-04-18,P0238,华北,线下经销商,2,551.26,0.0,否
ORD2024110309379,2024-11-03,P0049,华北,线上第三方,1,4648.34,0.0,否
ORD2024050403786,2024-05-04,P0098,东北,企业团购,1,437.66,0.0,否
ORD2024111109628,2024-11-11,P0498,西北,线上官网,8,1642.32,0.0,否
ORD2024032602606,2024-03-26,P0055,西北,企业团购,5,669.27,0.0,否
ORD2024061605201,2024-06-16,P0480,西南,线上官网,1,307.08,0.0,否
ORD2024021501393,2024-02-15,P0017,东北,线上官网,1,1987.81,0.0,否
ORD2024091607963,2024-09-16,P0086,西南,线上第三方,1,2554.73,0.0,否
ORD2024012600753,2024-01-26,P0126,华东,线上第三方,1,492.83,0.28,是
ORD2024072106245,2024-07-21,P0372,西南,线上第三方,1,1310.42,0.0,否
ORD2024122311079,2024-12-23,P0478,华东,企业团购,4,1121.52,0.0,否
ORD2024090607646,2024-09-06,P0462,华中,企业团购,1,421.59,0.14,否
ORD2024041503216,2024-04-15,P0362,华南,线下经销商,4,1251.34,0.13,否
ORD2024062605517,2024-06-26,P0121,西南,线上第三方,5,2675.04,0.06,否
ORD2024111109680,2024-11-11,P0004,华中,企业团购,8,3324.09,0.0,否
ORD2024022801778,2024-02-28,P0217,华东,线下直营店,4,1154.43,0.0,否
ORD2024010100018,2024-01-01,P0375,西北,线下直营店,4,222.29,0.25,否
ORD2024022801771,2024-02-28,P0042,西北,企业团购,4,4140.55,0.0,否
ORD2024030201889,2024-03-02,P0117,西北,线上官网,1,3718.35,0.0,否
ORD2024122211052,2024-12-22,P0385,华北,线下直营店,1,681.77,0.0,否
ORD2024022401643,2024-02-24,P0422,华南,线下直营店,1,1105.87,0.0,否
ORD2024111109657,2024-11-11,P0497,华北,线下经销商,24,452.02,0.0,否
ORD2024031602317,2024-03-16,P0423,华中,企业团购,3,646.04,0.0,否
ORD2024040903023,2024-04-09,P0354,西南,线下经销商,2,79.4,0.0,否
ORD2024051404096,2024-05-14,P0023,西南,企业团购,2,3537.79,0.11,否
ORD2024010500133,2024-01-05,P0244,华南,企业团购,3,2029.62,0.0,否
ORD2024072106265,2024-07-21,P0039,西北,线下经销商,3,338.8,0.26,否
ORD2024040903013,2024-04-09,P0009,西南,线下直营店,4,2986.64,0.0,否
ORD2024050303754,2024-05-03,P0323,华北,企业团购,2,203.36,0.0,否
ORD2024102409071,2024-10-24,P0077,华南,线下直营店,4,2571.57,0.0,否
ORD2024122711202,2024-12-27,P0331,西北,企业团购,3,38.56,0.0,否
ORD2024111109640,2024-11-11,P0488,西北,线下经销商,8,826.05,0.0,否
ORD2024020601096,2024-02-06,P0290,西北,企业团购,1,11.35,0.0,否
ORD2024092508216,2024-09-25,P0312,西南,线上官网,2,94.2,0.11,否
ORD2024061505095,2024-06-15,P0170,华中,线上第三方,10,1249.91,0.0,否
ORD2024011800528,2024-01-18,P0253,华南,企业团购,1,148.61,0.0,否
ORD2024102409089,2024-10-24,P0418,西南,企业团购,3,118.31,0.0,否
ORD2024030602003,2024-03-06,P0218,西南,线上第三方,1,371.78,0.07,否
ORD2024120510528,2024-12-05,P0088,东北,线上第三方,2,3045.82,0.0,否
ORD2024010600169,2024-01-06,P0279,西北,线下直营店,3,154.19,0.0,否
ORD2024090407591,2024-09-04,P0307,西南,线上第三方,1,65.64,0.0,否
ORD2024060604769,2024-06-06,P0469,西南,线下直营店,5,320.59,0.0,否
ORD2024110809543,2024-11-08,P0385,华东,线上第三方,4,680.57,0.0,否
ORD2024030301920,2024-03-03,P0227,华东,线下经销商,2,1008.4,0.19,否
ORD2024041303155,2024-04-13,P0083,东北,线上第三方,2,928.42,0.0,否
ORD2024012400702,2024-01-24,P0015,东北,线下经销商,4,3914.04,0.0,否
ORD2024070705861,2024-07-07,P0187,西南,企业团购,3,2817.42,0.0,否
ORD2024122010993,2024-12-20,P0224,华东,线上官网,1,1035.05,0.15,否
ORD2024051904246,2024-05-19,P0355,西北,线上第三方,2,13.42,0.0,否
ORD2024061204979,2024-06-12,P0204,西南,企业团购,1,236.31,0.15,否
ORD2024062105379,2024-06-21,P0120,华北,线上官网,5,933.9,0.0,否
ORD2024042703579,2024-04-27,P0033,东北,线下直营店,2,2125.25,0.0,否
ORD2024072706419,2024-07-27,P0393,东北,线上官网,1,1041.77,0.0,否
ORD2024040102767,2024-04-01,P0317,西南,线下直营店,3,32.96,0.0,否
ORD2024081306956,2024-08-13,P0448,华南,线下直营店,3,1106.86,0.22,否
ORD2024012600773,2024-01-26,P0462,华东,企业团购,1,436.04,0.0,否
ORD2024021201299,2024-02-12,P0042,西南,企业团购,5,4214.3,0.0,否
ORD2024120310489,2024-12-03,P0162,华南,线下直营店,1,1700.5,0.0,否
ORD2024080906805,2024-08-09,P0262,华北,线上官网,3,169.77,0.0,否
ORD2024111910085,2024-11-19,P0267,华中,线下经销商,3,123.14,0.0,否
ORD2024021401353,2024-02-14,P0500,西南,线下经销商,4,785.69,0.0,否
ORD2024040602927,2024-04-06,P0021,华东,线上官网,1,2135.99,0.15,否
ORD2024102209029,2024-10-22,P0078,西南,企业团购,3,2315.44,0.0,否
ORD2024101408822,2024-10-14,P0258,西南,线上官网,1,144.55,0.0,否
ORD2024021201288,2024-02-12,P0442,西南,线上官网,3,1044.85,0.0,否
ORD2024080906822,2024-08-09,P0162,华南,线上第三方,1,1839.28,0.0,否
ORD2024092408184,2024-09-24,P0342,西南,企业团购,3,63.67,0.08,否
ORD2024103109292,2024-10-31,P0239,西南,企业团购,4,1877.82,0.0,否
ORD2024052504416,2024-05-25,P0030,华南,线下经销商,3,3656.26,0.0,是
ORD2024062205401,2024-06-22,P0187,华东,线下直营店,3,2742.66,0.0,否
ORD2024030602014,2024-03-06,P0138,西南,线下直营店,4,250.06,0.0,否
ORD2024053104606,2024-05-31,P0328,华中,线上第三方,5,18.85,0.16,否
ORD2024060104631,2024-06-01,P0187,东北,线上第三方,1,3010.26,0.0,否
ORD2024113010405,2024-11-30,P0303,西南,线上第三方,1,142.26,0.0,否
ORD2024072306307,2024-07-23,P0374,西北,线上第三方,2,710.98,0.0,否
ORD2024061305008,2024-06-13,P0234,华中,线下经销商,3,1574.0,0.0,否
ORD2024031002148,2024-03-10,P0240,华东,线上第三方,1,1052.8,0.2,否
ORD2024061104935,2024-06-11,P0439,华北,线下经销商,1,1322.88,0.0,否
ORD2024102109007,2024-10-21,P0108,西南,线下经销商,3,1485.53,0.0,否
ORD2024040903034,2024-04-09,P0114,华中,线上官网,3,2961.39,0.0,否
ORD2024100908672,2024-10-09,P0489,华东,企业团购,4,1963.37,0.0,否
ORD2024061405023,2024-06-14,P0360,西北,线上官网,5,928.33,0.0,否
ORD2024102809200,2024-10-28,P0298,东北,线下经销商,1,114.65,0.0,否
ORD2024011600450,2024-01-16,P0120,华南,线上第三方,4,926.96,0.0,否
ORD2024082207232,2024-08-22,P0141,华中,线下直营店,4,943.82,0.0,否
ORD2024072906498,2024-07-29,P0405,华中,线上官网,1,1188.07,0.0,否
ORD2024092208137,2024-09-22,P0328,华南,线上第三方,1,17.46,0.0,否
ORD2024052604465,2024-05-26,P0429,华北,线下直营店,2,1068.16,0.0,否
ORD2024061505072,2024-06-15,P0477,东北,线下直营店,15,1920.52,0.07,否
ORD2024092808302,2024-09-28,P0340,华南,线上第三方,1,87.02,0.0,否
ORD2024012800811,2024-01-28,P0153,华南,线下直营店,2,1676.46,0.0,否
ORD2024060604790,2024-06-06,P0234,华南,线下直营店,2,1629.61,0.0,否
ORD2024102909227,2024-10-29,P0492,华中,线上官网,1,157.63,0.0,否
ORD2024060804848,2024-06-08,P0238,东北,企业团购,2,572.31,0.27,否
ORD2024112510247,2024-11-25,P0351,西北,线上官网,2,81.17,0.0,否
ORD2024030802074,2024-03-08,P0181,华北,线下直营店,2,2054.0,0.0,否
ORD2024102909246,2024-10-29,P0167,华东,线下直营店,3,849.13,0.0,否
ORD2024092308178,2024-09-23,P0121,华南,线下经销商,4,2636.07,0.19,否
ORD2024091407900,2024-09-14,P0060,华东,线下直营店,2,994.19,0.17,否
ORD2024021801478,2024-02-18,P0368,华东,线下直营店,2,1009.05,0.0,否
ORD2024022801791,2024-02-28,P0297,西北,线下直营店,3,124.8,0.0,否
ORD2024122811231,2024-12-28,P0232,西南,线下经销商,2,2293.74,0.09,否
ORD2024031702334,2024-03-17,P0046,西北,线下经销商,2,4796.41,0.0,否
ORD2024052604442,2024-05-26,P0220,西南,企业团购,3,1996.29,0.0,否
ORD2024041603234,2024-04-16,P0433,华东,线上官网,2,1108.82,0.0,否
ORD2024030602009,2024-03-06,P0463,西南,线上第三方,4,463.49,0.27,否
ORD2024061405031,2024-06-14,P0263,西南,线下直营店,2,120.43,0.0,否
ORD2024012300683,2024-01-23,P0310,华南,线下直营店,4,128.75,0.0,否
ORD2024112010099,2024-11-20,P0108,西北,企业团购,4,1485.76,0.0,否
ORD2024072806452,2024-07-28,P0116,华北,企业团购,3,3429.29,0.0,否
ORD2024040402860,2024-04-04,P0080,东北,线下直营店,4,4491.3,0.0,否
ORD2024121710906,2024-12-17,P0224,西南,线下经销商,2,1017.96,0.0,否
ORD2024010200058,2024-01-02,P0032,华南,线下直营店,5,3595.55,0.0,否
ORD2024082207211,2024-08-22,P0049,西北,线下直营店,3,4621.45,0.0,否
ORD2024083107498,2024-08-31,P0144,华中,线上官网,1,1213.61,0.15,否
ORD2024061505119,2024-06-15,P0408,华东,企业团购,10,189.36,0.0,是
ORD2024031902400,2024-03-19,P0268,华南,企业团购,1,70.37,0.0,否
ORD2024112410215,2024-11-24,P0111,东北,线下直营店,1,143.03,0.0,否
ORD2024010200047,2024-01-02,P0460,华北,线上第三方,4,540.45,0.0,否
ORD2024010100031,2024-01-01,P0261,西北,线上第三方,1,94.08,0.21,否
ORD2024060804837,2024-06-08,P0144,西北,线上第三方,1,1299.73,0.0,否
ORD2024101408811,2024-10-14,P0243,华东,企业团购,1,660.37,0.0,否
ORD2024112710310,2024-11-27,P0464,华北,线下经销商,4,1048.82,0.0,否
ORD2024021801469,2024-02-18,P0464,西北,线上官网,2,1138.62,0.0,否
ORD2024022401666,2024-02-24,P0258,华南,线上第三方,1,139.03,0.0,否
ORD2024021601417,2024-02-16,P0404,西北,线上第三方,5,115.61,0.0,否
ORD2024083107473,2024-08-31,P0109,西南,企业团购,1,3846.22,0.26,否
ORD2024031802359,2024-03-18,P0481,华中,线上第三方,3,1726.41,0.0,否
ORD2024071606107,2024-07-16,P0340,华南,线上第三方,1,84.79,0.24,是
ORD2024051103990,2024-05-11,P0307,华南,线下直营店,2,66.3,0.0,否
ORD2024121910971,2024-12-19,P0021,华中,线上第三方,3,2124.96,0.0,否
ORD2024090507625,2024-09-05,P0378,东北,线上第三方,1,652.3,0.0,否
ORD2024111009609,2024-11-10,P0340,东北,线上第三方,1,84.94,0.0,否
ORD2024071906195,2024-07-19,P0027,华中,企业团购,4,3677.72,0.0,否
ORD2024011500430,2024-01-15,P0263,华南,线上官网,5,117.9,0.2,否
ORD2024080706762,2024-08-07,P0057,东北,线下经销商,2,4204.45,0.0,否
ORD2024110309374,2024-11-03,P0094,西南,线下经销商,1,3795.99,0.0,否
ORD2024011400386,2024-01-14,P0309,西北,企业团购,3,195.31,0.0,否
ORD2024030401946,2024-03-04,P0447,西南,线上官网,4,377.44,0.0,否
ORD2024062305427,2024-06-23,P0480,东北,企业团购,1,296.05,0.27,否
ORD2024052904533,2024-05-29,P0343,华北,线下经销商,2,75.52,0.0,否
ORD2024121110720,2024-12-11,P0071,华南,企业团购,4,4237.92,0.0,否
ORD2024011600474,2024-01-16,P0401,华东,线上官网,2,694.82,0.0,否
ORD2024080506679,2024-08-05,P0397,华东,线下直营店,3,849.14,0.0,否
ORD2024090507626,2024-09-05,P0229,东北,线上第三方,1,229.25,0.06,否
ORD2024071205994,2024-07-12,P0088,华中,线下经销商,1,3124.12,0.19,否
ORD2024091107796,2024-09-11,P0070,西北,线下经销商,4,4274.92,0.0,否
ORD2024101908935,2024-10-19,P0444,华北,线上官网,2,1119.29,0.0,否
ORD2024012000579,2024-01-20,P0013,东北,线下经销商,3,2957.42,0.0,否
ORD2024092908342,2024-09-29,P0386,华东,线下直营店,1,906.85,0.0,否
ORD2024020401056,2024-02-04,P0130,华中,线上官网,3,818.12,0.22,否
ORD2024031502282,2024-03-15,P0293,东北,企业团购,1,51.05,0.0,否
ORD2024072506378,2024-07-25,P0466,西北,线上官网,2,909.86,0.0,否
ORD2024060304694,2024-06-03,P0458,西北,线上官网,3,132.71,0.0,否
ORD2024052204334,2024-05-22,P0442,华南,线上官网,2,949.83,0.0,否
ORD2024090107524,2024-09-01,P0218,西南,线上第三方,1,376.23,0.11,否
ORD2024042303446,2024-04-23,P0187,华中,线下直营店,6,2845.09,0.0,否
ORD2024113010392,2024-11-30,P0064,华中,线上官网,2,239.61,0.06,否
ORD2024050703859,2024-05-07,P0239,东北,线下经销商,3,1964.72,0.0,否
ORD2024041403170,2024-04-14,P0334,华东,线上第三方,1,60.66,0.21,否
ORD2024012800812,2024-01-28,P0416,华中,线下经销商,1,896.41,0.0,否
ORD2024072006226,2024-07-20,P0267,西北,线下直营店,2,129.53,0.0,否
ORD2024051104011,2024-05-11,P0026,华东,线下直营店,2,3038.01,0.0,否
ORD2024051003972,2024-05-10,P0021,东北,线上官网,5,2094.65,0.0,否
ORD2024083007441,2024-08-30,P0196,东北,线上第三方,2,437.87,0.0,否
ORD2024033102756,2024-03-31,P0396,华中,线下经销商,1,1188.85,0.0,否
ORD2024122011004,2024-12-20,P0182,华中,企业团购,4,1175.94,0.0,否
ORD2024041003046,2024-04-10,P0142,华中,企业团购,1,2015.63,0.0,否
ORD2024090607667,2024-09-06,P0039,西南,企业团购,1,335.59,0.0,否
ORD2024040903033,2024-04-09,P0319,西北,线上官网,6,182.94,0.0,否
ORD2024010400112,2024-01-04,P0349,东北,企业团购,5,162.85,0.0,否
ORD2024112110120,2024-11-21,P0374,西北,企业团购,2,731.59,0.0,否
ORD2024112010098,2024-11-20,P0430,华南,线下经销商,2,1217.23,0.0,否
ORD2024050703860,2024-05-07,P0233,东北,线上官网,2,641.14,0.0,否
ORD2024060404706,2024-06-04,P0462,东北,线上官网,3,446.52,0.0,否
ORD2024022701746,2024-02-27,P0036,华北,企业团购,3,1184.66,0.0,否
ORD2024042603530,2024-04-26,P0029,西北,线上第三方,2,1205.32,0.0,否
ORD2024021701453,2024-02-17,P0355,华南,线下直营店,1,13.33,0.0,否
ORD2024031102150,2024-03-11,P0104,西北,线下经销商,5,1638.1,0.0,否
ORD2024011100320,2024-01-11,P0270,华北,线上第三方,1,141.38,0.0,否
ORD2024052904534,2024-05-29,P0429,华东,线上官网,5,1037.37,0.0,否
ORD2024010200062,2024-01-02,P0289,东北,企业团购,3,79.89,0.0,否
ORD2024032902674,2024-03-29,P0463,华北,线上官网,1,448.68,0.24,否
ORD2024030301923,2024-03-03,P0054,华中,线下直营店,1,4571.18,0.0,否
ORD2024112710322,2024-11-27,P0077,西南,线上第三方,1,2641.42,0.0,否
ORD2024111910071,2024-11-19,P0322,东北,企业团购,4,88.35,0.0,否
ORD2024061605199,2024-06-16,P0443,华北,企业团购,1,856.58,0.0,否
ORD2024102709160,2024-10-27,P0300,华东,线上第三方,1,78.1,0.0,否
ORD2024062205399,2024-06-22,P0242,华北,线下直营店,3,801.9,0.0,否
ORD2024062505494,2024-06-25,P0196,西北,线上第三方,2,461.6,0.0,否
ORD2024072306330,2024-07-23,P0126,华中,企业团购,5,490.8,0.09,否
ORD2024031002130,2024-03-10,P0253,西北,企业团购,1,150.85,0.0,否
ORD2024092608247,2024-09-26,P0083,西北,企业团购,3,910.95,0.0,否
ORD2024121510819,2024-12-15,P0124,华北,线下经销商,1,1005.6,0.0,否
ORD2024091908036,2024-09-19,P0219,华北,线下经销商,1,2143.97,0.0,否
ORD2024051204036,2024-05-12,P0267,东北,线下经销商,3,132.92,0.15,否
ORD2024101608872,2024-10-16,P0256,东北,企业团购,1,42.95,0.25,否
ORD2024122911263,2024-12-29,P0436,华北,线下直营店,1,1259.4,0.06,否
ORD2024072006225,2024-07-20,P0169,华中,线上官网,2,1487.58,0.0,否
ORD2024081707055,2024-08-17,P0001,华北,线下经销商,1,556.62,0.0,否
ORD2024110609463,2024-11-06,P0394,华北,线下直营店,4,1411.84,0.28,否
ORD2024052704475,2024-05-27,P0279,华东,线下直营店,2,150.03,0.0,否
ORD2024020401053,2024-02-04,P0315,西北,线下经销商,1,34.23,0.07,否
ORD2024121610862,2024-12-16,P0363,华北,企业团购,3,1322.95,0.0,否
ORD2024102108989,2024-10-21,P0332,华南,线上第三方,1,103.21,0.0,否
ORD2024061505122,2024-06-15,P0194,华南,线上第三方,5,1908.68,0.0,否
ORD2024010400100,2024-01-04,P0405,西北,企业团购,4,1129.71,0.0,否
ORD2024121010674,2024-12-10,P0178,西北,线下直营店,2,1036.81,0.0,否
ORD2024021801457,2024-02-18,P0208,西南,线下直营店,3,1922.38,0.0,否
ORD2024011300362,2024-01-13,P0212,东北,线下直营店,1,707.6,0.0,否
ORD2024012800813,2024-01-28,P0167,华南,线上第三方,3,826.33,0.0,是
ORD2024020601093,2024-02-06,P0102,华南,线下经销商,4,4071.58,0.0,否
ORD2024051404103,2024-05-14,P0023,西北,线上第三方,3,3699.35,0.0,否
ORD2024122611171,2024-12-26,P0254,西南,线上官网,3,29.66,0.0,否
ORD2024041303146,2024-04-13,P0174,西北,线下直营店,1,1894.85,0.0,否
ORD2024072306320,2024-07-23,P0033,华东,企业团购,3,2228.61,0.06,否
ORD2024100908650,2024-10-09,P0309,华中,线下经销商,4,194.2,0.1,否
ORD2024062505503,2024-06-25,P0462,华东,线下经销商,3,443.23,0.0,否
ORD2024090307574,2024-09-03,P0254,华东,线下经销商,3,27.11,0.0,否
ORD2024102109001,2024-10-21,P0135,华中,线下直营店,3,2147.49,0.0,否
ORD2024091507918,2024-09-15,P0222,华东,企业团购,1,333.27,0.0,否
ORD2024020401036,2024-02-04,P0303,西南,线下直营店,1,152.13,0.0,否
ORD2024072906490,2024-07-29,P0447,华中,线上官网,5,355.31,0.0,否
ORD2024021601415,2024-02-16,P0176,华中,线上官网,5,255.71,0.25,否
ORD2024011900541,2024-01-19,P0145,华南,线上第三方,4,2216.58,0.0,否
ORD2024083107488,2024-08-31,P0037,西北,线上第三方,1,2897.43,0.0,否
ORD2024061505128,2024-06-15,P0256,华中,线下直营店,15,46.26,0.24,否
ORD2024102108999,2024-10-21,P0423,华北,线下直营店,1,629.54,0.0,否
ORD2024020701147,2024-02-07,P0361,华北,线上第三方,2,1044.68,0.0,否
ORD2024102209021,2024-10-22,P0448,华中,线上官网,2,1075.39,0.0,否
ORD2024112910364,2024-11-29,P0196,西北,企业团购,3,432.11,0.0,否
ORD2024012600755,2024-01-26,P0440,华北,线下经销商,5,1232.55,0.0,否
ORD2024060104635,2024-06-01,P0284,华中,线下直营店,1,86.55,0.0,否
ORD2024091107802,2024-09-11,P0289,西北,线下经销商,1,83.76,0.0,否
ORD2024062905611,2024-06-29,P0418,西南,线上官网,1,117.46,0.0,否
ORD2024110909568,2024-11-09,P0095,西北,线上官网,1,3796.69,0.0,否
ORD2024070605823,2024-07-06,P0135,西北,企业团购,1,2268.38,0.0,否
ORD2024081006844,2024-08-10,P0122,华中,企业团购,1,3955.44,0.0,否
ORD2024121410788,2024-12-14,P0470,东北,线下直营店,2,173.17,0.0,否
ORD2024041303131,2024-04-13,P0213,华南,企业团购,1,759.55,0.0,否
ORD2024040702958,2024-04-07,P0487,西北,线下直营店,1,1459.7,0.0,否
ORD2024053104609,2024-05-31,P0373,西南,线下直营店,1,1555.26,0.0,否
ORD2024043003661,2024-04-30,P0351,西北,线下直营店,2,79.86,0.0,否
ORD2024122711188,2024-12-27,P0434,西南,线上官网,4,655.12,0.0,否
ORD2024051003980,2024-05-10,P0183,西北,线上官网,1,581.62,0.0,否
ORD2024010400101,2024-01-04,P0354,东北,线上官网,4,74.76,0.09,否
ORD2024032602609,2024-03-26,P0129,华北,线上第三方,5,1082.52,0.0,否
ORD2024121310762,2024-12-13,P0313,华北,线下经销商,4,92.56,0.0,否
ORD2024100708588,2024-10-07,P0116,华南,线上官网,4,3534.67,0.0,否
ORD2024110309387,2024-11-03,P0037,华中,企业团购,2,3025.78,0.0,否
ORD2024111009608,2024-11-10,P0032,华东,线下经销商,2,3593.41,0.0,否
ORD2024081306946,2024-08-13,P0072,华南,线下经销商,3,3938.11,0.1,否
ORD2024050703885,2024-05-07,P0163,华中,线下直营店,1,1277.01,0.0,否
ORD2024090107508,2024-09-01,P0484,华东,线上第三方,2,241.23,0.0,否
ORD2024071105966,2024-07-11,P0072,华北,企业团购,1,3895.58,0.0,否
ORD2024091407887,2024-09-14,P0016,东北,线下直营店,1,387.72,0.0,否
ORD2024012100602,2024-01-21,P0351,华中,企业团购,1,77.47,0.18,否
ORD2024051103985,2024-05-11,P0353,华中,线下经销商,1,28.0,0.0,否
ORD2024112010108,2024-11-20,P0414,华中,线上第三方,1,383.79,0.0,否
ORD2024052804512,2024-05-28,P0442,华南,线上官网,3,1045.11,0.0,否
ORD2024062205415,2024-06-22,P0362,华南,线下经销商,1,1255.6,0.0,否
ORD2024100608576,2024-10-06,P0099,西北,线上第三方,1,2008.51,0.0,否
ORD2024080806791,2024-08-08,P0213,华东,线下直营店,4,731.26,0.0,否
ORD2024071806166,2024-07-18,P0227,华东,线下直营店,4,1045.67,0.0,否
ORD2024020401045,2024-02-04,P0414,华南,线上官网,3,398.01,0.25,否
ORD2024101408794,2024-10-14,P0451,西北,企业团购,3,380.11,0.0,否
ORD2024022101558,2024-02-21,P0315,华南,企业团购,2,35.09,0.0,否
ORD2024061405036,2024-06-14,P0139,东北,企业团购,1,271.26,0.14,否
ORD2024021801488,2024-02-18,P0310,西南,线下经销商,1,120.31,0.0,否
ORD2024111109755,2024-11-11,P0265,华中,企业团购,16,94.37,0.0,否
ORD2024111109797,2024-11-11,P0263,华南,企业团购,32,126.45,0.3,否
ORD2024010700181,2024-01-07,P0461,东北,线上第三方,1,147.48,0.08,否
ORD2024120110415,2024-12-01,P0191,西北,线上第三方,1,1443.72,0.0,否
ORD2024062405471,2024-06-24,P0225,华东,线上第三方,5,1219.23,0.0,否
ORD2024030902116,2024-03-09,P0363,西北,线下直营店,2,1357.08,0.0,否
ORD2024022501700,2024-02-25,P0294,西南,线下经销商,3,25.63,0.0,否
ORD2024021501380,2024-02-15,P0343,西北,线下直营店,3,76.85,0.0,否
ORD2024072006238,2024-07-20,P0453,西北,线下经销商,1,66.98,0.0,否
ORD2024031902405,2024-03-19,P0103,东北,线上第三方,5,4407.39,0.0,否
ORD2024021601396,2024-02-16,P0157,华南,线下直营店,3,1618.71,0.0,否
ORD2024121010690,2024-12-10,P0216,华北,企业团购,4,1493.03,0.08,否
ORD2024012100619,2024-01-21,P0048,华东,线下经销商,3,1566.32,0.29,否
ORD2024060804851,2024-06-08,P0362,西北,线下直营店,2,1162.72,0.0,否
ORD2024103109285,2024-10-31,P0157,西北,线上第三方,1,1679.88,0.0,否
ORD2024122611156,2024-12-26,P0437,华北,线上第三方,3,1186.35,0.0,否
ORD2024042103397,2024-04-21,P0094,华北,线下经销商,2,3686.97,0.0,否
ORD2024022201601,2024-02-22,P0050,西北,线上第三方,3,2099.55,0.0,否
ORD2024082807377,2024-08-28,P0419,西南,线下直营店,3,668.23,0.0,否
ORD2024090607665,2024-09-06,P0404,华东,线下经销商,1,115.63,0.09,否
ORD2024022301616,2024-02-23,P0445,华中,企业团购,4,791.16,0.0,否
ORD2024090407609,2024-09-04,P0279,华东,企业团购,1,144.8,0.27,否
ORD2024011500439,2024-01-15,P0477,西北,企业团购,5,1892.17,0.0,否
ORD2024061505139,2024-06-15,P0042,西南,线上第三方,5,4069.07,0.0,否
ORD2024030902084,2024-03-09,P0429,西北,线下直营店,3,1039.29,0.0,否
ORD2024061805271,2024-06-18,P0251,西北,线下经销商,1,90.58,0.0,否
ORD2024112810339,2024-11-28,P0483,西北,线下直营店,1,1621.58,0.0,否
ORD2024053004575,2024-05-30,P0483,华北,线上第三方,3,1631.8,0.0,否
ORD2024080206597,2024-08-02,P0439,东北,线下经销商,1,1258.19,0.0,否
ORD2024110109327,2024-11-01,P0291,华中,线上第三方,1,35.87,0.0,否
ORD2024122611174,2024-12-26,P0098,华东,线下经销商,1,455.85,0.0,否
ORD2024072706423,2024-07-27,P0299,华北,线上第三方,1,107.16,0.23,否
ORD2024100108425,2024-10-01,P0137,西北,企业团购,1,768.83,0.0,否
ORD2024100308479,2024-10-03,P0181,华南,企业团购,4,1929.87,0.26,否
ORD2024100508533,2024-10-05,P0483,华北,线下经销商,1,1608.97,0.0,否
ORD2024032402546,2024-03-24,P0476,华中,线上官网,1,1589.46,0.0,否
ORD2024072706435,2024-07-27,P0187,西南,线上第三方,1,2966.52,0.23,否
ORD2024110509439,2024-11-05,P0268,西北,企业团购,1,73.83,0.0,否
ORD2024121310761,2024-12-13,P0128,西北,线下直营店,1,2114.4,0.0,否
ORD2024030301919,2024-03-03,P0239,华北,线上官网,1,1940.5,0.0,否
ORD2024110509435,2024-11-05,P0081,西南,线上官网,3,2537.4,0.0,否
ORD2024082607343,2024-08-26,P0433,华南,线上官网,4,1153.88,0.0,否
ORD2024082607342,2024-08-26,P0430,华南,线下经销商,1,1113.66,0.0,否
ORD2024081306936,2024-08-13,P0031,西北,线下直营店,4,2803.75,0.0,否
ORD2024061004908,2024-06-10,P0340,东北,线下直营店,5,86.97,0.0,否
ORD2024042803610,2024-04-28,P0142,华北,企业团购,1,1851.09,0.0,否
ORD2024112610294,2024-11-26,P0020,华东,线上第三方,1,3546.1,0.0,否
ORD2024030802055,2024-03-08,P0189,华北,线下经销商,1,891.2,0.0,是
ORD2024112010104,2024-11-20,P0465,东北,线上第三方,2,795.03,0.0,否
ORD2024120210439,2024-12-02,P0083,华北,线下经销商,1,877.55,0.0,否
ORD2024031802363,2024-03-18,P0064,华中,企业团购,2,226.39,0.0,否
ORD2024040903015,2024-04-09,P0301,华东,企业团购,4,146.69,0.0,否
ORD2024041803287,2024-04-18,P0178,西南,线上官网,3,997.16,0.0,否
ORD2024031302226,2024-03-13,P0378,华东,线下直营店,1,648.85,0.0,否
ORD2024082307238,2024-08-23,P0017,东北,线上第三方,1,1956.06,0.0,否
ORD2024061505184,2024-06-15,P0310,华中,企业团购,10,127.63,0.0,否
ORD2024020701127,2024-02-07,P0219,西南,线下直营店,4,2183.01,0.0,否
ORD2024060804830,2024-06-08,P0298,华中,企业团购,1,115.7,0.0,否
ORD2024082907418,2024-08-29,P0376,东北,线上第三方,1,1265.72,0.0,否
ORD2024121710892,2024-12-17,P0439,西南,企业团购,1,1242.12,0.19,否
ORD2024032002442,2024-03-20,P0060,华东,线下直营店,4,1026.45,0.0,否
ORD2024032102445,2024-03-21,P0014,华南,线上官网,2,4826.52,0.3,否
ORD2024082807397,2024-08-28,P0339,华东,企业团购,2,137.05,0.0,否
ORD2024051003974,2024-05-10,P0013,华北,线下直营店,3,3192.13,0.0,否
ORD2024021301323,2024-02-13,P0218,华北,企业团购,5,407.58,0.28,否
ORD2024022201604,2024-02-22,P0487,华南,线上官网,5,1495.86,0.0,否
ORD2024081807104,2024-08-18,P0307,西北,线下直营店,1,67.29,0.0,否
ORD2024101508843,2024-10-15,P0339,华中,线上第三方,2,132.0,0.0,否
ORD2024121510829,2024-12-15,P0489,西南,线下经销商,2,1945.7,0.0,否
ORD2024070205697,2024-07-02,P0449,华中,线上第三方,1,957.48,0.0,否
ORD2024123011266,2024-12-30,P0117,华南,线下经销商,1,3804.62,0.0,否
ORD2024073106530,2024-07-31,P0046,华南,线下直营店,2,4661.41,0.0,否
ORD2024070605836,2024-07-06,P0348,华中,线下经销商,1,46.68,0.0,否
ORD2024111109841,2024-11-11,P0249,西北,线上第三方,8,20.07,0.0,否
ORD2024102809187,2024-10-28,P0093,华中,线下直营店,2,5285.02,0.0,否
ORD2024031502291,2024-03-15,P0222,华北,企业团购,3,353.09,0.0,否
ORD2024120710594,2024-12-07,P0084,华南,企业团购,1,1100.82,0.0,否
ORD2024102609144,2024-10-26,P0361,华中,企业团购,1,1054.83,0.0,否
ORD2024052404375,2024-05-24,P0130,华北,企业团购,5,779.35,0.0,否
ORD2024021901508,2024-02-19,P0172,东北,线上官网,2,2114.38,0.29,否
ORD2024120110417,2024-12-01,P0139,华北,线上第三方,1,281.57,0.0,否
ORD2024022101560,2024-02-21,P0098,华中,线上第三方,2,450.69,0.0,否
ORD2024060604771,2024-06-06,P0482,华北,线下直营店,2,1071.0,0.0,否
ORD2024071306026,2024-07-13,P0395,华南,企业团购,3,1094.85,0.17,否
ORD2024050403778,2024-05-04,P0002,华南,线下直营店,1,3343.89,0.0,否
ORD2024051904255,2024-05-19,P0072,华东,线下直营店,2,4056.19,0.0,否
ORD2024103009249,2024-10-30,P0392,西北,线下直营店,1,256.07,0.0,否
ORD2024052604439,2024-05-26,P0129,华南,企业团购,2,1076.34,0.12,否
ORD2024030101837,2024-03-01,P0361,西南,线上官网,4,1034.74,0.0,否
ORD2024061505054,2024-06-15,P0354,西南,企业团购,15,76.96,0.0,否
ORD2024111109697,2024-11-11,P0075,西北,企业团购,24,5264.84,0.0,否
ORD2024020200982,2024-02-02,P0201,东北,企业团购,4,1682.19,0.0,否
ORD2024110709491,2024-11-07,P0386,东北,线上第三方,4,965.59,0.0,否
ORD2024021401355,2024-02-14,P0255,华南,线上官网,2,193.99,0.0,否
ORD2024040402871,2024-04-04,P0410,华东,企业团购,6,817.8,0.28,否
ORD2024010200046,2024-01-02,P0015,西南,线上官网,3,4099.29,0.0,否
ORD2024032402543,2024-03-24,P0142,西北,线下直营店,1,1943.95,0.0,否
ORD2024010400105,2024-01-04,P0417,华南,企业团购,1,1341.85,0.0,否
ORD2024061204955,2024-06-12,P0173,华中,线上第三方,2,2010.6,0.12,否
ORD2024012600749,2024-01-26,P0001,西南,线上官网,2,590.74,0.0,否
ORD2024072006233,2024-07-20,P0357,华东,企业团购,2,86.92,0.0,否
ORD2024071706138,2024-07-17,P0234,华中,线上第三方,4,1696.59,0.3,否
ORD2024081707069,2024-08-17,P0416,华中,线下经销商,1,861.09,0.13,否
ORD2024051804221,2024-05-18,P0091,西南,企业团购,1,917.4,0.0,否
ORD2024081707049,2024-08-17,P0045,华东,线下直营店,2,1992.45,0.23,否
ORD2024052504429,2024-05-25,P0436,华中,线下直营店,1,1242.18,0.17,否
ORD2024071205999,2024-07-12,P0318,西南,线上官网,2,111.89,0.29,否
ORD2024061304986,2024-06-13,P0091,华中,企业团购,5,922.64,0.0,否
ORD2024011900536,2024-01-19,P0402,华中,线上官网,4,650.06,0.0,否
ORD2024060504755,2024-06-05,P0352,东北,线上第三方,5,105.98,0.21,否
ORD2024111109676,2024-11-11,P0016,西南,线上官网,32,390.07,0.16,否
ORD2024080406672,2024-08-04,P0342,西北,线下直营店,1,69.05,0.0,否
ORD2024082007151,2024-08-20,P0401,华北,线下经销商,1,673.43,0.0,否
ORD2024031402252,2024-03-14,P0042,华东,线下经销商,4,4255.98,0.0,否
ORD2024020301026,2024-02-03,P0464,东北,线下经销商,1,1068.55,0.24,否
ORD2024101408815,2024-10-14,P0250,西北,线下直营店,2,81.54,0.29,否
ORD2024061204958,2024-06-12,P0111,华东,线下直营店,4,138.45,0.0,否
ORD2024072406348,2024-07-24,P0286,东北,线上第三方,2,134.13,0.17,否
ORD2024070305724,2024-07-03,P0422,华南,线上第三方,5,1064.55,0.0,否
ORD2024060104623,2024-06-01,P0430,华南,线上官网,1,1197.39,0.0,否
ORD2024051003956,2024-05-10,P0057,西南,线下直营店,1,4086.68,0.0,是
ORD2024042103398,2024-04-21,P0255,东北,线下经销商,2,193.67,0.0,否
ORD2024011100314,2024-01-11,P0320,华中,线上第三方,2,114.19,0.0,否
ORD2024070105679,2024-07-01,P0001,西南,线下直营店,3,591.77,0.0,否
ORD2024071206009,2024-07-12,P0401,华东,线上官网,3,683.96,0.0,否
ORD2024061505114,2024-06-15,P0017,东北,企业团购,5,2065.25,0.0,否
ORD2024121810923,2024-12-18,P0447,华东,线上官网,1,362.51,0.0,否
ORD2024100608564,2024-10-06,P0421,西北,线下直营店,1,286.64,0.0,否
ORD2024012300665,2024-01-23,P0053,西北,线上第三方,1,3153.98,0.0,否
ORD2024050603847,2024-05-06,P0456,华南,线上官网,1,576.73,0.11,否
ORD2024051904247,2024-05-19,P0081,西南,线上第三方,1,2482.45,0.0,否
ORD2024040502890,2024-04-05,P0259,华中,线下经销商,4,202.79,0.0,否
ORD2024081907135,2024-08-19,P0108,东北,线上第三方,4,1430.76,0.0,否
ORD2024061805262,2024-06-18,P0059,华东,企业团购,3,3819.21,0.29,否
ORD2024040702971,2024-04-07,P0489,西南,企业团购,2,1998.18,0.28,否
ORD2024112810342,2024-11-28,P0162,华中,线下直营店,1,1799.27,0.0,否
ORD2024111609979,2024-11-16,P0415,华东,企业团购,2,1348.35,0.0,否
ORD2024092608271,2024-09-26,P0188,西北,线下经销商,2,1149.48,0.0,否
ORD2024111109844,2024-11-11,P0167,华北,线下直营店,8,845.12,0.0,否
ORD2024121710881,2024-12-17,P0023,华东,线上官网,1,3573.96,0.0,否
ORD2024101308761,2024-10-13,P0114,西南,线上第三方,1,3010.13,0.0,否
ORD2024060604795,2024-06-06,P0426,西北,线下经销商,2,133.63,0.06,否
ORD2024012300676,2024-01-23,P0313,华南,线上第三方,5,95.28,0.0,否
ORD2024052404394,2024-05-24,P0212,西南,线上官网,5,657.77,0.0,否
ORD2024111309890,2024-11-13,P0203,华中,线上第三方,3,1819.5,0.0,否
ORD2024060804845,2024-06-08,P0410,华中,线下经销商,1,889.88,0.27,否
ORD2024082907415,2024-08-29,P0219,西北,企业团购,1,2325.78,0.0,否
ORD2024092308172,2024-09-23,P0111,西南,线上官网,2,141.24,0.0,否
ORD2024103109290,2024-10-31,P0272,华中,企业团购,4,30.07,0.0,否
ORD2024061705235,2024-06-17,P0332,西北,线下经销商,2,101.97,0.0,否
ORD2024101708874,2024-10-17,P0261,西北,线下直营店,1,96.76,0.0,否
ORD2024041003036,2024-04-10,P0074,东北,线上官网,6,2056.2,0.0,否
ORD2024030501963,2024-03-05,P0317,西北,线下直营店,2,33.55,0.0,否
ORD2024030101841,2024-03-01,P0283,东北,企业团购,3,183.61,0.0,否
ORD2024062305422,2024-06-23,P0139,东北,线上第三方,1,292.3,0.0,否
ORD2024043003674,2024-04-30,P0472,华南,线上官网,3,727.87,0.0,否
ORD2024053104608,2024-05-31,P0030,华中,企业团购,2,3703.21,0.0,否
ORD2024061004915,2024-06-10,P0321,东北,线上第三方,1,128.95,0.0,否
ORD2024090407599,2024-09-04,P0248,东北,线上第三方,2,17.88,0.0,否
ORD2024123111299,2024-12-31,P0105,东北,线上官网,2,4638.76,0.16,否
ORD2024041903321,2024-04-19,P0004,华北,线下经销商,1,3059.55,0.0,否
ORD2024123111320,2024-12-31,P0352,东北,线下经销商,4,101.48,0.0,否
ORD2024090807734,2024-09-08,P0430,华北,企业团购,2,1143.41,0.0,否
ORD2024111109795,2024-11-11,P0020,东北,线上第三方,8,3715.62,0.0,否
ORD2024051904238,2024-05-19,P0077,西北,线上第三方,2,2507.62,0.0,否
ORD2024061104950,2024-06-11,P0288,华中,线上第三方,3,48.83,0.0,否
ORD2024091707978,2024-09-17,P0060,华南,线上第三方,2,982.18,0.0,否
ORD2024071706135,2024-07-17,P0462,西北,线下经销商,5,434.95,0.0,否
ORD2024100808625,2024-10-08,P0478,西北,企业团购,3,1097.45,0.0,否
ORD2024011500412,2024-01-15,P0217,华东,线下直营店,3,1076.6,0.13,否
ORD2024012100614,2024-01-21,P0401,东北,线下经销商,2,687.22,0.0,否
ORD2024012900848,2024-01-29,P0419,华北,线下经销商,2,699.31,0.0,否
ORD2024070205698,2024-07-02,P0009,西北,线上官网,1,3233.77,0.0,否
ORD2024110709496,2024-11-07,P0424,华东,线上官网,4,132.53,0.0,否
ORD2024021701431,2024-02-17,P0469,华南,线上第三方,1,304.85,0.0,否
ORD2024051204047,2024-05-12,P0094,西北,线下经销商,2,3906.72,0.28,是
ORD2024121110713,2024-12-11,P0456,华南,线上官网,1,605.57,0.0,否
ORD2024110109310,2024-11-01,P0445,西北,企业团购,1,780.94,0.0,否
ORD2024111109745,2024-11-11,P0008,华中,线上第三方,8,2703.65,0.0,否
ORD2024122111014,2024-12-21,P0272,西南,线上官网,1,28.64,0.0,否
ORD2024091107820,2024-09-11,P0257,华中,线下经销商,2,182.27,0.0,否
ORD2024090107521,2024-09-01,P0090,西北,线上第三方,1,80.04,0.0,否
ORD2024112510241,2024-11-25,P0057,华南,线下直营店,2,4190.17,0.0,否
ORD2024052604460,2024-05-26,P0494,华中,企业团购,2,364.62,0.0,否
ORD2024021601418,2024-02-16,P0162,东北,线下经销商,5,1829.84,0.0,是
ORD2024062005323,2024-06-20,P0309,西南,线下直营店,4,182.83,0.0,否
ORD2024050103678,2024-05-01,P0082,华北,线下经销商,1,721.68,0.0,否
ORD2024053004585,2024-05-30,P0117,东北,线上官网,5,3954.78,0.0,否
ORD2024012100605,2024-01-21,P0158,华北,线下直营店,1,2399.22,0.0,否
ORD2024021101273,2024-02-11,P0152,西北,线上第三方,1,2705.19,0.0,否
ORD2024092908354,2024-09-29,P0141,华北,线上官网,2,932.06,0.29,否
ORD2024120710595,2024-12-07,P0311,西南,线上官网,2,67.52,0.0,否
ORD2024112710311,2024-11-27,P0440,华中,线上第三方,3,1288.28,0.0,否
ORD2024052004280,2024-05-20,P0045,西北,线上第三方,5,2106.15,0.0,否
ORD2024031602312,2024-03-16,P0039,西南,企业团购,3,330.08,0.14,否
ORD2024061505083,2024-06-15,P0313,东北,线下经销商,5,89.08,0.0,否
ORD2024010900248,2024-01-09,P0251,西南,线下直营店,5,90.07,0.0,否
ORD2024101408812,2024-10-14,P0491,西北,线上第三方,1,1042.99,0.0,否
ORD2024040502901,2024-04-05,P0144,西南,线上官网,1,1218.16,0.0,否
ORD2024030501983,2024-03-05,P0420,西南,线下经销商,1,1212.1,0.24,否
ORD2024052404377,2024-05-24,P0359,华南,线下直营店,1,1065.49,0.0,否
ORD2024081106875,2024-08-11,P0099,西北,企业团购,2,2045.4,0.0,否
ORD2024010700200,2024-01-07,P0035,西南,线上官网,2,3196.11,0.0,否
ORD2024061605196,2024-06-16,P0462,华东,线上官网,2,417.85,0.0,否
ORD2024011700486,2024-01-17,P0080,华东,企业团购,5,4554.71,0.0,否
ORD2024040402880,2024-04-04,P0440,华北,线下直营店,2,1357.13,0.0,否
ORD2024122811225,2024-12-28,P0418,华东,线下直营店,1,113.25,0.0,否
ORD2024091107815,2024-09-11,P0396,华中,企业团购,1,1208.95,0.21,否
ORD2024072406334,2024-07-24,P0217,华南,线下经销商,3,1083.75,0.0,否
ORD2024040302824,2024-04-03,P0002,西南,线下直营店,1,3394.63,0.09,否
ORD2024011600456,2024-01-16,P0133,西南,线下经销商,3,2856.47,0.0,否
ORD2024123111302,2024-12-31,P0189,东北,线下直营店,3,844.72,0.0,否
ORD2024111710009,2024-11-17,P0200,华北,线下经销商,2,2948.38,0.0,否
ORD2024041603246,2024-04-16,P0019,华中,线下经销商,1,2104.64,0.0,否
ORD2024011300358,2024-01-13,P0082,西南,线上官网,1,691.72,0.0,否
ORD2024022601722,2024-02-26,P0334,华东,线上第三方,4,57.5,0.19,否
ORD2024070405759,2024-07-04,P0071,华东,线上官网,2,4641.15,0.0,否
ORD2024050303750,2024-05-03,P0278,华南,线上第三方,4,153.21,0.1,否
ORD2024122511149,2024-12-25,P0208,西北,线下经销商,2,2030.05,0.11,否
ORD2024060604793,2024-06-06,P0164,华中,线上官网,4,392.66,0.0,是
ORD2024103009264,2024-10-30,P0114,西南,线下直营店,1,3069.33,0.0,否
ORD2024040202795,2024-04-02,P0153,西北,线上第三方,2,1745.56,0.0,否
ORD2024091207842,2024-09-12,P0412,华中,企业团购,4,994.31,0.0,否
ORD2024082907417,2024-08-29,P0477,东北,线上官网,4,2032.28,0.0,否
ORD2024083107478,2024-08-31,P0019,华北,线下直营店,1,2103.97,0.08,否
ORD2024011800525,2024-01-18,P0120,华中,线下直营店,3,947.62,0.0,否
ORD2024012900863,2024-01-29,P0467,西南,线上官网,4,1648.35,0.0,否
ORD2024030902095,2024-03-09,P0249,西北,线上第三方,3,20.56,0.0,否
ORD2024020100948,2024-02-01,P0323,西南,线上第三方,1,199.04,0.0,否
ORD2024051304065,2024-05-13,P0028,西北,线下直营店,4,644.28,0.0,否
ORD2024021701445,2024-02-17,P0208,东北,线下经销商,3,2082.37,0.0,否
ORD2024102108995,2024-10-21,P0060,华南,企业团购,3,1012.3,0.0,否
ORD2024021201281,2024-02-12,P0091,西南,线上官网,5,898.74,0.17,否
ORD2024120910654,2024-12-09,P0146,华中,线下直营店,1,784.7,0.3,否
ORD2024010500123,2024-01-05,P0317,华中,企业团购,4,32.92,0.0,否
ORD2024101308777,2024-10-13,P0372,华中,线上官网,1,1364.08,0.0,否
ORD2024061204961,2024-06-12,P0369,西北,线下直营店,2,496.89,0.19,否
ORD2024061505124,2024-06-15,P0307,东北,企业团购,10,71.16,0.0,否
ORD2024080306652,2024-08-03,P0163,华东,线下直营店,2,1263.64,0.0,否
ORD2024110209355,2024-11-02,P0012,西北,线上官网,2,1151.02,0.0,否
ORD2024111109627,2024-11-11,P0422,华北,企业团购,16,1067.31,0.0,否
ORD2024031602303,2024-03-16,P0446,西南,线下直营店,1,404.46,0.24,否
ORD2024112510236,2024-11-25,P0048,西南,企业团购,3,1599.92,0.0,否
ORD2024112410227,2024-11-24,P0160,华东,线上官网,1,1905.52,0.0,否
ORD2024101408814,2024-10-14,P0178,东北,线上第三方,2,1015.37,0.0,否
ORD2024030602005,2024-03-06,P0210,华南,线下经销商,3,1163.89,0.0,否
ORD2024071906204,2024-07-19,P0270,华北,线上官网,4,143.63,0.0,否
ORD2024111209870,2024-11-12,P0095,华北,线下经销商,3,3586.29,0.1,否
ORD2024020301006,2024-02-03,P0339,西北,线下直营店,1,132.16,0.0,否
ORD2024042303461,2024-04-23,P0147,华中,线下直营店,4,705.96,0.15,否
ORD2024062805578,2024-06-28,P0130,东北,线上官网,5,773.73,0.0,否
ORD2024092108114,2024-09-21,P0289,华中,线上官网,2,81.43,0.0,否
ORD2024112310182,2024-11-23,P0356,西南,线上第三方,2,31.54,0.0,否
ORD2024041003056,2024-04-10,P0482,西南,企业团购,1,1102.56,0.0,否
ORD2024040402886,2024-04-04,P0180,华南,线下直营店,4,1269.82,0.0,否
ORD2024042703567,2024-04-27,P0420,华南,企业团购,3,1175.73,0.0,否
ORD2024112610271,2024-11-26,P0312,华中,企业团购,1,96.47,0.12,否
ORD2024031002133,2024-03-10,P0458,华中,线下直营店,3,137.37,0.28,否
ORD2024062505480,2024-06-25,P0277,华北,企业团购,4,113.34,0.0,否
ORD2024100808642,2024-10-08,P0049,西北,线下经销商,2,4463.76,0.0,否
ORD2024121610867,2024-12-16,P0086,华南,线上官网,2,2438.58,0.0,否
ORD2024060704829,2024-06-07,P0108,华南,线下经销商,5,1373.11,0.0,否
ORD2024030802058,2024-03-08,P0491,华中,线下经销商,4,977.99,0.0,否
ORD2024080806773,2024-08-08,P0297,华中,企业团购,1,125.3,0.14,否
ORD2024010700189,2024-01-07,P0031,华南,线上第三方,1,2704.74,0.0,否
ORD2024010800230,2024-01-08,P0398,华东,线上官网,3,1410.08,0.18,否
ORD2024082507299,2024-08-25,P0484,华南,线上官网,1,237.48,0.0,否
ORD2024082807380,2024-08-28,P0465,东北,线上官网,1,828.33,0.0,否
ORD2024120110423,2024-12-01,P0267,华中,线上官网,1,130.72,0.13,否
ORD2024090707703,2024-09-07,P0408,西南,线上官网,1,200.93,0.0,否
ORD2024090807714,2024-09-08,P0334,华北,线上官网,2,56.34,0.0,否
ORD2024040903008,2024-04-09,P0362,华东,企业团购,2,1184.8,0.0,否
ORD2024061505107,2024-06-15,P0009,东北,线上第三方,5,3141.71,0.0,否
ORD2024072706444,2024-07-27,P0077,华南,企业团购,2,2476.62,0.0,否
ORD2024110709489,2024-11-07,P0071,华北,线上官网,1,4561.19,0.0,否
ORD2024010800210,2024-01-08,P0095,华东,线上第三方,4,3475.15,0.0,否
ORD2024102209020,2024-10-22,P0267,华中,线下经销商,3,134.52,0.0,否
ORD2024033102751,2024-03-31,P0178,西北,线下直营店,2,988.6,0.0,否
ORD2024092408197,2024-09-24,P0322,西南,线下经销商,2,92.56,0.0,否
ORD2024052704490,2024-05-27,P0290,西南,线上官网,5,10.97,0.0,否
ORD2024051504120,2024-05-15,P0467,华北,企业团购,2,1581.25,0.0,否
ORD2024093008369,2024-09-30,P0112,东北,线上第三方,1,4608.34,0.0,否
ORD2024011000281,2024-01-10,P0159,华中,线上第三方,3,1403.58,0.0,否
ORD2024040602945,2024-04-06,P0029,西南,线下直营店,2,1219.81,0.0,否
ORD2024080706766,2024-08-07,P0225,东北,企业团购,1,1315.7,0.0,否
ORD2024052504415,2024-05-25,P0480,华中,线下直营店,3,287.42,0.0,否
ORD2024033002719,2024-03-30,P0495,华中,线上第三方,2,1312.45,0.0,否
ORD2024071105980,2024-07-11,P0461,东北,线上第三方,1,143.92,0.0,否
ORD2024071706134,2024-07-17,P0185,华东,线上官网,1,790.28,0.0,否
ORD2024110609469,2024-11-06,P0338,华中,线下经销商,2,44.64,0.0,否
ORD2024022601729,2024-02-26,P0220,华东,线下直营店,1,1944.69,0.0,否
ORD2024101308780,2024-10-13,P0295,华东,企业团购,2,120.93,0.0,否
ORD2024011200338,2024-01-12,P0354,西南,线上第三方,2,80.62,0.23,否
ORD2024072606415,2024-07-26,P0222,华中,线下经销商,5,347.13,0.0,是
ORD2024061805268,2024-06-18,P0376,华北,线上第三方,1,1371.78,0.0,否
ORD2024032802651,2024-03-28,P0470,华东,企业团购,3,177.64,0.0,否
ORD2024051404099,2024-05-14,P0268,华南,线下经销商,4,73.36,0.29,否
ORD2024111109660,2024-11-11,P0023,华中,线上第三方,32,3553.77,0.21,否
ORD2024101208737,2024-10-12,P0478,西南,线下经销商,1,1137.0,0.0,否
ORD2024102509100,2024-10-25,P0124,西南,企业团购,1,984.12,0.0,否
ORD2024090607673,2024-09-06,P0035,东北,线上官网,1,3367.67,0.0,否
ORD2024061505144,2024-06-15,P0039,西南,线下经销商,15,330.79,0.0,否
ORD2024110209337,2024-11-02,P0126,华南,线上第三方,1,455.84,0.29,否
ORD2024042403483,2024-04-24,P0090,西北,线下直营店,4,75.79,0.0,否
ORD2024021001227,2024-02-10,P0426,西北,线上第三方,3,131.58,0.0,否
ORD2024060504735,2024-06-05,P0045,华北,线下直营店,5,1997.76,0.0,否
ORD2024062705548,2024-06-27,P0127,华南,企业团购,1,3441.47,0.0,否
ORD2024031002145,2024-03-10,P0171,华南,企业团购,2,1208.71,0.0,否
ORD2024112010103,2024-11-20,P0463,西北,线上官网,1,472.57,0.0,否
ORD2024121610852,2024-12-16,P0183,华南,线下经销商,1,548.45,0.0,否
ORD2024062105365,2024-06-21,P0047,华南,线下经销商,5,1571.38,0.0,否
ORD2024030902112,2024-03-09,P0043,东北,线上官网,2,4907.72,0.0,否
ORD2024070305749,2024-07-03,P0068,西北,线下直营店,2,5298.88,0.0,否
ORD2024082207212,2024-08-22,P0393,东北,线下经销商,1,1117.68,0.0,否
ORD2024111509957,2024-11-15,P0338,华中,线下经销商,3,45.11,0.0,否
ORD2024052304360,2024-05-23,P0200,西南,线下经销商,3,2945.59,0.0,否
ORD2024041203111,2024-04-12,P0305,西北,线上官网,2,63.0,0.0,否
ORD2024061905307,2024-06-19,P0478,华东,企业团购,2,1122.88,0.1,否
ORD2024020301018,2024-02-03,P0108,华东,线下经销商,1,1353.27,0.29,否
ORD2024111109673,2024-11-11,P0454,西北,线下直营店,8,1096.14,0.0,否
ORD2024010700182,2024-01-07,P0488,西南,线上官网,1,775.95,0.0,否
ORD2024072806453,2024-07-28,P0356,华南,线上官网,3,31.87,0.0,是
ORD2024042903648,2024-04-29,P0430,东北,线下直营店,3,1198.09,0.0,否
ORD2024030401929,2024-03-04,P0500,东北,线上官网,4,743.04,0.0,否
ORD2024062105359,2024-06-21,P0375,东北,线上官网,3,229.13,0.0,否
ORD2024011300351,2024-01-13,P0260,东北,线下经销商,3,60.48,0.0,否
ORD2024080206598,2024-08-02,P0275,华南,线上第三方,2,43.97,0.0,否
ORD2024031202202,2024-03-12,P0052,东北,线上第三方,3,1335.99,0.0,否
ORD2024072406358,2024-07-24,P0284,西北,线上官网,2,81.26,0.11,否
ORD2024030401935,2024-03-04,P0449,华中,企业团购,5,892.58,0.0,否
ORD2024120710588,2024-12-07,P0359,华南,企业团购,1,1071.88,0.0,否
ORD2024071706142,2024-07-17,P0099,东北,线下直营店,4,2055.16,0.0,否
ORD2024100508541,2024-10-05,P0469,东北,线下经销商,1,317.84,0.22,否
ORD2024071906212,2024-07-19,P0361,西南,线上官网,5,1074.57,0.0,否
ORD2024100308485,2024-10-03,P0464,西北,线下经销商,4,1079.96,0.0,否
ORD2024102809189,2024-10-28,P0277,华中,线下直营店,3,114.36,0.0,是
ORD2024072906481,2024-07-29,P0324,东北,企业团购,2,110.16,0.0,否
ORD2024012000565,2024-01-20,P0012,东北,线下直营店,1,1164.76,0.07,否
ORD2024022201583,2024-02-22,P0320,华中,线上第三方,4,111.15,0.0,否
ORD2024070705857,2024-07-07,P0011,华中,企业团购,1,1922.3,0.0,否
ORD2024102209034,2024-10-22,P0270,华中,线下经销商,1,132.3,0.0,否
ORD2024031102176,2024-03-11,P0299,东北,线下经销商,5,108.6,0.0,否
ORD2024122711210,2024-12-27,P0419,东北,线上第三方,2,655.16,0.0,否
ORD2024032402541,2024-03-24,P0267,西南,企业团购,2,124.47,0.0,否
ORD2024081306931,2024-08-13,P0266,华北,线下直营店,2,37.2,0.24,否
ORD2024050903934,2024-05-09,P0100,东北,线上第三方,3,2114.27,0.0,否
ORD2024061605211,2024-06-16,P0390,华南,线下直营店,1,1078.37,0.0,否
ORD2024120510535,2024-12-05,P0020,华东,线上第三方,3,3713.78,0.16,否
ORD2024121910965,2024-12-19,P0074,华南,线上第三方,2,1940.34,0.0,否
ORD2024033002708,2024-03-30,P0239,华北,企业团购,1,2032.83,0.0,否
ORD2024042103373,2024-04-21,P0332,西北,线下直营店,3,104.12,0.0,否
ORD2024122711181,2024-12-27,P0326,华北,线上官网,4,163.59,0.25,否
ORD2024031302229,2024-03-13,P0336,东北,线上官网,2,182.81,0.0,否
ORD2024020701116,2024-02-07,P0310,西南,线下直营店,2,122.89,0.0,否
ORD2024072906495,2024-07-29,P0401,华东,线上官网,2,695.27,0.26,否
ORD2024092808310,2024-09-28,P0437,西南,线上第三方,1,1275.31,0.0,否
ORD2024102209013,2024-10-22,P0378,东北,线下直营店,1,675.58,0.0,否
ORD2024042603536,2024-04-26,P0356,西北,线上第三方,4,34.35,0.0,否
ORD2024060604767,2024-06-06,P0112,西北,企业团购,4,4695.03,0.0,否
ORD2024072906501,2024-07-29,P0090,华北,线上官网,2,83.2,0.0,否
ORD2024122111026,2024-12-21,P0049,西北,企业团购,2,4488.46,0.1,否
ORD2024081106878,2024-08-11,P0080,东北,线下经销商,1,4641.85,0.0,否
ORD2024050203740,2024-05-02,P0196,华东,线上第三方,3,429.24,0.0,否
ORD2024062905606,2024-06-29,P0028,华南,线下经销商,1,632.27,0.0,是
ORD2024101708876,2024-10-17,P0346,华中,线上第三方,1,133.93,0.0,否
ORD2024042203430,2024-04-22,P0239,华中,线上第三方,6,1970.33,0.0,否
ORD2024012800822,2024-01-28,P0447,华南,企业团购,1,390.64,0.0,否
ORD2024030802064,2024-03-08,P0309,华中,线下经销商,2,194.97,0.0,否
ORD2024031502273,2024-03-15,P0446,华中,线下直营店,5,397.85,0.0,否
ORD2024082007147,2024-08-20,P0357,华中,线下直营店,4,87.75,0.0,否
ORD2024010300082,2024-01-03,P0294,华东,企业团购,4,26.26,0.06,否
ORD2024021301324,2024-02-13,P0462,华东,线上第三方,1,439.86,0.0,否
ORD2024121310781,2024-12-13,P0409,华北,线上官网,1,1320.0,0.0,否
ORD2024050103707,2024-05-01,P0162,东北,线上官网,2,1758.07,0.09,否
ORD2024061605205,2024-06-16,P0008,西南,线下直营店,2,2798.18,0.0,否
ORD2024022301615,2024-02-23,P0338,西北,线上官网,1,47.67,0.16,否
ORD2024032902698,2024-03-29,P0189,东北,企业团购,2,848.58,0.0,否
ORD2024012800832,2024-01-28,P0016,华中,线下直营店,2,378.7,0.21,否
ORD2024092308181,2024-09-23,P0440,华北,线下经销商,1,1343.83,0.18,否
ORD2024050603827,2024-05-06,P0312,东北,企业团购,3,94.84,0.0,否
ORD2024123111294,2024-12-31,P0319,华北,线下经销商,3,194.88,0.0,否
ORD2024080306637,2024-08-03,P0004,西北,线下经销商,2,3152.66,0.13,否
ORD2024032002421,2024-03-20,P0230,西南,企业团购,1,1118.44,0.0,否
ORD2024070305747,2024-07-03,P0445,华北,企业团购,1,844.48,0.0,否
ORD2024052204330,2024-05-22,P0156,华南,线上第三方,1,954.36,0.0,否
ORD2024040302834,2024-04-03,P0211,华北,线下经销商,1,620.27,0.0,否
ORD2024111109691,2024-11-11,P0217,西南,线下直营店,24,1109.05,0.0,否
ORD2024120510529,2024-12-05,P0392,东北,线上第三方,2,264.63,0.0,否
ORD2024081006866,2024-08-10,P0350,西北,线上官网,1,93.24,0.0,否
ORD2024022401650,2024-02-24,P0183,华中,线下直营店,2,585.71,0.12,否
ORD2024063005637,2024-06-30,P0185,华北,线下直营店,1,833.55,0.0,否
ORD2024110409404,2024-11-04,P0238,华北,线下直营店,3,594.92,0.0,否
ORD2024020501076,2024-02-05,P0493,西北,线上第三方,2,1250.42,0.0,否
ORD2024010200049,2024-01-02,P0173,华中,线上第三方,1,1964.07,0.0,否
ORD2024070605825,2024-07-06,P0256,华中,企业团购,1,43.07,0.0,否
ORD2024081406979,2024-08-14,P0055,西北,线上官网,3,705.31,0.0,否
ORD2024111109816,2024-11-11,P0462,华东,线上第三方,24,422.1,0.17,否
ORD2024100108418,2024-10-01,P0098,西北,企业团购,2,423.16,0.0,否
ORD2024101008680,2024-10-10,P0210,华中,线上第三方,4,1187.0,0.0,否
ORD2024072306323,2024-07-23,P0295,西北,线上官网,5,124.34,0.0,否
ORD2024060504732,2024-06-05,P0469,华南,线上第三方,4,296.74,0.0,否
ORD2024100508531,2024-10-05,P0054,东北,线下直营店,2,4701.29,0.0,否
ORD2024122511131,2024-12-25,P0319,华东,线上第三方,1,193.01,0.0,否
ORD2024032902690,2024-03-29,P0002,华东,线上第三方,5,3191.92,0.0,否
ORD2024061405027,2024-06-14,P0094,华中,线下直营店,3,3847.23,0.0,否
ORD2024110709501,2024-11-07,P0270,华中,线下经销商,1,142.07,0.0,否
ORD2024012600750,2024-01-26,P0263,华北,线下经销商,3,116.03,0.0,否
ORD2024080906801,2024-08-09,P0052,华中,线下经销商,1,1378.19,0.0,否
ORD2024062805585,2024-06-28,P0376,华东,企业团购,1,1279.75,0.23,否
ORD2024110409411,2024-11-04,P0123,华北,企业团购,1,2268.13,0.0,否
ORD2024031802374,2024-03-18,P0084,东北,线下经销商,1,1068.76,0.0,否
ORD2024032002443,2024-03-20,P0091,华东,线上第三方,2,953.78,0.11,否
ORD2024071306038,2024-07-13,P0378,西南,线下经销商,1,661.6,0.0,否
ORD2024050203729,2024-05-02,P0445,华北,线下经销商,4,796.95,0.0,否
ORD2024121610855,2024-12-16,P0467,华南,线下直营店,1,1525.41,0.0,否
ORD2024033102759,2024-03-31,P0350,西南,线上官网,3,88.63,0.0,否
ORD2024061505101,2024-06-15,P0348,华北,企业团购,15,44.82,0.0,否
ORD2024051804218,2024-05-18,P0055,华东,线下经销商,3,708.5,0.0,否
ORD2024061204975,2024-06-12,P0177,西南,线上官网,1,271.16,0.0,否
ORD2024110609476,2024-11-06,P0408,华东,线上第三方,1,192.61,0.0,否
ORD2024090907757,2024-09-09,P0020,西南,企业团购,1,3537.47,0.0,否
ORD2024122111027,2024-12-21,P0494,西北,企业团购,1,356.08,0.0,否
ORD2024060904864,2024-06-09,P0359,华北,线下直营店,3,1049.43,0.0,否
ORD2024071105983,2024-07-11,P0477,华北,线下经销商,1,2024.11,0.0,否
ORD2024060504731,2024-06-05,P0138,华东,线上官网,3,232.97,0.0,否
ORD2024050703881,2024-05-07,P0246,华东,线下直营店,2,60.34,0.0,否
ORD2024080906833,2024-08-09,P0315,华中,线上官网,1,32.5,0.0,否
ORD2024111209872,2024-11-12,P0244,华东,线上第三方,3,2060.13,0.0,否
ORD2024062005340,2024-06-20,P0278,东北,线上第三方,2,156.24,0.21,否
ORD2024071906190,2024-07-19,P0373,华南,线下直营店,5,1457.5,0.0,否
ORD2024043003659,2024-04-30,P0043,西南,线上官网,3,5008.5,0.0,否
ORD2024113010398,2024-11-30,P0375,华东,线下直营店,1,216.85,0.0,否
ORD2024070205715,2024-07-02,P0470,西南,线下经销商,1,174.85,0.0,否
ORD2024043003651,2024-04-30,P0235,华北,线上第三方,4,2596.07,0.0,否
ORD2024111509959,2024-11-15,P0088,华中,线下直营店,2,2932.96,0.0,否
ORD2024020701140,2024-02-07,P0014,西南,企业团购,4,5020.68,0.0,否
ORD2024050903946,2024-05-09,P0013,华北,线上官网,4,3146.84,0.0,否
ORD2024102008960,2024-10-20,P0060,西北,线上第三方,1,1047.39,0.0,否
ORD2024031302232,2024-03-13,P0014,西北,线下经销商,4,4945.24,0.05,否
ORD2024031102165,2024-03-11,P0240,华北,线上官网,2,1016.95,0.0,否
ORD2024040402887,2024-04-04,P0204,东北,线上官网,1,223.31,0.0,否
ORD2024121810935,2024-12-18,P0062,华北,线上官网,1,679.12,0.28,否
ORD2024092408205,2024-09-24,P0073,西南,线下经销商,1,1771.9,0.21,否
ORD2024040102778,2024-04-01,P0100,华北,线上官网,2,2115.08,0.1,否
ORD2024120810640,2024-12-08,P0128,华东,线上第三方,2,2062.99,0.0,否
ORD2024101608850,2024-10-16,P0111,华东,线下经销商,4,147.66,0.17,否
ORD2024101308762,2024-10-13,P0156,华中,线上官网,1,941.06,0.0,否
ORD2024022101571,2024-02-21,P0431,华南,线下直营店,2,565.18,0.0,是
ORD2024010600173,2024-01-06,P0434,西北,线下经销商,1,610.91,0.0,否
ORD2024012200640,2024-01-22,P0312,西北,企业团购,2,89.79,0.0,否
ORD2024062605533,2024-06-26,P0454,华南,线下直营店,3,1162.84,0.07,否
ORD2024070705866,2024-07-07,P0240,华东,线上第三方,1,1114.7,0.21,否
ORD2024030902088,2024-03-09,P0027,西南,线下直营店,1,3532.22,0.19,否
ORD2024041203129,2024-04-12,P0498,华东,线上第三方,1,1656.46,0.0,否
ORD2024031902401,2024-03-19,P0280,西南,企业团购,2,81.62,0.0,否
ORD2024121310773,2024-12-13,P0073,华东,企业团购,2,1779.64,0.0,否
ORD2024020701144,2024-02-07,P0075,华中,线下直营店,1,5054.54,0.0,否
ORD2024092208138,2024-09-22,P0418,东北,线上第三方,2,110.94,0.0,否
ORD2024091707992,2024-09-17,P0119,华东,线上官网,1,4857.79,0.0,否
ORD2024080506701,2024-08-05,P0080,西南,线上官网,1,4725.03,0.0,否
ORD2024122111030,2024-12-21,P0365,西南,线上官网,1,1110.21,0.0,否
ORD2024052004266,2024-05-20,P0114,西南,企业团购,1,3023.78,0.0,是
ORD2024030101833,2024-03-01,P0104,西北,线下直营店,1,1634.61,0.0,否
ORD2024121810937,2024-12-18,P0178,西南,线上第三方,2,987.34,0.21,否
ORD2024080106576,2024-08-01,P0438,华东,线上官网,1,1338.75,0.0,否
ORD2024050103687,2024-05-01,P0205,东北,线下直营店,3,374.35,0.07,否
ORD2024053104598,2024-05-31,P0447,华东,线下直营店,2,373.42,0.0,否
ORD2024120710600,2024-12-07,P0267,东北,线下经销商,1,131.93,0.0,否
ORD2024100808613,2024-10-08,P0064,东北,线下直营店,2,225.09,0.0,否
ORD2024112510251,2024-11-25,P0064,华南,企业团购,2,232.96,0.0,否
ORD2024082607339,2024-08-26,P0298,华北,线上第三方,1,116.53,0.0,否
ORD2024072406356,2024-07-24,P0393,华北,企业团购,5,1116.39,0.0,否
ORD2024102409068,2024-10-24,P0236,东北,线上第三方,4,1697.23,0.0,否
ORD2024012800835,2024-01-28,P0137,西北,线上官网,3,728.48,0.0,否
ORD2024032202487,2024-03-22,P0070,西南,线上官网,1,4014.44,0.0,否
ORD2024100308486,2024-10-03,P0397,东北,企业团购,2,814.29,0.0,否
ORD2024061505063,2024-06-15,P0439,东北,线下直营店,5,1251.32,0.0,否
ORD2024080906799,2024-08-09,P0351,华南,线上官网,2,78.99,0.0,否
ORD2024060904871,2024-06-09,P0260,东北,线下经销商,1,62.46,0.0,否
ORD2024111709993,2024-11-17,P0367,西北,线下直营店,2,818.53,0.0,否
ORD2024010200066,2024-01-02,P0439,华东,线下经销商,4,1296.27,0.0,否
ORD2024052104300,2024-05-21,P0283,华南,线上官网,2,187.04,0.24,否
ORD2024092608253,2024-09-26,P0120,西北,企业团购,1,947.0,0.0,否
ORD2024030702025,2024-03-07,P0430,西北,线上第三方,5,1150.39,0.0,否
ORD2024111609984,2024-11-16,P0391,华中,线上第三方,1,929.77,0.0,否
ORD2024011300355,2024-01-13,P0299,华东,线下经销商,1,109.59,0.0,否
ORD2024061705229,2024-06-17,P0203,华中,线上官网,4,1783.34,0.0,否
ORD2024061905313,2024-06-19,P0478,华南,企业团购,2,1150.08,0.0,否
ORD2024112410225,2024-11-24,P0305,西南,企业团购,2,63.48,0.0,否
ORD2024102909247,2024-10-29,P0443,华东,企业团购,1,868.0,0.06,否
ORD2024062705550,2024-06-27,P0302,华南,线上第三方,4,73.39,0.24,否
ORD2024102409083,2024-10-24,P0369,华中,线上第三方,3,485.55,0.0,否
ORD2024041203128,2024-04-12,P0106,西北,线上官网,6,3185.82,0.0,否
ORD2024051604148,2024-05-16,P0057,华东,线下经销商,2,4039.4,0.0,否
ORD2024111810051,2024-11-18,P0433,华北,线上官网,3,1066.94,0.0,否
ORD2024051504130,2024-05-15,P0238,西北,线上第三方,1,571.62,0.0,否
ORD2024061505130,2024-06-15,P0027,华北,线上第三方,10,3875.39,0.0,否
ORD2024122711200,2024-12-27,P0147,西南,线下经销商,1,703.35,0.0,否
ORD2024080306649,2024-08-03,P0483,东北,线下直营店,2,1620.92,0.0,否
ORD2024060304701,2024-06-03,P0357,东北,线上官网,5,88.57,0.0,否
ORD2024080106578,2024-08-01,P0181,西南,线下直营店,3,1984.38,0.27,否
ORD2024121710904,2024-12-17,P0369,华北,线上官网,3,489.94,0.0,否
ORD2024120810626,2024-12-08,P0316,华东,线下经销商,1,49.34,0.0,否
ORD2024040102771,2024-04-01,P0049,华南,企业团购,4,4632.79,0.0,否
ORD2024092308159,2024-09-23,P0131,西南,线上第三方,1,2321.84,0.0,否
ORD2024082407269,2024-08-24,P0419,华东,企业团购,2,696.25,0.0,否
ORD2024061505067,2024-06-15,P0433,华南,企业团购,5,1079.88,0.0,是
ORD2024041503210,2024-04-15,P0091,西南,企业团购,4,899.29,0.0,否
ORD2024071206012,2024-07-12,P0280,东北,企业团购,2,80.35,0.0,是
ORD2024050803906,2024-05-08,P0188,华北,线下直营店,5,1197.17,0.0,否
ORD2024062705539,2024-06-27,P0339,西北,线上第三方,1,131.61,0.0,否
ORD2024061405026,2024-06-14,P0456,华东,线下直营店,1,598.25,0.0,否
ORD2024072906496,2024-07-29,P0153,华东,线下直营店,4,1686.3,0.0,否
ORD2024031902380,2024-03-19,P0250,西南,线下经销商,4,78.95,0.29,否
ORD2024090407590,2024-09-04,P0011,西北,企业团购,3,1994.25,0.0,否
ORD2024100208453,2024-10-02,P0005,华东,企业团购,1,4255.35,0.0,否
ORD2024062905612,2024-06-29,P0277,西南,线上官网,1,112.94,0.0,否
ORD2024042203429,2024-04-22,P0223,华东,线上第三方,6,458.37,0.0,否
ORD2024020601102,2024-02-06,P0225,华东,线上官网,2,1200.65,0.0,否
ORD2024110709490,2024-11-07,P0034,东北,线下经销商,1,158.08,0.0,否
ORD2024052804520,2024-05-28,P0083,华南,线上第三方,5,945.35,0.0,否
ORD2024121410807,2024-12-14,P0030,华东,企业团购,1,3661.6,0.0,否
ORD2024083107499,2024-08-31,P0068,华东,企业团购,1,5203.46,0.0,否
ORD2024051504141,2024-05-15,P0083,华南,企业团购,2,881.38,0.0,否
ORD2024042703558,2024-04-27,P0091,西南,线上官网,1,904.61,0.0,否
ORD2024071506097,2024-07-15,P0289,华北,线上官网,2,82.38,0.0,否
ORD2024010400119,2024-01-04,P0436,西北,线下经销商,2,1228.46,0.0,否
ORD2024030702023,2024-03-07,P0025,华中,企业团购,5,3683.11,0.0,否
ORD2024070905904,2024-07-09,P0309,华东,企业团购,3,198.85,0.22,否
ORD2024101508847,2024-10-15,P0015,华东,线上第三方,1,3880.61,0.0,否
ORD2024111109821,2024-11-11,P0205,华东,线上第三方,16,373.3,0.0,否
ORD2024082707373,2024-08-27,P0176,西北,线下直营店,3,239.72,0.0,否
ORD2024122711199,2024-12-27,P0144,西北,线下经销商,1,1251.44,0.0,否
ORD2024072206293,2024-07-22,P0005,西北,线上第三方,4,4140.38,0.0,否
ORD2024060304675,2024-06-03,P0415,东北,线下经销商,5,1356.1,0.0,否
ORD2024100708582,2024-10-07,P0006,西北,线上第三方,2,768.54,0.0,否
ORD2024010300088,2024-01-03,P0389,华南,线上官网,5,712.52,0.0,否
ORD2024042103383,2024-04-21,P0446,华北,线上官网,1,424.5,0.0,否
ORD2024122911239,2024-12-29,P0446,西北,线下经销商,1,395.52,0.0,否
ORD2024011400404,2024-01-14,P0099,东北,线上官网,3,2067.12,0.24,否
ORD2024042003351,2024-04-20,P0360,东北,线下直营店,3,935.76,0.21,否
ORD2024111810033,2024-11-18,P0427,华北,线下经销商,2,729.26,0.0,否
ORD2024111409920,2024-11-14,P0071,华南,线下经销商,4,4319.72,0.08,否
ORD2024091107808,2024-09-11,P0373,华中,企业团购,1,1447.31,0.0,是
ORD2024031302242,2024-03-13,P0336,西北,企业团购,2,187.27,0.0,否
ORD2024122911253,2024-12-29,P0180,华南,线下经销商,1,1368.65,0.0,否
ORD2024080606727,2024-08-06,P0205,西北,线上官网,3,349.41,0.0,否
ORD2024020301028,2024-02-03,P0373,华东,线上第三方,2,1449.03,0.07,否
ORD2024122010996,2024-12-20,P0352,华东,线下经销商,1,96.45,0.25,否
ORD2024111710001,2024-11-17,P0076,西北,企业团购,2,3014.46,0.0,否
ORD2024032002437,2024-03-20,P0337,华东,线上第三方,2,10.35,0.0,否
ORD2024100108413,2024-10-01,P0059,华东,线上第三方,1,3654.39,0.0,否
ORD2024021201279,2024-02-12,P0152,华中,线下经销商,3,2566.73,0.0,否
ORD2024081707078,2024-08-17,P0458,华东,线上官网,2,133.22,0.0,否
ORD2024080306626,2024-08-03,P0488,华东,线下经销商,1,828.95,0.13,否
ORD2024021701426,2024-02-17,P0118,东北,线下直营店,1,3376.81,0.0,否
ORD2024070905894,2024-07-09,P0064,西南,线下经销商,1,232.64,0.0,否
ORD2024021901503,2024-02-19,P0396,东北,企业团购,3,1112.67,0.0,否
ORD2024122111036,2024-12-21,P0358,华中,线上官网,1,803.6,0.0,否
ORD2024121410799,2024-12-14,P0250,华中,线下经销商,1,82.18,0.19,否
ORD2024123011273,2024-12-30,P0331,西北,线下直营店,2,40.53,0.0,否
ORD2024111109726,2024-11-11,P0237,华中,企业团购,8,567.55,0.0,否
ORD2024012300679,2024-01-23,P0491,西北,线下经销商,4,994.08,0.0,否
ORD2024103109294,2024-10-31,P0192,西北,线下直营店,2,1088.65,0.0,否
ORD2024061304982,2024-06-13,P0389,华中,线上第三方,1,675.48,0.0,是
ORD2024061505066,2024-06-15,P0290,华北,线下经销商,5,11.12,0.0,否
ORD2024020501071,2024-02-05,P0046,西北,线下直营店,1,5027.12,0.0,否
ORD2024052904537,2024-05-29,P0328,西南,线下直营店,2,17.33,0.0,否
ORD2024090707710,2024-09-07,P0027,东北,线上官网,1,3639.13,0.0,否
ORD2024110509426,2024-11-05,P0241,西北,线上第三方,3,2817.85,0.0,否
ORD2024042103393,2024-04-21,P0493,西南,线上第三方,2,1322.85,0.0,否
ORD2024090307572,2024-09-03,P0089,华中,线上官网,1,3726.29,0.22,否
ORD2024070405762,2024-07-04,P0196,华北,线上官网,5,453.33,0.18,否
ORD2024090907742,2024-09-09,P0453,东北,线下经销商,2,70.0,0.0,否
ORD2024011500419,2024-01-15,P0118,西北,线下直营店,5,3193.66,0.0,否
ORD2024120110436,2024-12-01,P0337,华中,线上官网,2,11.19,0.09,否
ORD2024110909573,2024-11-09,P0030,华中,线上第三方,1,3915.5,0.0,否
ORD2024030401948,2024-03-04,P0427,西北,企业团购,2,745.0,0.2,否
ORD2024041903337,2024-04-19,P0330,华东,企业团购,3,91.7,0.0,否
ORD2024031602300,2024-03-16,P0153,华北,线上第三方,2,1622.55,0.0,否
ORD2024080606721,2024-08-06,P0417,西南,线上官网,1,1381.3,0.23,否
ORD2024080606724,2024-08-06,P0012,华北,线下直营店,1,1135.22,0.0,否
ORD2024010800209,2024-01-08,P0204,西南,线下经销商,5,231.75,0.18,否
ORD2024112710313,2024-11-27,P0131,西南,企业团购,1,2267.62,0.0,否
ORD2024061805272,2024-06-18,P0427,华北,线上第三方,1,704.4,0.0,否
ORD2024102509122,2024-10-25,P0158,西北,线上第三方,4,2495.42,0.0,否
ORD2024011800529,2024-01-18,P0365,西南,线上官网,1,1105.27,0.0,否
ORD2024012700780,2024-01-27,P0493,华南,线上官网,1,1236.27,0.0,否
ORD2024012500723,2024-01-25,P0349,西南,线下直营店,5,159.4,0.0,否
ORD2024122211066,2024-12-22,P0350,西北,企业团购,1,88.44,0.0,是
ORD2024030201861,2024-03-02,P0064,西南,线下直营店,2,230.63,0.1,否
ORD2024111109838,2024-11-11,P0219,西南,线下经销商,24,2291.26,0.0,否
ORD2024121510833,2024-12-15,P0108,华南,企业团购,1,1356.76,0.0,否
ORD2024111009600,2024-11-10,P0334,华中,线下经销商,1,56.24,0.0,否
ORD2024112610278,2024-11-26,P0084,华北,线下经销商,4,1148.82,0.0,是
ORD2024030501993,2024-03-05,P0074,华南,线上第三方,3,1938.59,0.0,否
ORD2024031702333,2024-03-17,P0365,东北,线下经销商,1,1089.79,0.06,否
ORD2024080206608,2024-08-02,P0029,华南,线下直营店,1,1205.08,0.07,否
ORD2024081006840,2024-08-10,P0336,华东,线下直营店,2,187.48,0.0,否
ORD2024081106881,2024-08-11,P0258,华东,企业团购,2,140.27,0.0,否
ORD2024042303460,2024-04-23,P0116,西北,线下直营店,1,3562.95,0.0,否
ORD2024072006214,2024-07-20,P0158,东北,线下经销商,1,2469.01,0.0,否
ORD2024071105973,2024-07-11,P0120,西南,线上官网,1,964.83,0.0,否
ORD2024071406045,2024-07-14,P0360,东北,线上第三方,3,881.08,0.0,否
ORD2024062005351,2024-06-20,P0124,华北,线上官网,3,981.53,0.0,否
ORD2024110509449,2024-11-05,P0438,西南,企业团购,4,1366.18,0.0,否
ORD2024011000258,2024-01-10,P0468,华北,线下经销商,5,342.28,0.0,否
ORD2024111810055,2024-11-18,P0179,华中,线下经销商,3,235.49,0.0,否
ORD2024111109765,2024-11-11,P0278,华北,线上官网,8,157.63,0.0,否
ORD2024122711192,2024-12-27,P0358,华中,线下经销商,1,776.25,0.07,否
ORD2024122711209,2024-12-27,P0372,东北,线下经销商,2,1274.03,0.0,否
ORD2024042903626,2024-04-29,P0435,西南,线下经销商,4,412.09,0.0,否
ORD2024012400703,2024-01-24,P0091,东北,线上第三方,3,934.23,0.0,否
ORD2024041403190,2024-04-14,P0050,华中,线下直营店,1,2053.82,0.0,否
ORD2024011700504,2024-01-17,P0216,华东,企业团购,3,1574.31,0.0,否
ORD2024111709995,2024-11-17,P0426,华北,线下经销商,1,127.98,0.0,否
ORD2024082307256,2024-08-23,P0023,东北,线上第三方,1,3682.25,0.0,否
ORD2024072906499,2024-07-29,P0074,东北,线上官网,3,1970.76,0.0,否
ORD2024031402249,2024-03-14,P0288,西北,线下直营店,1,49.05,0.0,否
ORD2024011300373,2024-01-13,P0244,西北,线下经销商,1,2022.22,0.0,否
ORD2024051304053,2024-05-13,P0286,西北,线下直营店,2,136.21,0.0,否
ORD2024050903938,2024-05-09,P0261,西北,线下经销商,2,95.76,0.0,否
ORD2024122711204,2024-12-27,P0293,华南,线上第三方,3,49.59,0.0,否
ORD2024051304077,2024-05-13,P0034,华中,线下直营店,4,162.33,0.0,否
ORD2024020200998,2024-02-02,P0134,华东,线下直营店,1,72.25,0.0,否
ORD2024020801177,2024-02-08,P0180,西南,企业团购,2,1312.64,0.0,否
ORD2024122010975,2024-12-20,P0262,华南,线上官网,2,179.53,0.0,否
ORD2024011900552,2024-01-19,P0487,华北,线下直营店,4,1475.62,0.0,否
ORD2024042503498,2024-04-25,P0123,华南,线下直营店,2,2347.14,0.21,否
ORD2024111209857,2024-11-12,P0142,华东,企业团购,3,1858.88,0.0,否
ORD2024082007164,2024-08-20,P0484,西南,线上官网,3,256.09,0.0,否
ORD2024090407585,2024-09-04,P0313,西南,线下经销商,2,91.71,0.0,否
ORD2024071506086,2024-07-15,P0275,华中,企业团购,5,41.0,0.0,否
ORD2024081206909,2024-08-12,P0033,东北,线上官网,3,2133.02,0.0,否
ORD2024100808636,2024-10-08,P0062,西北,企业团购,4,671.2,0.0,否
ORD2024090507641,2024-09-05,P0350,西南,企业团购,3,92.56,0.26,否
ORD2024082707361,2024-08-27,P0053,华北,线下经销商,2,3181.66,0.0,否
ORD2024012400694,2024-01-24,P0050,华南,企业团购,1,2165.96,0.0,否
ORD2024032402534,2024-03-24,P0437,华北,线下经销商,3,1270.45,0.0,否
ORD2024042303444,2024-04-23,P0258,华中,线上官网,2,132.81,0.0,否
ORD2024020200983,2024-02-02,P0318,华东,线上第三方,4,116.44,0.0,否
ORD2024053004569,2024-05-30,P0262,华中,线下直营店,2,181.76,0.0,否
ORD2024120910666,2024-12-09,P0469,东北,企业团购,4,297.86,0.0,否
ORD2024051804223,2024-05-18,P0102,西南,企业团购,1,4043.46,0.0,否
ORD2024010300092,2024-01-03,P0448,东北,线上官网,4,1075.14,0.0,否
ORD2024031402267,2024-03-14,P0262,华北,线下直营店,5,168.19,0.0,否
ORD2024092808303,2024-09-28,P0421,华东,线下经销商,1,272.75,0.0,否
ORD2024081807112,2024-08-18,P0448,华北,线上官网,2,1117.88,0.28,否
ORD2024011000262,2024-01-10,P0499,西北,线上官网,5,554.6,0.0,否
ORD2024041903338,2024-04-19,P0286,华中,线上官网,2,132.1,0.0,否
ORD2024111709996,2024-11-17,P0007,西南,企业团购,1,1835.31,0.14,否
ORD2024102909221,2024-10-29,P0478,华北,企业团购,1,1163.29,0.0,否
ORD2024122811215,2024-12-28,P0181,东北,线下经销商,2,2011.57,0.0,否
ORD2024011600446,2024-01-16,P0211,华中,线下直营店,3,618.72,0.0,否
ORD2024042703556,2024-04-27,P0060,华南,线上第三方,2,1009.94,0.0,否
ORD2024031202195,2024-03-12,P0500,东北,线下直营店,1,797.9,0.0,否
ORD2024070405768,2024-07-04,P0044,华东,线上第三方,1,1045.95,0.15,否
ORD2024071606115,2024-07-16,P0373,西南,企业团购,3,1568.44,0.0,否
ORD2024040402868,2024-04-04,P0227,西北,线下经销商,4,1051.02,0.17,是
ORD2024032302527,2024-03-23,P0124,华中,线上官网,2,1023.88,0.27,否
ORD2024100208444,2024-10-02,P0042,华北,企业团购,3,4255.92,0.0,否
ORD2024100808628,2024-10-08,P0298,东北,线上第三方,1,116.3,0.0,否
ORD2024082107189,2024-08-21,P0218,华东,线下直营店,1,387.53,0.0,否
ORD2024020801169,2024-02-08,P0068,西北,线上第三方,2,4991.82,0.0,否
ORD2024051604145,2024-05-16,P0298,西北,企业团购,1,108.16,0.0,否
ORD2024010300085,2024-01-03,P0214,华北,线下直营店,1,1706.61,0.0,否
ORD2024041303150,2024-04-13,P0406,东北,企业团购,2,1445.31,0.0,否
ORD2024070105675,2024-07-01,P0435,西北,线上第三方,5,406.26,0.0,否
ORD2024013000881,2024-01-30,P0073,华北,线上第三方,3,1771.4,0.0,否
ORD2024102309052,2024-10-23,P0225,华北,企业团购,3,1205.49,0.0,否
ORD2024061505175,2024-06-15,P0072,华南,企业团购,10,3937.42,0.0,否
ORD2024021801468,2024-02-18,P0131,华中,线下经销商,1,2244.39,0.0,否
ORD2024092708294,2024-09-27,P0427,华东,线上第三方,2,750.38,0.0,否
ORD2024081707054,2024-08-17,P0170,华东,线下经销商,2,1233.51,0.2,否
ORD2024090807727,2024-09-08,P0469,东北,线下经销商,1,297.92,0.0,否
ORD2024051204045,2024-05-12,P0346,华北,线下经销商,2,145.26,0.11,否
ORD2024051504138,2024-05-15,P0192,华北,线上官网,3,1098.45,0.06,否
ORD2024041003040,2024-04-10,P0478,华北,企业团购,2,1054.36,0.0,否
ORD2024111810031,2024-11-18,P0014,华东,线上官网,4,5063.78,0.0,否
ORD2024052604467,2024-05-26,P0435,西北,线下经销商,2,398.24,0.0,否
ORD2024012000580,2024-01-20,P0042,华中,线下经销商,1,4201.45,0.22,否
ORD2024111309893,2024-11-13,P0481,西北,线上第三方,1,1608.27,0.0,否
ORD2024092908347,2024-09-29,P0339,华中,线下经销商,1,129.8,0.09,否
ORD2024071806181,2024-07-18,P0110,东北,企业团购,1,4088.53,0.0,否
ORD2024101908932,2024-10-19,P0310,华中,线上官网,2,128.25,0.22,否
ORD2024110509424,2024-11-05,P0456,西北,线上官网,2,609.49,0.0,否
ORD2024051604158,2024-05-16,P0417,东北,线上第三方,1,1379.59,0.0,否
ORD2024061505145,2024-06-15,P0124,东北,线上第三方,15,1021.01,0.0,否
ORD2024011500414,2024-01-15,P0323,华南,线下经销商,3,205.25,0.0,否
ORD2024011400403,2024-01-14,P0144,华南,线下经销商,1,1253.33,0.0,否
ORD2024030902085,2024-03-09,P0210,东北,线上官网,3,1121.0,0.0,否
ORD2024041003058,2024-04-10,P0457,华东,线上第三方,4,705.77,0.09,否
ORD2024100408496,2024-10-04,P0230,华东,线下直营店,3,1095.5,0.0,否
ORD2024010600165,2024-01-06,P0170,华南,线上官网,2,1215.48,0.0,否
ORD2024112010113,2024-11-20,P0176,西南,线下经销商,2,257.17,0.0,否
ORD2024052104303,2024-05-21,P0361,华东,线上第三方,2,1074.59,0.0,否
ORD2024080206604,2024-08-02,P0326,华东,线上官网,1,152.76,0.0,否
ORD2024100308481,2024-10-03,P0335,西南,线上官网,1,35.85,0.0,否
ORD2024041903318,2024-04-19,P0293,华东,线下直营店,3,50.07,0.0,否
ORD2024102409091,2024-10-24,P0335,西北,企业团购,3,36.09,0.0,否
ORD2024050903935,2024-05-09,P0480,华中,企业团购,4,310.61,0.0,否
ORD2024082007158,2024-08-20,P0340,东北,线下直营店,2,87.67,0.0,否
ORD2024021401335,2024-02-14,P0172,华中,线下经销商,4,2165.27,0.0,否
ORD2024101108721,2024-10-11,P0391,华北,线下直营店,1,913.33,0.0,否
ORD2024012600754,2024-01-26,P0346,华东,线上官网,4,141.44,0.0,否
ORD2024041103065,2024-04-11,P0437,西北,线下直营店,4,1242.66,0.0,否
ORD2024012400707,2024-01-24,P0174,西南,线下直营店,2,1924.0,0.21,否
ORD2024082707348,2024-08-27,P0109,华北,线下经销商,4,4077.0,0.0,否
ORD2024052204333,2024-05-22,P0037,华东,线下直营店,4,3003.97,0.0,否
ORD2024041303152,2024-04-13,P0409,西南,企业团购,1,1311.86,0.26,否
ORD2024050503800,2024-05-05,P0026,华南,企业团购,2,3083.54,0.0,否
ORD2024051204023,2024-05-12,P0338,华南,线下经销商,3,45.0,0.13,否
ORD2024020501075,2024-02-05,P0417,华南,线下经销商,5,1338.72,0.0,否
ORD2024081506996,2024-08-15,P0096,华东,线下直营店,1,1359.3,0.0,否
ORD2024042303439,2024-04-23,P0272,华南,线下经销商,6,28.65,0.16,否
ORD2024070505793,2024-07-05,P0272,东北,线下直营店,3,28.19,0.0,否
ORD2024081907137,2024-08-19,P0179,东北,企业团购,4,243.33,0.0,否
ORD2024122311087,2024-12-23,P0259,华中,线下经销商,1,192.48,0.0,否
ORD2024032002430,2024-03-20,P0085,华东,线上第三方,1,2130.64,0.0,否
ORD2024010900247,2024-01-09,P0256,华南,线下经销商,1,43.34,0.0,否
ORD2024050503816,2024-05-05,P0339,西南,线上第三方,2,133.06,0.28,否
ORD2024042903633,2024-04-29,P0358,华中,线下经销商,1,779.42,0.0,是
ORD2024081306951,2024-08-13,P0233,华东,线上第三方,4,628.53,0.07,否
ORD2024031402263,2024-03-14,P0192,华南,线上第三方,5,1097.47,0.0,否
ORD2024031402247,2024-03-14,P0482,华中,线下直营店,2,1098.06,0.0,否
ORD2024012800836,2024-01-28,P0005,华中,线上第三方,2,4284.93,0.0,否
ORD2024011500433,2024-01-15,P0342,华东,线下经销商,5,63.44,0.0,否
ORD2024072106254,2024-07-21,P0181,华北,企业团购,1,2021.32,0.0,否
ORD2024020801174,2024-02-08,P0307,华北,线上第三方,2,66.96,0.0,否
ORD2024120810635,2024-12-08,P0104,华南,企业团购,2,1760.86,0.07,否
ORD2024100108396,2024-10-01,P0499,华南,企业团购,1,573.92,0.0,否
ORD2024081607039,2024-08-16,P0337,西南,线下经销商,1,10.89,0.16,否
ORD2024092708278,2024-09-27,P0411,华北,线上官网,1,259.24,0.14,否
ORD2024122311083,2024-12-23,P0286,华北,线上第三方,1,132.63,0.0,否
ORD2024110109317,2024-11-01,P0232,东北,线上第三方,1,2131.78,0.0,否
ORD2024122211061,2024-12-22,P0319,华北,线上第三方,1,188.71,0.0,否
ORD2024080406659,2024-08-04,P0188,华南,线上官网,1,1118.61,0.0,否
ORD2024090207530,2024-09-02,P0420,东北,线下直营店,1,1168.97,0.0,是
ORD2024033002730,2024-03-30,P0442,东北,线上官网,2,972.25,0.0,否
ORD2024122811211,2024-12-28,P0422,西南,线上第三方,2,1072.98,0.0,否
ORD2024011500434,2024-01-15,P0247,华南,线上第三方,1,78.79,0.0,否
ORD2024102409082,2024-10-24,P0311,华中,线下经销商,1,71.81,0.0,否
ORD2024112710301,2024-11-27,P0332,西北,企业团购,4,100.37,0.0,否
ORD2024072106253,2024-07-21,P0349,东北,线下直营店,3,162.37,0.0,否
ORD2024111109739,2024-11-11,P0034,西南,线上官网,8,149.31,0.0,否
ORD2024122711179,2024-12-27,P0280,华中,线上官网,1,77.1,0.0,否
ORD2024120910653,2024-12-09,P0142,西北,线下经销商,2,1831.01,0.0,否
ORD2024051104003,2024-05-11,P0203,华南,线上第三方,2,1860.51,0.2,否
ORD2024021401333,2024-02-14,P0305,华中,线下直营店,1,64.69,0.14,否
ORD2024080706747,2024-08-07,P0447,华北,线上官网,2,366.6,0.0,否
ORD2024060104640,2024-06-01,P0303,西北,线上官网,2,145.69,0.0,否
ORD2024060404727,2024-06-04,P0254,华中,线下直营店,4,26.95,0.0,否
ORD2024021701444,2024-02-17,P0033,西南,线上官网,3,2047.45,0.0,否
ORD2024080606731,2024-08-06,P0163,华北,线下直营店,2,1319.12,0.0,否
ORD2024052604449,2024-05-26,P0213,东北,企业团购,1,772.11,0.0,否
ORD2024083007459,2024-08-30,P0324,华中,线下直营店,4,115.81,0.0,否
ORD2024071005944,2024-07-10,P0165,西北,线上官网,3,869.45,0.22,否
ORD2024070505787,2024-07-05,P0114,华中,企业团购,4,2949.63,0.0,否
ORD2024122411105,2024-12-24,P0412,华北,企业团购,1,1034.81,0.0,否
ORD2024032502570,2024-03-25,P0118,华东,线上官网,5,3360.4,0.0,否
ORD2024052004278,2024-05-20,P0104,华南,企业团购,3,1672.79,0.0,否
ORD2024043003667,2024-04-30,P0037,华中,企业团购,1,2940.44,0.08,否
ORD2024061505156,2024-06-15,P0328,华中,线上第三方,5,17.65,0.0,否
ORD2024032102447,2024-03-21,P0035,西北,线上官网,1,3209.99,0.0,否
ORD2024072406340,2024-07-24,P0171,西北,线下经销商,3,1145.22,0.15,否
ORD2024092108128,2024-09-21,P0347,华中,企业团购,1,176.05,0.0,否
ORD2024111309888,2024-11-13,P0047,华南,线上第三方,1,1548.16,0.0,否
ORD2024041403173,2024-04-14,P0117,东北,线下经销商,3,3739.98,0.0,否
ORD2024021001224,2024-02-10,P0116,西北,线下直营店,1,3503.77,0.0,否
ORD2024072006235,2024-07-20,P0497,华东,线上官网,1,461.81,0.0,否
ORD2024110309372,2024-11-03,P0005,华东,线上官网,1,4037.64,0.0,否
ORD2024011900545,2024-01-19,P0035,西北,线下直营店,3,3189.05,0.0,否
ORD2024020901205,2024-02-09,P0290,华南,线下经销商,2,10.44,0.0,是
ORD2024060404711,2024-06-04,P0241,东北,线上官网,1,2808.55,0.0,否
ORD2024062205408,2024-06-22,P0060,西北,企业团购,2,1039.05,0.0,否
ORD2024112710317,2024-11-27,P0195,西北,线上第三方,1,399.03,0.0,否
ORD2024032702638,2024-03-27,P0095,华北,线下直营店,2,3806.69,0.0,是
ORD2024121910969,2024-12-19,P0238,西南,企业团购,1,567.66,0.0,否
ORD2024060404709,2024-06-04,P0177,东北,线下直营店,4,281.58,0.0,否
ORD2024110509433,2024-11-05,P0353,东北,线下直营店,4,28.5,0.15,否
ORD2024071606126,2024-07-16,P0492,西南,线上官网,5,166.11,0.0,否
ORD2024121310782,2024-12-13,P0280,华中,线下直营店,4,76.59,0.18,否
ORD2024013000878,2024-01-30,P0053,华东,线上官网,1,3260.54,0.0,否
ORD2024102809206,2024-10-28,P0100,华中,线下直营店,2,2243.02,0.0,否
ORD2024010700197,2024-01-07,P0012,西南,线上官网,2,1121.77,0.0,否
ORD2024122111041,2024-12-21,P0131,华中,线下经销商,2,2378.02,0.0,否
ORD2024042103384,2024-04-21,P0347,华东,线下直营店,1,170.24,0.16,否
ORD2024052404380,2024-05-24,P0234,西南,线上官网,2,1721.65,0.06,否
ORD2024083007461,2024-08-30,P0242,西南,线上第三方,4,826.2,0.0,否
ORD2024091908067,2024-09-19,P0157,西北,线下经销商,2,1687.74,0.0,否
ORD2024040802998,2024-04-08,P0348,华北,企业团购,3,46.84,0.0,否
ORD2024101108714,2024-10-11,P0088,华东,线下经销商,4,3146.4,0.0,否
ORD2024032502572,2024-03-25,P0268,东北,企业团购,4,71.4,0.0,否
ORD2024082807402,2024-08-28,P0040,西北,线下直营店,1,1606.09,0.0,是
ORD2024111109779,2024-11-11,P0417,东北,线上官网,8,1268.65,0.0,否
ORD2024120810622,2024-12-08,P0259,华北,企业团购,2,186.6,0.0,否
ORD2024051604164,2024-05-16,P0095,西南,企业团购,3,3783.1,0.0,否
ORD2024122811213,2024-12-28,P0448,华南,线下经销商,1,1155.5,0.0,否
ORD2024061004890,2024-06-10,P0321,西北,线下直营店,5,134.69,0.0,否
ORD2024100508527,2024-10-05,P0295,西南,线上官网,1,127.81,0.0,否
ORD2024032902683,2024-03-29,P0269,西南,线上官网,2,70.91,0.0,是
ORD2024032302509,2024-03-23,P0438,西北,线上官网,2,1430.5,0.0,否
ORD2024061505154,2024-06-15,P0082,西南,企业团购,5,721.93,0.0,否
ORD2024021901511,2024-02-19,P0284,东北,线下直营店,2,84.53,0.0,否
ORD2024090207526,2024-09-02,P0283,华东,线下直营店,3,184.4,0.0,是
ORD2024071906197,2024-07-19,P0274,华南,线上官网,5,22.65,0.0,否
ORD2024021101245,2024-02-11,P0255,华中,线下直营店,1,184.97,0.18,否
ORD2024120410508,2024-12-04,P0272,华北,线上官网,4,28.63,0.0,否
ORD2024111609991,2024-11-16,P0280,东北,企业团购,1,79.07,0.0,否
ORD2024051504122,2024-05-15,P0225,华南,线下经销商,4,1229.64,0.0,否
ORD2024111109746,2024-11-11,P0222,华中,企业团购,8,362.15,0.0,否
ORD2024060704826,2024-06-07,P0042,华中,线上官网,1,4104.98,0.0,否
ORD2024070605808,2024-07-06,P0023,华南,企业团购,1,3576.79,0.0,否
ORD2024072506388,2024-07-25,P0336,西北,线上第三方,5,192.32,0.25,否
ORD2024010900255,2024-01-09,P0495,华北,企业团购,4,1243.37,0.0,否
ORD2024060204666,2024-06-02,P0227,西南,线下经销商,1,990.37,0.0,否
ORD2024122611168,2024-12-26,P0266,华中,线下直营店,3,37.42,0.0,否
ORD2024120110424,2024-12-01,P0212,华中,线上官网,2,699.82,0.0,否
ORD2024012600760,2024-01-26,P0200,华南,企业团购,4,2752.41,0.0,否
ORD2024012200655,2024-01-22,P0036,华东,线下经销商,2,1155.23,0.0,否
ORD2024072906483,2024-07-29,P0361,华北,企业团购,4,1052.04,0.13,否
ORD2024042103402,2024-04-21,P0141,华北,线上官网,2,947.42,0.0,否
ORD2024021601421,2024-02-16,P0208,西南,线下经销商,1,2093.31,0.0,否
ORD2024041003045,2024-04-10,P0243,华东,线下直营店,2,682.52,0.0,否
ORD2024040302831,2024-04-03,P0183,华北,企业团购,3,568.02,0.0,否
ORD2024082007169,2024-08-20,P0178,华中,线下直营店,1,1032.0,0.0,否
ORD2024011200329,2024-01-12,P0244,华中,线上官网,1,2085.75,0.0,否
ORD2024090707701,2024-09-07,P0256,华北,线下直营店,2,44.08,0.0,否
ORD2024090407603,2024-09-04,P0487,华中,线上官网,2,1548.54,0.0,否
ORD2024052404378,2024-05-24,P0094,西南,线上官网,3,3619.95,0.0,否
ORD2024040903020,2024-04-09,P0112,西北,线上官网,6,4758.53,0.0,否
ORD2024040903030,2024-04-09,P0096,华南,线下直营店,2,1468.9,0.0,否
ORD2024032702637,2024-03-27,P0339,东北,线上官网,4,126.66,0.0,否
ORD2024070405771,2024-07-04,P0246,华中,线下直营店,4,60.75,0.0,否
ORD2024040903019,2024-04-09,P0126,华中,线下直营店,3,471.83,0.0,否
ORD2024040602946,2024-04-06,P0200,华中,线上第三方,1,2885.76,0.0,否
ORD2024043003660,2024-04-30,P0006,西北,线上官网,4,798.37,0.27,否
ORD2024100808619,2024-10-08,P0401,华北,线下直营店,4,681.56,0.13,否
ORD2024091407891,2024-09-14,P0277,西北,线下经销商,2,108.35,0.0,否
ORD2024061705251,2024-06-17,P0274,西南,线上第三方,3,23.05,0.0,否
ORD2024032802664,2024-03-28,P0449,西南,线下直营店,4,883.73,0.27,否
ORD2024060904873,2024-06-09,P0008,华北,线上第三方,2,2736.65,0.19,否
ORD2024021501363,2024-02-15,P0062,西北,线上官网,1,645.41,0.0,否
ORD2024091908047,2024-09-19,P0312,华南,线上官网,1,94.86,0.0,否
ORD2024042403482,2024-04-24,P0453,华南,线下经销商,4,66.75,0.27,否
ORD2024121810911,2024-12-18,P0481,华东,线下经销商,4,1675.81,0.0,否
ORD2024092808315,2024-09-28,P0310,华北,企业团购,2,122.32,0.0,否
ORD2024111009603,2024-11-10,P0429,华南,线上第三方,1,1054.86,0.0,否
ORD2024061004900,2024-06-10,P0225,华东,线上官网,5,1316.29,0.0,否
ORD2024082107186,2024-08-21,P0187,华中,线上官网,1,2738.91,0.0,否
ORD2024040402881,2024-04-04,P0404,华北,线下直营店,2,114.4,0.0,否
ORD2024042103382,2024-04-21,P0458,西北,线下经销商,3,137.48,0.0,否
ORD2024021301303,2024-02-13,P0180,华东,线上第三方,5,1289.29,0.27,否
ORD2024062105382,2024-06-21,P0230,西北,企业团购,4,1079.7,0.0,否
ORD2024102008961,2024-10-20,P0271,华东,企业团购,1,34.22,0.0,否
ORD2024091607948,2024-09-16,P0143,华北,线上官网,3,809.25,0.0,否
ORD2024061505112,2024-06-15,P0457,东北,线下直营店,5,736.67,0.29,否
ORD2024013100943,2024-01-31,P0375,西北,线下直营店,1,230.28,0.0,否
ORD2024041603236,2024-04-16,P0453,西南,线下直营店,3,66.59,0.0,否
ORD2024041703258,2024-04-17,P0332,东北,线上第三方,4,99.2,0.0,否
ORD2024081506995,2024-08-15,P0002,华中,线上第三方,1,3397.88,0.0,否
ORD2024100108401,2024-10-01,P0417,华中,线下直营店,4,1338.82,0.0,否
ORD2024010700177,2024-01-07,P0222,东北,线上第三方,1,354.06,0.0,否
ORD2024011500436,2024-01-15,P0192,华南,线下直营店,3,1084.32,0.17,否
ORD2024092908360,2024-09-29,P0048,西北,线下经销商,1,1664.4,0.0,否
ORD2024011100309,2024-01-11,P0187,西北,线下经销商,3,2785.23,0.0,否
ORD2024022101566,2024-02-21,P0335,华中,线下直营店,2,38.19,0.0,否
ORD2024051003965,2024-05-10,P0248,东北,线上第三方,5,17.93,0.0,否
ORD2024122711207,2024-12-27,P0286,西北,线上第三方,1,139.92,0.0,否
ORD2024081006852,2024-08-10,P0236,华北,企业团购,1,1659.56,0.0,否
ORD2024103109286,2024-10-31,P0366,西北,线上官网,1,1008.39,0.0,否
ORD2024012000596,2024-01-20,P0320,东北,线上官网,1,116.08,0.16,否
ORD2024060404717,2024-06-04,P0483,华中,线下直营店,4,1698.72,0.12,否
ORD2024110509441,2024-11-05,P0371,西北,线下直营店,3,1166.92,0.0,否
ORD2024110509427,2024-11-05,P0201,华北,线下经销商,1,1612.96,0.0,否
ORD2024032702624,2024-03-27,P0153,华东,线上官网,3,1740.89,0.0,否
ORD2024100708611,2024-10-07,P0479,华南,企业团购,1,1677.61,0.0,否
ORD2024112910370,2024-11-29,P0383,西南,线下直营店,1,31.06,0.29,否
ORD2024010900232,2024-01-09,P0098,华南,线下直营店,5,432.99,0.0,否
ORD2024010700180,2024-01-07,P0224,华南,线下经销商,3,1001.04,0.0,否
ORD2024012500738,2024-01-25,P0106,东北,线上官网,1,3466.78,0.0,否
ORD2024090907751,2024-09-09,P0430,西北,线上官网,2,1127.83,0.0,否
ORD2024122911255,2024-12-29,P0002,西北,线下经销商,2,3415.1,0.0,是
ORD2024100308465,2024-10-03,P0337,西南,线上第三方,1,10.44,0.0,否
ORD2024102209033,2024-10-22,P0105,华东,企业团购,2,4446.71,0.0,否
ORD2024080206593,2024-08-02,P0163,东北,线下直营店,1,1295.53,0.25,否
ORD2024061305007,2024-06-13,P0390,华南,企业团购,3,1073.39,0.0,否
ORD2024021301322,2024-02-13,P0488,西北,线上官网,3,789.36,0.0,否
ORD2024030601996,2024-03-06,P0315,华东,企业团购,1,32.77,0.0,否
ORD2024101908930,2024-10-19,P0091,华北,线下经销商,1,967.56,0.0,否
ORD2024080506706,2024-08-05,P0261,华北,线下直营店,4,90.86,0.0,否
ORD2024012700801,2024-01-27,P0085,华北,线下经销商,2,2236.89,0.0,否
ORD2024100708597,2024-10-07,P0239,东北,线上第三方,1,1946.41,0.0,是
ORD2024091808016,2024-09-18,P0480,华中,线上官网,1,287.49,0.0,否
ORD2024073006518,2024-07-30,P0064,西北,线上第三方,3,223.22,0.2,否
ORD2024010300070,2024-01-03,P0462,东北,线下直营店,1,415.48,0.0,否
ORD2024103109307,2024-10-31,P0302,华东,线上官网,1,76.66,0.0,否
ORD2024083107489,2024-08-31,P0400,华北,线下直营店,2,1232.71,0.28,否
ORD2024022501681,2024-02-25,P0361,东北,线下直营店,1,1101.57,0.0,否
ORD2024011400378,2024-01-14,P0171,东北,线上第三方,1,1107.01,0.0,否
ORD2024021801470,2024-02-18,P0291,西南,线下直营店,1,34.8,0.0,否
ORD2024032602604,2024-03-26,P0305,华北,线下直营店,4,63.45,0.0,否
ORD2024051704182,2024-05-17,P0385,东北,线下经销商,3,670.05,0.0,否
ORD2024062305426,2024-06-23,P0448,华南,线下经销商,1,1106.49,0.0,否
ORD2024052804506,2024-05-28,P0300,华南,线上官网,3,78.27,0.0,否
ORD2024051804231,2024-05-18,P0105,华南,线上官网,2,4546.0,0.0,否
ORD2024041103092,2024-04-11,P0029,华南,企业团购,2,1213.06,0.0,否
ORD2024033002727,2024-03-30,P0266,华东,线下直营店,1,37.65,0.16,否
ORD2024011600478,2024-01-16,P0416,西北,线上官网,5,923.61,0.08,否
ORD2024021301330,2024-02-13,P0021,西南,企业团购,3,2145.23,0.0,否
ORD2024031502284,2024-03-15,P0124,华北,企业团购,3,940.34,0.0,否
ORD2024050203733,2024-05-02,P0279,华南,线下经销商,4,142.83,0.0,否
ORD2024121810927,2024-12-18,P0255,华东,线上第三方,1,192.77,0.0,否
ORD2024012600752,2024-01-26,P0417,西南,线下直营店,4,1289.71,0.0,否
ORD2024081106886,2024-08-11,P0302,华南,企业团购,1,78.45,0.0,是
ORD2024090907750,2024-09-09,P0298,华中,线下经销商,4,116.76,0.0,否
ORD2024080506689,2024-08-05,P0021,华中,线上官网,4,2051.15,0.0,否
ORD2024080306638,2024-08-03,P0496,西北,线下经销商,1,1203.61,0.0,否
ORD2024022001546,2024-02-20,P0172,华东,线下经销商,3,2191.69,0.22,否
ORD2024092108103,2024-09-21,P0353,华中,线上第三方,1,28.34,0.0,否
ORD2024111109703,2024-11-11,P0460,华南,线上第三方,24,548.85,0.0,否
ORD2024032902684,2024-03-29,P0311,华南,线下直营店,3,66.76,0.0,否
ORD2024112010106,2024-11-20,P0443,西南,线上第三方,4,802.71,0.23,否
ORD2024091507937,2024-09-15,P0378,华中,线上第三方,2,658.33,0.0,否
ORD2024081206919,2024-08-12,P0135,西南,线上第三方,1,2120.47,0.06,否
ORD2024042503519,2024-04-25,P0424,华南,企业团购,4,133.14,0.26,否
ORD2024112210170,2024-11-22,P0440,西南,企业团购,1,1247.29,0.0,否
ORD2024031802355,2024-03-18,P0305,华南,线上官网,4,65.18,0.0,否
ORD2024061104949,2024-06-11,P0284,西南,企业团购,5,81.88,0.0,否
ORD2024012600774,2024-01-26,P0220,华中,线下经销商,4,1881.19,0.0,是
ORD2024090907753,2024-09-09,P0298,华东,线下直营店,1,113.19,0.29,否
ORD2024111609989,2024-11-16,P0293,华南,企业团购,1,47.76,0.0,否
ORD2024102008976,2024-10-20,P0434,华东,线下经销商,2,649.63,0.0,否
ORD2024012200642,2024-01-22,P0427,华中,线上第三方,2,749.32,0.0,否
ORD2024102909238,2024-10-29,P0020,西南,线上官网,4,3711.13,0.0,否
ORD2024092508234,2024-09-25,P0402,华中,线下经销商,3,607.32,0.0,否
ORD2024061805285,2024-06-18,P0486,华北,企业团购,5,657.87,0.24,否
ORD2024072906487,2024-07-29,P0415,华东,线上第三方,1,1301.84,0.0,否
ORD2024052204310,2024-05-22,P0172,东北,线上官网,4,2111.87,0.0,否
ORD2024012900866,2024-01-29,P0439,华南,线下经销商,3,1319.96,0.0,否
ORD2024072706436,2024-07-27,P0420,西北,线上第三方,2,1167.87,0.0,是
ORD2024112310190,2024-11-23,P0481,东北,线上官网,1,1741.66,0.0,否
ORD2024122711197,2024-12-27,P0416,华南,企业团购,2,875.93,0.0,否
ORD2024121610854,2024-12-16,P0274,东北,线下经销商,3,22.24,0.0,否
ORD2024071806157,2024-07-18,P0452,华北,线下经销商,2,94.26,0.0,否
ORD2024121510836,2024-12-15,P0022,华南,线下经销商,2,4695.35,0.0,否
ORD2024020100963,2024-02-01,P0255,华中,线下经销商,1,188.39,0.0,否
ORD2024100108415,2024-10-01,P0247,华南,企业团购,3,80.81,0.0,否
ORD2024121410801,2024-12-14,P0141,华中,线上第三方,1,916.59,0.1,否
ORD2024060604768,2024-06-06,P0385,华东,线下直营店,3,715.86,0.13,否
ORD2024041803310,2024-04-18,P0234,东北,线下经销商,2,1708.75,0.0,否
ORD2024031102167,2024-03-11,P0423,华北,线下直营店,5,603.99,0.0,否
ORD2024011300364,2024-01-13,P0188,西南,线上第三方,3,1108.83,0.0,否
ORD2024050203724,2024-05-02,P0122,华东,企业团购,1,4203.95,0.0,否
ORD2024040302826,2024-04-03,P0188,东北,线上官网,3,1153.65,0.29,否
ORD2024042803598,2024-04-28,P0134,华中,线下直营店,1,71.35,0.0,否
ORD2024011900547,2024-01-19,P0210,华中,线上官网,5,1163.21,0.0,否
ORD2024040602941,2024-04-06,P0329,华中,线上第三方,1,143.73,0.2,否
ORD2024011600472,2024-01-16,P0005,东北,线上官网,4,4251.35,0.0,否
ORD2024022401642,2024-02-24,P0045,西北,线下直营店,1,2064.32,0.17,否
ORD2024062505502,2024-06-25,P0033,华东,线上官网,5,2031.6,0.0,否
ORD2024041903339,2024-04-19,P0075,西南,线上官网,2,5215.23,0.0,否
ORD2024091407888,2024-09-14,P0171,华东,线上官网,1,1194.66,0.0,否
ORD2024020801173,2024-02-08,P0134,华东,线上官网,5,73.6,0.0,否
ORD2024072206291,2024-07-22,P0356,西北,线下经销商,1,32.73,0.12,否
ORD2024071005951,2024-07-10,P0280,华中,线下直营店,2,83.47,0.0,否
ORD2024110109328,2024-11-01,P0049,华南,线上第三方,3,4683.8,0.11,否
ORD2024092408202,2024-09-24,P0089,华南,线上第三方,4,3687.34,0.0,否
ORD2024111109653,2024-11-11,P0043,华东,线下直营店,32,5005.08,0.0,否
ORD2024060304677,2024-06-03,P0229,西南,线上第三方,4,219.28,0.25,否
ORD2024111109752,2024-11-11,P0353,东北,企业团购,24,26.82,0.0,否
ORD2024112210164,2024-11-22,P0202,华北,企业团购,2,1141.6,0.0,否
ORD2024021601411,2024-02-16,P0052,西北,线上第三方,4,1324.66,0.0,否
ORD2024071906193,2024-07-19,P0100,华南,企业团购,1,2079.08,0.0,否
ORD2024120310492,2024-12-03,P0376,华中,企业团购,3,1382.54,0.0,否
ORD2024120310490,2024-12-03,P0027,西南,线上官网,2,3705.59,0.0,否
ORD2024100208442,2024-10-02,P0274,东北,线上官网,1,23.85,0.3,否
ORD2024032902695,2024-03-29,P0096,西北,线下直营店,2,1400.18,0.0,否
ORD2024012800816,2024-01-28,P0083,西南,线下经销商,1,873.2,0.0,否
ORD2024031002132,2024-03-10,P0185,华中,企业团购,1,787.86,0.0,否
ORD2024022801798,2024-02-28,P0043,华北,线下直营店,4,4968.35,0.0,否
ORD2024053004576,2024-05-30,P0446,华北,线下经销商,1,424.41,0.0,否
ORD2024041203123,2024-04-12,P0297,西北,线下直营店,1,119.95,0.0,否
ORD2024070105681,2024-07-01,P0162,华南,企业团购,4,1750.2,0.0,否
ORD2024052004276,2024-05-20,P0060,华中,线上官网,5,1000.96,0.0,否
ORD2024120310485,2024-12-03,P0323,华北,企业团购,3,198.57,0.0,否
ORD2024081907119,2024-08-19,P0209,华南,线上官网,2,1162.13,0.0,否
ORD2024100608553,2024-10-06,P0454,华北,线上官网,2,1139.09,0.0,否
ORD2024111009605,2024-11-10,P0147,华东,线下经销商,1,711.22,0.0,否
ORD2024072706426,2024-07-27,P0397,东北,线上官网,1,870.46,0.0,否
ORD2024010900238,2024-01-09,P0319,西北,线下直营店,3,178.87,0.0,否
ORD2024022001533,2024-02-20,P0425,西北,企业团购,5,316.33,0.0,否
ORD2024121010670,2024-12-10,P0277,东北,线上第三方,1,111.8,0.07,否
ORD2024061104924,2024-06-11,P0468,华东,企业团购,2,355.87,0.29,否
ORD2024042203411,2024-04-22,P0470,西北,线上第三方,6,174.67,0.0,否
ORD2024092008094,2024-09-20,P0077,华南,企业团购,4,2657.23,0.0,否
ORD2024120510530,2024-12-05,P0182,西南,企业团购,4,1194.97,0.0,否
ORD2024022001536,2024-02-20,P0292,华东,线下经销商,2,159.94,0.28,否
ORD2024050703880,2024-05-07,P0459,华中,线上官网,1,1084.58,0.0,否
ORD2024021201300,2024-02-12,P0070,华东,线上第三方,2,4003.37,0.23,否
ORD2024060304686,2024-06-03,P0442,华中,线上官网,3,952.11,0.0,否
ORD2024091808031,2024-09-18,P0115,华北,线上第三方,1,3709.58,0.0,否
ORD2024021801481,2024-02-18,P0103,华中,线上官网,2,4454.62,0.0,否
ORD2024040202794,2024-04-02,P0423,华东,线下直营店,3,652.9,0.0,否
ORD2024081306953,2024-08-13,P0296,西北,线上官网,1,131.71,0.0,否
ORD2024122311078,2024-12-23,P0068,华中,线下经销商,3,5012.09,0.0,否
ORD2024090907765,2024-09-09,P0219,华北,线上官网,3,2311.8,0.0,否
ORD2024061505082,2024-06-15,P0390,华中,线下经销商,15,1067.35,0.0,否
ORD2024060804844,2024-06-08,P0464,西北,线下直营店,1,1144.24,0.17,否
ORD2024101008691,2024-10-10,P0308,西南,线上第三方,2,189.79,0.0,否
ORD2024061805265,2024-06-18,P0453,华南,线下经销商,4,68.47,0.0,否
ORD2024043003662,2024-04-30,P0484,华中,线上官网,4,237.07,0.08,否
ORD2024011900556,2024-01-19,P0459,西南,线下经销商,5,1167.62,0.15,否
ORD2024020801164,2024-02-08,P0337,华北,线下直营店,2,10.33,0.0,否
ORD2024100408502,2024-10-04,P0272,东北,线下经销商,1,27.63,0.0,否
ORD2024011400398,2024-01-14,P0449,华中,线上第三方,2,922.01,0.0,否
ORD2024122211049,2024-12-22,P0479,西南,线上官网,2,1679.28,0.19,否
ORD2024080806786,2024-08-08,P0418,西北,线下经销商,1,119.19,0.0,否
ORD2024111609972,2024-11-16,P0279,西南,企业团购,1,143.67,0.09,否
ORD2024081707073,2024-08-17,P0356,华北,线上官网,2,33.77,0.0,否
ORD2024080706755,2024-08-07,P0459,华东,线下经销商,3,1127.67,0.0,否
ORD2024091808002,2024-09-18,P0493,西北,线下经销商,1,1257.61,0.0,否
ORD2024012500724,2024-01-25,P0118,华东,企业团购,1,3262.13,0.0,否
ORD2024011100301,2024-01-11,P0104,华中,线下直营店,5,1742.42,0.12,否
ORD2024110809521,2024-11-08,P0062,东北,企业团购,1,672.26,0.0,否
ORD2024062605523,2024-06-26,P0454,华东,线下直营店,5,1106.33,0.0,否
ORD2024052104295,2024-05-21,P0283,西北,企业团购,1,199.94,0.0,否
ORD2024100608560,2024-10-06,P0499,华北,线下直营店,1,561.0,0.0,否
ORD2024051704186,2024-05-17,P0247,华东,企业团购,4,81.5,0.0,否
ORD2024062805573,2024-06-28,P0398,华中,线下经销商,1,1423.59,0.0,否
ORD2024060604773,2024-06-06,P0078,西南,线下直营店,3,2313.14,0.0,否
ORD2024122511135,2024-12-25,P0385,西北,线下经销商,2,717.87,0.0,否
ORD2024041303143,2024-04-13,P0334,西北,线上第三方,1,60.74,0.0,否
ORD2024061905289,2024-06-19,P0386,华东,线上第三方,4,921.69,0.0,否
ORD2024041503206,2024-04-15,P0146,华中,线下直营店,1,858.43,0.0,否
ORD2024053004583,2024-05-30,P0184,华南,线上第三方,5,696.89,0.0,否
ORD2024120210441,2024-12-02,P0376,西南,线上第三方,2,1378.89,0.0,否
ORD2024121510844,2024-12-15,P0123,华南,线上官网,1,2322.87,0.0,否
ORD2024070505796,2024-07-05,P0460,西南,企业团购,4,556.33,0.0,否
ORD2024101908929,2024-10-19,P0102,西南,线上第三方,1,4217.35,0.25,否
ORD2024020801153,2024-02-08,P0299,东北,线上第三方,4,107.4,0.0,否
ORD2024021001213,2024-02-10,P0332,华南,企业团购,1,98.68,0.25,否
ORD2024052804504,2024-05-28,P0408,西北,企业团购,5,193.31,0.06,否
ORD2024091507945,2024-09-15,P0466,华南,线下直营店,1,926.17,0.05,否
ORD2024122010994,2024-12-20,P0177,华中,线上官网,2,272.21,0.0,否
ORD2024092608268,2024-09-26,P0317,西南,企业团购,1,33.43,0.0,否
ORD2024082007175,2024-08-20,P0043,西北,线上官网,1,5025.01,0.0,否
ORD2024062405462,2024-06-24,P0391,东北,线上官网,4,905.27,0.0,否
ORD2024012300666,2024-01-23,P0276,西北,企业团购,1,191.96,0.0,否
ORD2024112410219,2024-11-24,P0461,东北,线上第三方,1,151.13,0.0,否
ORD2024012200643,2024-01-22,P0223,西北,线上第三方,4,493.38,0.0,否
ORD2024120310474,2024-12-03,P0165,东北,企业团购,3,876.01,0.0,否
ORD2024050303768,2024-05-03,P0025,华中,线上第三方,1,3752.93,0.0,否
ORD2024052004273,2024-05-20,P0263,华南,企业团购,5,125.05,0.0,否
ORD2024060804839,2024-06-08,P0300,西南,线下直营店,1,77.78,0.0,否
ORD2024012700787,2024-01-27,P0489,华北,线上官网,1,1884.75,0.0,否
ORD2024040402858,2024-04-04,P0461,华东,企业团购,1,153.81,0.0,否
ORD2024041503203,2024-04-15,P0347,西南,线上官网,4,170.15,0.24,是
ORD2024071906189,2024-07-19,P0223,华中,线下直营店,1,494.82,0.0,是
ORD2024051704188,2024-05-17,P0480,华北,线上官网,1,304.99,0.0,否
ORD2024082907411,2024-08-29,P0216,华中,线下经销商,2,1590.47,0.0,否
ORD2024082807376,2024-08-28,P0108,华东,线上官网,4,1394.92,0.0,否
ORD2024040502906,2024-04-05,P0274,西南,企业团购,3,22.43,0.0,否
ORD2024060104627,2024-06-01,P0463,华北,线上第三方,1,470.53,0.0,否
ORD2024122111038,2024-12-21,P0127,西南,线上第三方,1,3267.62,0.0,否
ORD2024020200997,2024-02-02,P0004,华东,线上官网,2,3247.61,0.0,否
ORD2024080306625,2024-08-03,P0470,华南,线上第三方,1,170.36,0.0,否
ORD2024091808032,2024-09-18,P0394,华东,线下经销商,1,1414.74,0.0,否
ORD2024070405776,2024-07-04,P0204,华南,企业团购,1,218.25,0.09,否
ORD2024111109771,2024-11-11,P0035,华北,企业团购,24,3205.04,0.0,否
ORD2024010600157,2024-01-06,P0229,东北,线下直营店,1,215.28,0.0,否
ORD2024080806769,2024-08-08,P0185,华东,线下经销商,3,780.05,0.0,否
ORD2024041103086,2024-04-11,P0329,西北,线上官网,3,152.75,0.0,否
ORD2024090307582,2024-09-03,P0311,华中,线上官网,1,71.4,0.0,否
ORD2024121210734,2024-12-12,P0202,华北,线下直营店,1,1126.89,0.0,否
ORD2024120910665,2024-12-09,P0032,华北,企业团购,1,3476.19,0.0,否
ORD2024080106581,2024-08-01,P0390,西北,线下直营店,4,1167.29,0.0,否
ORD2024050503796,2024-05-05,P0121,华中,线下直营店,3,2713.4,0.0,否
ORD2024011700496,2024-01-17,P0357,东北,企业团购,1,87.84,0.0,否
ORD2024031702322,2024-03-17,P0433,西北,线上第三方,3,1150.84,0.29,否
ORD2024110309383,2024-11-03,P0490,西北,线下经销商,1,1775.82,0.0,否
ORD2024112810326,2024-11-28,P0309,华南,线上官网,1,196.32,0.0,否
ORD2024010600152,2024-01-06,P0096,西北,线上官网,1,1453.75,0.0,否
ORD2024062105370,2024-06-21,P0483,华北,线下直营店,5,1626.28,0.0,否
ORD2024101708883,2024-10-17,P0104,华南,线下经销商,1,1625.79,0.0,否
ORD2024120410509,2024-12-04,P0174,西南,企业团购,1,1921.01,0.29,否
ORD2024022701739,2024-02-27,P0415,西北,线下直营店,2,1349.13,0.0,否
ORD2024040803002,2024-04-08,P0116,华南,线下经销商,3,3392.4,0.0,否
ORD2024111910058,2024-11-19,P0174,华北,线上官网,1,1820.77,0.0,否
ORD2024072606396,2024-07-26,P0126,东北,线下直营店,4,492.0,0.0,否
ORD2024081406963,2024-08-14,P0240,华东,线下直营店,3,1077.92,0.0,是
ORD2024120510540,2024-12-05,P0478,华东,线下直营店,4,1077.97,0.0,否
ORD2024040402884,2024-04-04,P0245,西南,线下直营店,1,2992.28,0.11,是
ORD2024050203721,2024-05-02,P0329,东北,线下经销商,4,151.0,0.0,否
ORD2024082907434,2024-08-29,P0234,华东,线上第三方,3,1635.3,0.0,否
ORD2024111109667,2024-11-11,P0288,华南,线下经销商,24,47.36,0.1,否
ORD2024090707702,2024-09-07,P0201,华中,线下直营店,2,1601.42,0.18,否
ORD2024081707077,2024-08-17,P0006,华南,线上第三方,2,831.87,0.0,否
ORD2024031502277,2024-03-15,P0026,华北,线上官网,3,3226.03,0.0,否
ORD2024060404705,2024-06-04,P0433,华南,线上官网,1,1077.33,0.0,否
ORD2024052604462,2024-05-26,P0360,西北,线上官网,1,947.26,0.0,否
ORD2024011200344,2024-01-12,P0045,华北,企业团购,3,2133.26,0.0,否
ORD2024062105381,2024-06-21,P0453,华北,线下直营店,5,70.05,0.0,否
ORD2024051504137,2024-05-15,P0398,华中,企业团购,5,1415.86,0.0,否
ORD2024092308171,2024-09-23,P0451,华中,线上官网,1,354.77,0.0,否
ORD2024062305418,2024-06-23,P0138,西南,企业团购,1,233.56,0.0,否
ORD2024062505481,2024-06-25,P0427,华南,线下经销商,5,695.36,0.15,否
ORD2024031302224,2024-03-13,P0336,华东,企业团购,1,192.17,0.0,否
ORD2024051704197,2024-05-17,P0317,华南,企业团购,5,33.38,0.0,否
ORD2024080706756,2024-08-07,P0317,华北,线上第三方,2,35.72,0.0,否
ORD2024060504748,2024-06-05,P0395,东北,线下经销商,5,1054.64,0.0,否
ORD2024090207536,2024-09-02,P0214,华北,线上官网,3,1748.17,0.0,否
ORD2024072506366,2024-07-25,P0453,西南,线上官网,3,68.51,0.0,否
ORD2024112410229,2024-11-24,P0434,华中,线下直营店,1,630.46,0.0,否
ORD2024112810357,2024-11-28,P0208,华北,线上官网,1,1925.63,0.28,否
ORD2024111109685,2024-11-11,P0057,西北,线下直营店,8,4210.02,0.0,否
ORD2024021801466,2024-02-18,P0171,西北,线上第三方,1,1171.12,0.06,否
ORD2024053104594,2024-05-31,P0232,华中,企业团购,3,2259.56,0.23,否
ORD2024031302235,2024-03-13,P0104,华北,企业团购,5,1667.55,0.0,否
ORD2024081106891,2024-08-11,P0036,华北,线下直营店,1,1196.73,0.0,否
ORD2024050803904,2024-05-08,P0243,华中,线上官网,1,688.81,0.0,否
ORD2024101008690,2024-10-10,P0248,华中,线下经销商,2,17.32,0.0,否
ORD2024091207827,2024-09-12,P0114,华中,线下直营店,1,2816.11,0.25,否
ORD2024060804852,2024-06-08,P0108,西北,企业团购,3,1370.99,0.0,否
ORD2024111109718,2024-11-11,P0257,华中,线下经销商,8,192.2,0.23,否
ORD2024082807403,2024-08-28,P0053,华南,线上第三方,4,3371.48,0.0,否
ORD2024120210463,2024-12-02,P0245,华东,企业团购,1,2944.65,0.0,否
ORD2024051604152,2024-05-16,P0330,华南,线下直营店,1,88.92,0.0,否
ORD2024081807087,2024-08-18,P0077,华东,企业团购,2,2493.78,0.0,否
ORD2024031002122,2024-03-10,P0420,西北,线上第三方,3,1144.2,0.08,否
ORD2024103109289,2024-10-31,P0473,华中,线上官网,3,1676.23,0.0,否
ORD2024101208742,2024-10-12,P0223,华东,线下经销商,1,466.58,0.21,否
ORD2024062005338,2024-06-20,P0256,华北,企业团购,5,46.65,0.0,否
ORD2024041403162,2024-04-14,P0170,华南,企业团购,2,1226.86,0.0,否
ORD2024032702631,2024-03-27,P0334,华南,线上官网,4,56.76,0.0,否
ORD2024110709503,2024-11-07,P0408,华中,企业团购,1,197.26,0.0,否
ORD2024111109743,2024-11-11,P0300,华东,线上官网,24,78.27,0.0,否
ORD2024102209015,2024-10-22,P0185,华中,线下直营店,1,788.17,0.0,否
ORD2024112210173,2024-11-22,P0139,华中,线上官网,1,290.31,0.3,否
ORD2024020901204,2024-02-09,P0053,华北,企业团购,5,3308.26,0.28,否
ORD2024112110132,2024-11-21,P0075,华东,线上官网,4,4977.64,0.2,否
ORD2024012100617,2024-01-21,P0001,华北,企业团购,1,568.29,0.0,否
ORD2024030401927,2024-03-04,P0365,西北,线下直营店,5,1118.14,0.0,否
ORD2024041203115,2024-04-12,P0276,华东,企业团购,2,194.75,0.0,否
ORD2024032702642,2024-03-27,P0191,华东,线下经销商,3,1539.1,0.0,否
ORD2024112210167,2024-11-22,P0396,西北,线上第三方,3,1184.44,0.0,否
ORD2024032502563,2024-03-25,P0439,华南,线下直营店,2,1245.63,0.0,否
ORD2024061805260,2024-06-18,P0220,华北,线下直营店,5,1982.48,0.0,否
ORD2024033002729,2024-03-30,P0347,东北,企业团购,2,172.54,0.0,否
ORD2024061204962,2024-06-12,P0004,华中,线下直营店,4,3092.28,0.14,否
ORD2024102109003,2024-10-21,P0147,华北,线下直营店,4,697.14,0.0,是
ORD2024031002127,2024-03-10,P0404,东北,企业团购,2,111.04,0.0,否
ORD2024062605518,2024-06-26,P0201,华中,线上官网,2,1623.09,0.28,否
ORD2024121110706,2024-12-11,P0217,华东,线上官网,1,1083.69,0.0,否
ORD2024071005939,2024-07-10,P0075,西南,线上官网,4,5184.33,0.0,否
ORD2024072506370,2024-07-25,P0436,华北,线上官网,4,1248.25,0.0,否
ORD2024012700806,2024-01-27,P0046,西北,企业团购,1,4914.46,0.0,否
ORD2024060304695,2024-06-03,P0223,西南,线下经销商,3,457.1,0.0,否
ORD2024062205392,2024-06-22,P0046,华中,线下直营店,1,4786.1,0.0,否
ORD2024041303141,2024-04-13,P0360,东北,线下经销商,2,886.22,0.0,否
ORD2024052004281,2024-05-20,P0361,西南,线下经销商,3,1097.09,0.0,否
ORD2024100608566,2024-10-06,P0020,东北,线下经销商,1,3626.91,0.0,否
ORD2024102409072,2024-10-24,P0002,华东,线下经销商,4,3346.75,0.0,否
ORD2024061505129,2024-06-15,P0229,西南,线下经销商,5,225.58,0.0,否
ORD2024011900548,2024-01-19,P0156,华北,线上官网,2,1005.73,0.06,否
ORD2024010100027,2024-01-01,P0254,西北,线下经销商,1,26.93,0.0,否
ORD2024121610875,2024-12-16,P0189,西北,线下直营店,4,904.08,0.0,否
ORD2024050803919,2024-05-08,P0286,华东,线上第三方,4,132.29,0.0,否
ORD2024052704487,2024-05-27,P0057,西北,线上第三方,1,3920.96,0.0,否
ORD2024083107485,2024-08-31,P0257,西北,线下直营店,2,195.36,0.0,否
ORD2024120110418,2024-12-01,P0029,华中,企业团购,2,1138.2,0.0,否
ORD2024021001222,2024-02-10,P0355,华北,企业团购,1,13.4,0.16,否
ORD2024072706425,2024-07-27,P0274,华东,线上官网,2,23.64,0.24,否
ORD2024032402549,2024-03-24,P0362,华中,线上第三方,2,1172.26,0.0,否
ORD2024011500438,2024-01-15,P0442,西南,线上第三方,1,1028.16,0.0,否
ORD2024062905618,2024-06-29,P0214,华北,线下直营店,1,1784.53,0.0,否
ORD2024111009593,2024-11-10,P0404,华中,线下直营店,1,112.22,0.0,否
ORD2024030201862,2024-03-02,P0170,华北,线上第三方,2,1149.44,0.0,否
ORD2024032902700,2024-03-29,P0201,东北,线上官网,4,1636.01,0.0,否
ORD2024091707982,2024-09-17,P0495,西南,线下经销商,3,1294.27,0.0,否
ORD2024071105961,2024-07-11,P0224,华南,线下直营店,4,1008.68,0.0,否
ORD2024032202482,2024-03-22,P0258,华南,线上官网,5,139.99,0.0,否
ORD2024062805581,2024-06-28,P0315,西北,线上官网,3,33.61,0.0,否
ORD2024110909559,2024-11-09,P0216,西北,线下直营店,1,1604.58,0.12,否
ORD2024033002707,2024-03-30,P0302,华中,线上官网,2,76.6,0.0,否
ORD2024063005630,2024-06-30,P0440,华南,线下直营店,1,1250.62,0.0,否
ORD2024011200327,2024-01-12,P0219,西南,线下直营店,4,2262.48,0.0,否
ORD2024032202500,2024-03-22,P0422,西南,线上官网,3,1145.89,0.0,否
ORD2024020301005,2024-02-03,P0230,西南,线上第三方,1,1099.31,0.28,否
ORD2024070905921,2024-07-09,P0439,西北,企业团购,4,1344.83,0.0,是
ORD2024070505786,2024-07-05,P0212,西北,线上官网,2,684.39,0.0,否
ORD2024051104012,2024-05-11,P0173,华南,线下经销商,2,2031.09,0.0,否
ORD2024092008076,2024-09-20,P0040,西南,线上官网,3,1678.71,0.0,否
ORD2024011800535,2024-01-18,P0130,西南,线上官网,2,784.97,0.0,否
ORD2024080806785,2024-08-08,P0263,华东,线上第三方,1,123.11,0.0,否
ORD2024051003961,2024-05-10,P0088,西北,线上第三方,3,3165.12,0.0,否
ORD2024012000586,2024-01-20,P0142,西北,线上第三方,1,1849.77,0.0,否
ORD2024110209343,2024-11-02,P0072,东北,企业团购,1,4030.45,0.0,否
ORD2024090307566,2024-09-03,P0118,西北,企业团购,1,3071.36,0.0,否
ORD2024121810913,2024-12-18,P0437,西北,线上官网,1,1210.27,0.0,否
ORD2024120710592,2024-12-07,P0418,东北,线下经销商,1,112.85,0.0,否
ORD2024111709994,2024-11-17,P0194,华南,线下经销商,1,1877.55,0.0,否
ORD2024011700492,2024-01-17,P0459,华中,线上官网,4,1191.58,0.13,否
ORD2024061104930,2024-06-11,P0276,华南,线上第三方,1,195.86,0.09,否
ORD2024071706150,2024-07-17,P0311,西北,线上第三方,1,71.5,0.0,否
ORD2024061505088,2024-06-15,P0217,西北,线下经销商,15,1142.42,0.0,否
ORD2024071406062,2024-07-14,P0098,华北,企业团购,1,446.61,0.0,否
ORD2024101808905,2024-10-18,P0062,西南,线上官网,2,660.87,0.0,否
ORD2024042603549,2024-04-26,P0214,西北,线下经销商,3,1813.78,0.08,否
ORD2024030301917,2024-03-03,P0494,西北,线下直营店,3,345.01,0.0,否
ORD2024041403186,2024-04-14,P0185,西南,线下直营店,3,794.14,0.0,否
ORD2024070705858,2024-07-07,P0032,东北,线上第三方,3,3276.39,0.0,否
ORD2024030301911,2024-03-03,P0084,华东,线上第三方,1,1082.47,0.0,否
ORD2024081006863,2024-08-10,P0129,西北,线上第三方,1,1108.19,0.0,否
ORD2024062405453,2024-06-24,P0496,华南,企业团购,4,1308.68,0.0,否
ORD2024020701134,2024-02-07,P0276,华北,线下经销商,4,200.51,0.0,否
ORD2024092208147,2024-09-22,P0250,华东,企业团购,2,80.15,0.21,否
ORD2024032302519,2024-03-23,P0196,华南,企业团购,1,445.95,0.0,否
ORD2024092108118,2024-09-21,P0127,华南,线下直营店,1,3502.63,0.0,否
ORD2024021301318,2024-02-13,P0236,西南,线下直营店,3,1767.77,0.0,否
ORD2024052304369,2024-05-23,P0004,东北,线下经销商,2,3270.09,0.0,否
ORD2024010500122,2024-01-05,P0158,华南,线上官网,5,2491.04,0.1,否
ORD2024101008695,2024-10-10,P0426,华北,线上第三方,2,123.04,0.26,否
ORD2024032102450,2024-03-21,P0296,华南,线上第三方,2,128.12,0.0,否
ORD2024061605194,2024-06-16,P0452,华北,线上官网,3,95.99,0.0,是
ORD2024121310780,2024-12-13,P0498,华北,线下直营店,4,1602.33,0.0,否
ORD2024032602602,2024-03-26,P0214,西南,企业团购,4,1785.19,0.14,否
ORD2024022001523,2024-02-20,P0220,西北,线下直营店,4,1957.37,0.0,否
ORD2024092108119,2024-09-21,P0473,华南,线下经销商,2,1705.61,0.0,否
ORD2024031102174,2024-03-11,P0120,西北,线上官网,5,940.39,0.0,否
ORD2024041803284,2024-04-18,P0405,西北,线上官网,6,1214.46,0.0,否
ORD2024052904555,2024-05-29,P0454,东北,线下直营店,3,1158.61,0.0,否
ORD2024042803606,2024-04-28,P0241,华南,企业团购,3,2744.68,0.0,否
ORD2024100308494,2024-10-03,P0493,西北,线上官网,3,1265.69,0.0,是
ORD2024111910074,2024-11-19,P0274,华南,线上第三方,4,22.28,0.0,否
ORD2024112610281,2024-11-26,P0442,东北,线上第三方,4,1013.43,0.2,否
ORD2024050403769,2024-05-04,P0271,西南,线下直营店,3,32.84,0.08,否
ORD2024082707350,2024-08-27,P0221,华中,企业团购,4,1970.19,0.0,否
ORD2024051204039,2024-05-12,P0458,华中,企业团购,1,136.57,0.0,否
ORD2024042503503,2024-04-25,P0032,华北,线上官网,2,3507.86,0.29,否
ORD2024021601408,2024-02-16,P0026,东北,企业团购,5,3229.25,0.0,否
ORD2024060104632,2024-06-01,P0182,西北,线上官网,1,1094.05,0.0,否
ORD2024071706132,2024-07-17,P0464,华南,企业团购,3,1143.97,0.0,否
ORD2024072806454,2024-07-28,P0062,华东,线下经销商,2,670.07,0.0,否
ORD2024072206281,2024-07-22,P0454,西北,企业团购,5,1084.51,0.0,否
ORD2024032502580,2024-03-25,P0376,东北,线上官网,2,1327.08,0.0,否
ORD2024101508827,2024-10-15,P0098,华东,线下经销商,2,451.03,0.0,否
ORD2024041703270,2024-04-17,P0330,华南,线上第三方,6,91.57,0.16,否
ORD2024121510826,2024-12-15,P0483,华北,企业团购,2,1568.46,0.0,否
ORD2024030201868,2024-03-02,P0092,华中,线上第三方,2,4345.77,0.0,否
ORD2024122811224,2024-12-28,P0179,东北,线下经销商,1,246.4,0.0,否
ORD2024123111309,2024-12-31,P0131,华南,线下经销商,1,2381.43,0.08,否
ORD2024032302522,2024-03-23,P0260,华北,线上官网,2,61.57,0.0,否
ORD2024070205708,2024-07-02,P0182,东北,线下经销商,1,1155.12,0.0,否
ORD2024022901821,2024-02-29,P0075,华北,企业团购,1,5069.24,0.0,否
ORD2024102709179,2024-10-27,P0500,华南,线上官网,1,757.1,0.23,否
ORD2024010200052,2024-01-02,P0250,西南,线上官网,3,79.18,0.0,否
ORD2024050703889,2024-05-07,P0023,华中,线下经销商,3,3553.23,0.0,否
ORD2024120510527,2024-12-05,P0208,华中,线上官网,1,1908.62,0.0,否
ORD2024042703578,2024-04-27,P0124,华北,线下直营店,1,989.81,0.0,否
ORD2024053004566,2024-05-30,P0430,西南,线下直营店,3,1163.96,0.0,否
ORD2024110209339,2024-11-02,P0328,东北,线下直营店,1,18.07,0.17,否
ORD2024100308495,2024-10-03,P0347,华中,线下直营店,3,163.29,0.0,否
ORD2024030201859,2024-03-02,P0152,东北,企业团购,2,2552.12,0.0,否
ORD2024111109792,2024-11-11,P0045,华东,线下经销商,16,2009.37,0.0,否
ORD2024121410802,2024-12-14,P0167,华中,线下直营店,1,883.68,0.0,否
ORD2024072706443,2024-07-27,P0433,华中,线上第三方,1,1140.79,0.0,否
ORD2024072406335,2024-07-24,P0039,华南,企业团购,3,331.56,0.0,否
ORD2024092108109,2024-09-21,P0021,东北,企业团购,2,2148.79,0.0,否
ORD2024120210455,2024-12-02,P0173,华东,线下直营店,1,1978.75,0.0,否
ORD2024011500426,2024-01-15,P0248,西北,线上第三方,5,18.66,0.0,否
ORD2024052104285,2024-05-21,P0259,西南,线上官网,2,192.72,0.0,否
ORD2024121610863,2024-12-16,P0117,华中,线上第三方,3,3825.96,0.0,否
ORD2024062905602,2024-06-29,P0102,华东,线下经销商,2,4355.19,0.0,否
ORD2024010800229,2024-01-08,P0391,西南,线上官网,4,930.87,0.0,否
ORD2024080406674,2024-08-04,P0091,华中,企业团购,1,887.31,0.0,否
ORD2024033102742,2024-03-31,P0320,华中,企业团购,2,106.75,0.0,否
ORD2024111309913,2024-11-13,P0211,华北,企业团购,3,640.39,0.05,否
ORD2024110609479,2024-11-06,P0195,华东,企业团购,2,402.68,0.0,否
ORD2024080706758,2024-08-07,P0248,华南,线上官网,2,18.18,0.0,否
ORD2024040602922,2024-04-06,P0320,西北,线上官网,2,109.78,0.0,否
ORD2024121210738,2024-12-12,P0261,西北,线上官网,3,95.25,0.0,否
ORD2024122611159,2024-12-26,P0481,西北,线下直营店,3,1674.06,0.0,否
ORD2024043003654,2024-04-30,P0045,华中,线上第三方,2,2072.4,0.0,否
ORD2024093008368,2024-09-30,P0223,华中,企业团购,2,489.52,0.0,否
ORD2024061805273,2024-06-18,P0061,华中,线上官网,2,511.04,0.22,否
ORD2024020701129,2024-02-07,P0239,华东,线下经销商,2,1921.35,0.1,否
ORD2024101308763,2024-10-13,P0400,华南,线上官网,1,1272.64,0.0,否
ORD2024031702332,2024-03-17,P0371,东北,线上第三方,2,1102.04,0.0,否
ORD2024031202209,2024-03-12,P0411,华南,线下直营店,2,254.41,0.0,否
ORD2024072806462,2024-07-28,P0488,西北,线上官网,2,767.33,0.06,否
ORD2024112010090,2024-11-20,P0268,华南,线上第三方,3,71.97,0.0,否
ORD2024092608274,2024-09-26,P0309,西南,企业团购,3,190.04,0.0,否
ORD2024041303154,2024-04-13,P0371,华南,企业团购,2,1160.44,0.29,否
ORD2024080906830,2024-08-09,P0462,西南,线下直营店,4,421.89,0.0,否
ORD2024101708892,2024-10-17,P0045,西南,线上官网,1,2137.87,0.0,否
ORD2024092108130,2024-09-21,P0494,华北,线下经销商,1,369.37,0.0,否
ORD2024121710880,2024-12-17,P0145,东北,线下经销商,1,2213.25,0.29,否
ORD2024031802375,2024-03-18,P0121,华中,线上第三方,2,2806.08,0.21,否
ORD2024022301633,2024-02-23,P0316,西北,线上官网,5,51.45,0.0,否
ORD2024072006223,2024-07-20,P0391,华东,线下经销商,1,909.61,0.15,否
ORD2024031602299,2024-03-16,P0423,华中,线下直营店,2,598.37,0.14,否
ORD2024072906479,2024-07-29,P0181,东北,线下直营店,2,1953.42,0.0,否
ORD2024051904253,2024-05-19,P0232,华南,线下直营店,2,2258.68,0.0,否
ORD2024061405033,2024-06-14,P0288,华北,企业团购,3,49.14,0.0,否
ORD2024033002722,2024-03-30,P0132,华北,线上第三方,2,1471.33,0.0,否
ORD2024101808923,2024-10-18,P0489,华中,企业团购,2,1883.2,0.0,否
ORD2024062105383,2024-06-21,P0180,东北,线下直营店,4,1320.09,0.0,否
ORD2024080706746,2024-08-07,P0286,华中,线下直营店,2,132.09,0.0,否
ORD2024081807101,2024-08-18,P0219,华北,企业团购,1,2346.93,0.0,否
ORD2024100108412,2024-10-01,P0426,西南,线下经销商,1,129.52,0.21,否
ORD2024082407285,2024-08-24,P0029,华南,线下经销商,1,1154.31,0.0,否
ORD2024081006841,2024-08-10,P0318,东北,线下经销商,1,116.95,0.0,否
ORD2024081106880,2024-08-11,P0420,西北,企业团购,2,1150.74,0.12,否
ORD2024070105663,2024-07-01,P0139,西北,线下经销商,5,298.6,0.0,否
ORD2024122111032,2024-12-21,P0460,西南,线上官网,1,523.71,0.0,否
ORD2024121010688,2024-12-10,P0029,东北,线上第三方,2,1185.32,0.0,否
ORD2024102909223,2024-10-29,P0478,华南,线下经销商,3,1147.54,0.0,否
ORD2024032402551,2024-03-24,P0037,西北,线下直营店,2,2955.87,0.0,否
ORD2024082907436,2024-08-29,P0338,东北,企业团购,2,48.4,0.11,否
ORD2024013100939,2024-01-31,P0477,西北,线下直营店,2,1989.84,0.19,否
ORD2024073106559,2024-07-31,P0423,华中,企业团购,1,652.26,0.0,否
ORD2024112610276,2024-11-26,P0395,华东,线下直营店,1,1136.81,0.28,否
ORD2024081206905,2024-08-12,P0026,华东,企业团购,3,3236.02,0.0,否
ORD2024123011274,2024-12-30,P0093,华北,线下直营店,3,5264.62,0.22,否
ORD2024060804853,2024-06-08,P0040,华中,线上官网,1,1741.95,0.0,否
ORD2024032702645,2024-03-27,P0261,西南,线下经销商,5,97.4,0.0,否
ORD2024111309905,2024-11-13,P0394,华北,线上官网,4,1445.59,0.14,否
ORD2024041403166,2024-04-14,P0171,华东,线下直营店,1,1209.66,0.0,否
ORD2024042903640,2024-04-29,P0178,华中,线下经销商,2,984.34,0.0,否
ORD2024081006838,2024-08-10,P0106,西南,线上第三方,1,3379.54,0.22,否
ORD2024030802062,2024-03-08,P0317,华东,线上官网,2,33.44,0.26,否
ORD2024060204646,2024-06-02,P0342,东北,线下直营店,1,67.28,0.0,否
ORD2024062605522,2024-06-26,P0399,华东,企业团购,3,752.75,0.0,否
ORD2024040202813,2024-04-02,P0383,西南,线下直营店,3,33.75,0.0,否
ORD2024120810636,2024-12-08,P0280,华东,企业团购,2,80.07,0.14,否
ORD2024111209860,2024-11-12,P0302,西南,线上第三方,4,74.69,0.11,否
ORD2024112310194,2024-11-23,P0070,东北,线上官网,1,4092.81,0.0,否
ORD2024032402550,2024-03-24,P0021,华北,企业团购,2,2171.96,0.0,否
ORD2024091107799,2024-09-11,P0085,西南,线下直营店,2,2317.36,0.0,否
ORD2024080706748,2024-08-07,P0286,华中,线上第三方,2,133.21,0.0,否
ORD2024073106532,2024-07-31,P0494,西南,线下直营店,1,357.42,0.0,否
ORD2024051604175,2024-05-16,P0049,东北,线下直营店,3,4588.93,0.0,否
ORD2024111409921,2024-11-14,P0221,西南,线下经销商,2,2075.53,0.0,否
ORD2024020301025,2024-02-03,P0429,华中,企业团购,1,1014.98,0.14,否
ORD2024060804849,2024-06-08,P0209,华北,线上官网,1,1194.08,0.23,否
ORD2024061505169,2024-06-15,P0430,东北,线下经销商,15,1149.69,0.0,否
ORD2024081306949,2024-08-13,P0467,华东,线下经销商,1,1599.12,0.0,否
ORD2024030401952,2024-03-04,P0173,西南,企业团购,3,2147.17,0.0,否
ORD2024072606409,2024-07-26,P0223,西北,线上官网,3,497.48,0.23,否
ORD2024011300352,2024-01-13,P0031,华东,线下经销商,2,2905.45,0.24,否
ORD2024100208441,2024-10-02,P0221,华中,线上第三方,2,2046.82,0.0,否
ORD2024060604798,2024-06-06,P0130,华北,企业团购,4,827.05,0.0,否
ORD2024061405010,2024-06-14,P0181,华南,线上第三方,1,1950.55,0.0,否
ORD2024043003663,2024-04-30,P0017,东北,线上第三方,3,2046.02,0.0,否
ORD2024091107798,2024-09-11,P0022,东北,企业团购,3,4762.99,0.0,否
ORD2024060204658,2024-06-02,P0470,东北,线下直营店,1,174.33,0.0,否
ORD2024121410785,2024-12-14,P0194,华南,企业团购,1,1864.81,0.0,否
ORD2024041303151,2024-04-13,P0278,华南,线下经销商,1,155.5,0.11,否
ORD2024100708599,2024-10-07,P0039,华东,线上官网,1,337.49,0.13,否
ORD2024060704814,2024-06-07,P0005,西南,线上第三方,1,4283.5,0.0,否
ORD2024091607952,2024-09-16,P0351,西北,线下直营店,4,80.98,0.0,否
ORD2024100808632,2024-10-08,P0383,东北,线上第三方,4,33.15,0.0,否
ORD2024040602940,2024-04-06,P0320,东北,线下经销商,2,112.19,0.0,否
ORD2024052804511,2024-05-28,P0330,华中,线上官网,2,95.57,0.0,否
ORD2024021401341,2024-02-14,P0163,华南,线上第三方,1,1304.5,0.0,否
ORD2024120810625,2024-12-08,P0480,东北,企业团购,1,299.68,0.23,否
ORD2024090907741,2024-09-09,P0369,华北,线下直营店,1,501.23,0.19,否
ORD2024091908060,2024-09-19,P0477,华北,线上官网,1,1892.62,0.0,否
ORD2024071005937,2024-07-10,P0046,西南,线下经销商,1,4930.4,0.0,否
ORD2024121410805,2024-12-14,P0130,东北,企业团购,1,832.71,0.25,否
ORD2024070105658,2024-07-01,P0106,华中,线下经销商,3,3260.73,0.0,否
ORD2024022201584,2024-02-22,P0429,东北,企业团购,5,1008.13,0.0,否
ORD2024021601413,2024-02-16,P0422,华南,企业团购,1,1138.5,0.0,否
ORD2024061905293,2024-06-19,P0129,华北,企业团购,2,1084.66,0.0,否
ORD2024111409919,2024-11-14,P0274,华中,企业团购,1,23.49,0.0,否
ORD2024031402257,2024-03-14,P0202,东北,线下直营店,4,1116.95,0.15,否
ORD2024100108402,2024-10-01,P0129,东北,线上官网,1,1042.54,0.0,否
ORD2024031302213,2024-03-13,P0032,华北,线上官网,3,3404.98,0.0,否
ORD2024032702623,2024-03-27,P0007,华北,线上官网,2,1726.39,0.17,否
ORD2024080906825,2024-08-09,P0419,华中,线下直营店,1,671.05,0.0,否
ORD2024061104939,2024-06-11,P0286,东北,线下直营店,1,139.4,0.0,否
ORD2024042903625,2024-04-29,P0220,东北,线上官网,6,2020.79,0.0,否
ORD2024062505501,2024-06-25,P0053,华北,线上第三方,2,3303.24,0.18,否
ORD2024052004268,2024-05-20,P0352,西南,线上第三方,4,99.13,0.0,否
ORD2024112310185,2024-11-23,P0410,东北,线上第三方,2,844.69,0.0,否
ORD2024011600464,2024-01-16,P0260,西南,线上第三方,3,59.83,0.0,否
ORD2024022701755,2024-02-27,P0144,华南,线下经销商,2,1216.53,0.0,否
ORD2024102809214,2024-10-28,P0204,西北,企业团购,1,228.94,0.14,否
ORD2024102909218,2024-10-29,P0449,西北,线上第三方,4,966.55,0.0,否
ORD2024061505191,2024-06-15,P0100,华东,企业团购,15,2202.92,0.0,否
ORD2024072806459,2024-07-28,P0274,华北,线下经销商,1,22.57,0.0,否
ORD2024011400379,2024-01-14,P0186,华中,线下直营店,1,504.53,0.0,否
ORD2024041203107,2024-04-12,P0131,西南,线下直营店,3,2303.46,0.28,否
ORD2024060704804,2024-06-07,P0156,东北,线下直营店,2,1004.13,0.23,否
ORD2024021401336,2024-02-14,P0039,华北,线上官网,2,314.81,0.0,否
ORD2024122010982,2024-12-20,P0469,华北,线上第三方,4,310.75,0.0,否
ORD2024033002717,2024-03-30,P0427,西南,线上官网,3,743.38,0.0,否
ORD2024072706428,2024-07-27,P0454,西南,线下经销商,3,1134.28,0.0,否
ORD2024062905607,2024-06-29,P0088,西南,线上第三方,3,3102.21,0.0,否
ORD2024112110121,2024-11-21,P0111,华东,企业团购,1,139.74,0.24,否
ORD2024073106555,2024-07-31,P0163,华东,线上官网,5,1298.92,0.24,否
ORD2024022901812,2024-02-29,P0300,华北,企业团购,1,80.5,0.23,否
ORD2024070905903,2024-07-09,P0172,华南,线下经销商,4,2202.44,0.0,否
ORD2024030301895,2024-03-03,P0223,东北,线下直营店,1,487.15,0.0,否
ORD2024093008373,2024-09-30,P0303,东北,企业团购,1,143.92,0.12,否
ORD2024063005628,2024-06-30,P0230,华东,线上官网,1,1125.83,0.0,否
ORD2024073106537,2024-07-31,P0293,东北,企业团购,1,49.4,0.0,否
ORD2024020901190,2024-02-09,P0239,东北,线上官网,4,1873.94,0.0,否
ORD2024111009586,2024-11-10,P0420,华北,线上第三方,1,1211.01,0.0,否
ORD2024071606102,2024-07-16,P0402,华中,线上官网,1,593.01,0.0,否
ORD2024122911242,2024-12-29,P0001,华中,线上第三方,2,596.52,0.0,否
ORD2024042303455,2024-04-23,P0141,西北,企业团购,4,891.65,0.0,否
ORD2024111109733,2024-11-11,P0396,华南,线上官网,8,1145.57,0.0,否
ORD2024061505147,2024-06-15,P0041,东北,线上第三方,10,759.8,0.0,否
ORD2024100308474,2024-10-03,P0299,华中,线上官网,3,112.6,0.0,否
ORD2024070805891,2024-07-08,P0028,华东,线下经销商,1,621.06,0.0,否
ORD2024100208456,2024-10-02,P0290,华中,线上第三方,1,11.35,0.0,否
ORD2024053104614,2024-05-31,P0394,华北,线上第三方,1,1475.4,0.0,否
ORD2024051103993,2024-05-11,P0091,华中,线下直营店,3,944.5,0.0,否
ORD2024120310483,2024-12-03,P0400,华中,企业团购,3,1265.04,0.22,否
ORD2024020401031,2024-02-04,P0367,华北,线下经销商,1,808.0,0.0,否
ORD2024112610269,2024-11-26,P0077,东北,线上第三方,1,2511.97,0.0,否
ORD2024031302221,2024-03-13,P0481,华中,线上第三方,2,1741.32,0.0,否
ORD2024050403775,2024-05-04,P0076,西南,线下经销商,2,3217.15,0.0,否
ORD2024091507931,2024-09-15,P0204,东北,线上第三方,2,220.97,0.0,否
ORD2024102209022,2024-10-22,P0330,西南,线上第三方,3,87.79,0.19,否
ORD2024022701756,2024-02-27,P0002,西北,线上官网,5,3382.35,0.0,否
ORD2024090407592,2024-09-04,P0323,华南,企业团购,1,200.0,0.0,否
ORD2024092708291,2024-09-27,P0296,华东,线上第三方,4,130.6,0.0,否
ORD2024052204328,2024-05-22,P0183,西北,线下经销商,5,549.68,0.0,否
ORD2024010400111,2024-01-04,P0456,西南,线下经销商,3,594.27,0.0,否
ORD2024081607031,2024-08-16,P0124,东北,线下直营店,3,993.79,0.0,否
ORD2024100108411,2024-10-01,P0254,东北,线下经销商,4,27.93,0.0,否
ORD2024040502918,2024-04-05,P0445,西南,线下经销商,6,825.3,0.0,否
ORD2024021901516,2024-02-19,P0307,华南,线上官网,3,70.58,0.0,否
ORD2024121110708,2024-12-11,P0274,华东,线下直营店,1,23.06,0.0,否
ORD2024120210444,2024-12-02,P0274,西南,线下经销商,1,23.38,0.0,否
ORD2024112610266,2024-11-26,P0100,华北,线上官网,4,2164.76,0.09,否
ORD2024110809531,2024-11-08,P0312,西南,线下经销商,1,93.36,0.12,否
ORD2024031402264,2024-03-14,P0274,东北,线下经销商,5,23.29,0.0,否
ORD2024111810037,2024-11-18,P0093,华中,企业团购,4,5065.95,0.26,否
ORD2024111109713,2024-11-11,P0183,华东,线上官网,8,581.13,0.1,否
ORD2024111109625,2024-11-11,P0135,西北,线上第三方,8,2083.68,0.0,否
ORD2024090807725,2024-09-08,P0283,华中,线下经销商,2,195.49,0.0,是
ORD2024013000894,2024-01-30,P0144,西南,线上官网,1,1276.19,0.0,否
ORD2024021901491,2024-02-19,P0487,华南,线下经销商,4,1578.79,0.0,否
ORD2024030101851,2024-03-01,P0126,东北,线上官网,2,483.26,0.0,否
ORD2024011200325,2024-01-12,P0492,东北,线下直营店,5,170.59,0.11,否
ORD2024021001216,2024-02-10,P0093,华中,企业团购,2,5143.15,0.0,否
ORD2024040602934,2024-04-06,P0365,西北,线下经销商,2,1121.59,0.0,否
ORD2024060304690,2024-06-03,P0086,华中,线下经销商,4,2624.84,0.0,否
ORD2024093008392,2024-09-30,P0214,华南,企业团购,3,1735.87,0.0,否
ORD2024092108115,2024-09-21,P0028,西南,线下直营店,1,637.4,0.0,否
ORD2024111109728,2024-11-11,P0071,华北,线下经销商,32,4647.69,0.0,否
ORD2024091507922,2024-09-15,P0494,东北,线下直营店,1,350.94,0.0,否
ORD2024122111018,2024-12-21,P0260,华东,企业团购,1,63.41,0.0,是
ORD2024020701130,2024-02-07,P0073,东北,线上官网,4,1724.01,0.12,否
ORD2024071806162,2024-07-18,P0295,华南,线下直营店,3,129.9,0.0,否
ORD2024040502919,2024-04-05,P0111,华北,线下直营店,2,141.03,0.12,否
ORD2024041103085,2024-04-11,P0131,华南,线下直营店,6,2221.32,0.0,否
ORD2024053104589,2024-05-31,P0417,华南,线上官网,4,1300.09,0.0,否
ORD2024052104305,2024-05-21,P0254,西北,线上官网,5,29.75,0.0,否
ORD2024040202796,2024-04-02,P0222,华中,线下经销商,1,351.53,0.11,否
ORD2024120210457,2024-12-02,P0035,华南,线下直营店,1,3338.48,0.0,是
ORD2024012700799,2024-01-27,P0100,华中,企业团购,1,2137.33,0.0,否
ORD2024012500735,2024-01-25,P0498,西南,线下经销商,1,1547.85,0.0,否
ORD2024080606729,2024-08-06,P0265,西北,线上第三方,1,94.29,0.25,否
ORD2024031402245,2024-03-14,P0284,华中,线下直营店,4,83.93,0.0,否
ORD2024010700179,2024-01-07,P0417,西北,线下直营店,1,1266.54,0.0,否
ORD2024102309067,2024-10-23,P0135,华南,线上官网,1,2238.55,0.27,否
ORD2024100708603,2024-10-07,P0383,华南,线下经销商,4,31.78,0.0,否
ORD2024020801175,2024-02-08,P0240,华中,线上官网,2,1023.52,0.0,否
ORD2024090207525,2024-09-02,P0398,华北,线下经销商,2,1345.39,0.0,否
ORD2024030101832,2024-03-01,P0368,华中,线上官网,2,964.66,0.0,否
ORD2024102709170,2024-10-27,P0249,华南,线上第三方,1,19.32,0.0,否
ORD2024062605527,2024-06-26,P0229,华南,线下直营店,4,219.6,0.15,否
ORD2024110509421,2024-11-05,P0312,东北,线下直营店,1,92.75,0.0,否
ORD2024022801782,2024-02-28,P0324,华中,线下经销商,3,109.57,0.0,否
ORD2024041503202,2024-04-15,P0192,华东,线下直营店,6,1049.24,0.0,否
ORD2024010700199,2024-01-07,P0027,华南,线下直营店,1,3803.83,0.0,否
ORD2024091307854,2024-09-13,P0013,华中,线下直营店,1,3001.73,0.0,否
ORD2024051404088,2024-05-14,P0371,西南,线上官网,4,1116.0,0.25,否
ORD2024011900549,2024-01-19,P0348,东北,线下直营店,3,42.84,0.0,否
ORD2024041903340,2024-04-19,P0057,东北,企业团购,2,4312.55,0.0,否
ORD2024121010692,2024-12-10,P0222,华东,线上官网,1,361.42,0.0,否
ORD2024110309391,2024-11-03,P0116,东北,线上官网,2,3414.91,0.0,否
ORD2024112810336,2024-11-28,P0196,西南,线上官网,2,464.32,0.0,否
ORD2024071606113,2024-07-16,P0417,华东,企业团购,5,1261.14,0.21,否
ORD2024032302533,2024-03-23,P0209,东北,线下经销商,1,1127.92,0.0,否
ORD2024031602315,2024-03-16,P0083,西北,线上官网,2,909.1,0.0,否
ORD2024093008380,2024-09-30,P0497,西南,线上官网,2,442.48,0.13,否
ORD2024102809198,2024-10-28,P0340,华北,企业团购,3,83.22,0.0,否
ORD2024110209354,2024-11-02,P0036,西南,企业团购,2,1188.2,0.27,否
ORD2024061505131,2024-06-15,P0157,西北,企业团购,10,1609.48,0.16,否
ORD2024010200067,2024-01-02,P0431,东北,线上第三方,4,553.48,0.0,否
ORD2024060404713,2024-06-04,P0442,西北,线下经销商,1,985.01,0.07,否
ORD2024041703261,2024-04-17,P0083,华东,线上官网,2,882.89,0.0,否
ORD2024061405034,2024-06-14,P0398,东北,线下经销商,5,1302.34,0.0,否
ORD2024032502573,2024-03-25,P0430,东北,线下经销商,4,1181.4,0.0,否
ORD2024082607326,2024-08-26,P0291,西北,线下直营店,4,36.21,0.0,否
ORD2024092108122,2024-09-21,P0332,东北,线下经销商,1,107.41,0.0,否
ORD2024012100623,2024-01-21,P0297,东北,企业团购,1,118.98,0.0,否
ORD2024022501682,2024-02-25,P0297,东北,线上第三方,1,126.56,0.0,否
ORD2024012700788,2024-01-27,P0256,华南,线下直营店,1,43.26,0.0,否
ORD2024041903333,2024-04-19,P0276,东北,线上第三方,4,202.67,0.0,否
ORD2024072506387,2024-07-25,P0211,华北,线上官网,5,622.94,0.0,否
ORD2024090507640,2024-09-05,P0299,华东,线下直营店,2,115.19,0.0,否
ORD2024041803281,2024-04-18,P0041,西南,线上第三方,2,714.85,0.0,否
ORD2024071506093,2024-07-15,P0238,东北,线上官网,4,560.87,0.12,否
ORD2024112510237,2024-11-25,P0070,华东,企业团购,1,4138.48,0.0,否
ORD2024061705246,2024-06-17,P0366,华中,线上第三方,1,972.68,0.0,否
ORD2024111109803,2024-11-11,P0096,西北,线下经销商,8,1372.59,0.0,否
ORD2024091808027,2024-09-18,P0356,西南,线上官网,2,32.37,0.17,否
ORD2024011600479,2024-01-16,P0217,东北,线下直营店,4,1150.35,0.0,否
ORD2024062505492,2024-06-25,P0085,华南,线下经销商,2,2280.85,0.0,否
ORD2024082607333,2024-08-26,P0372,华中,线下直营店,2,1281.99,0.0,否
ORD2024032802648,2024-03-28,P0339,华中,线下直营店,5,127.91,0.12,否
ORD2024111109624,2024-11-11,P0025,华南,线上官网,16,3639.56,0.0,否
ORD2024062205413,2024-06-22,P0245,华中,线上第三方,1,3008.67,0.0,否
ORD2024080206602,2024-08-02,P0461,西北,线下直营店,4,155.41,0.23,否
ORD2024020401034,2024-02-04,P0336,华南,线上第三方,3,194.14,0.0,是
ORD2024071306031,2024-07-13,P0267,西北,企业团购,1,125.15,0.0,否
ORD2024032602599,2024-03-26,P0233,华中,线下直营店,4,611.7,0.0,否
ORD2024062005332,2024-06-20,P0123,华东,线下直营店,1,2215.99,0.0,否
ORD2024082107198,2024-08-21,P0374,东北,线上第三方,1,767.86,0.0,否
ORD2024070705849,2024-07-07,P0410,西北,线上第三方,3,875.68,0.0,否
ORD2024011200345,2024-01-12,P0365,华南,线上第三方,1,1100.53,0.0,否
ORD2024062405466,2024-06-24,P0447,华东,企业团购,5,355.39,0.0,否
ORD2024030201872,2024-03-02,P0028,东北,企业团购,1,657.19,0.12,是
ORD2024081707068,2024-08-17,P0293,西南,企业团购,1,47.23,0.0,否
ORD2024072706429,2024-07-27,P0353,西北,线上第三方,1,29.25,0.0,否
ORD2024051103987,2024-05-11,P0263,西北,线下直营店,2,122.05,0.0,否
ORD2024121710882,2024-12-17,P0453,东北,线上官网,1,68.05,0.0,否
ORD2024040502889,2024-04-05,P0192,东北,企业团购,3,1126.49,0.0,否
ORD2024060104624,2024-06-01,P0358,东北,线上第三方,3,777.02,0.08,否
ORD2024060704819,2024-06-07,P0352,华北,企业团购,1,104.09,0.0,否
ORD2024010800221,2024-01-08,P0235,华南,线下经销商,5,2633.45,0.1,否
ORD2024120110413,2024-12-01,P0194,西南,线下直营店,1,1854.53,0.0,否
ORD2024122211050,2024-12-22,P0118,华北,线上官网,2,3143.51,0.07,否
ORD2024110509437,2024-11-05,P0104,西北,线上第三方,1,1766.73,0.0,否
ORD2024070905910,2024-07-09,P0348,西北,线上第三方,4,42.96,0.0,否
ORD2024070205701,2024-07-02,P0435,西北,线上官网,2,398.82,0.0,否
ORD2024071806179,2024-07-18,P0435,华东,企业团购,5,411.63,0.0,否
ORD2024051104017,2024-05-11,P0371,华北,线下直营店,1,1115.5,0.0,否
ORD2024112610296,2024-11-26,P0051,西南,线下经销商,4,3073.69,0.0,否
ORD2024051904249,2024-05-19,P0178,华南,企业团购,3,988.56,0.0,否
ORD2024112910374,2024-11-29,P0352,西南,企业团购,2,97.78,0.0,否
ORD2024100708583,2024-10-07,P0411,华北,线上官网,3,249.63,0.0,否
ORD2024110709502,2024-11-07,P0217,西南,线上第三方,1,1115.63,0.0,否
ORD2024082807384,2024-08-28,P0383,西南,企业团购,3,33.42,0.0,否
ORD2024021101265,2024-02-11,P0445,华中,线上第三方,1,827.68,0.0,否
ORD2024051904242,2024-05-19,P0460,西北,线上官网,3,563.9,0.0,否
ORD2024083107475,2024-08-31,P0044,东北,线上官网,1,1089.63,0.0,否
ORD2024112710303,2024-11-27,P0041,华东,线下经销商,2,728.56,0.0,否
ORD2024122611163,2024-12-26,P0284,华东,线下直营店,2,80.63,0.0,是
ORD2024071406046,2024-07-14,P0081,华南,企业团购,2,2578.48,0.0,否
ORD2024040402882,2024-04-04,P0180,华东,线下直营店,6,1360.66,0.0,否
ORD2024022501678,2024-02-25,P0309,西北,企业团购,1,183.43,0.0,否
ORD2024082907435,2024-08-29,P0255,华北,线上官网,4,177.93,0.0,否
ORD2024013000902,2024-01-30,P0420,东北,企业团购,5,1151.99,0.0,否
ORD2024112610287,2024-11-26,P0082,华东,线上第三方,2,693.59,0.2,否
ORD2024031602297,2024-03-16,P0147,东北,线上第三方,3,705.06,0.0,否
ORD2024092108120,2024-09-21,P0107,华东,线上第三方,1,1381.58,0.0,否
ORD2024062205397,2024-06-22,P0139,华东,线上第三方,1,283.99,0.0,否
ORD2024011100297,2024-01-11,P0110,华中,线下直营店,2,3941.77,0.0,否
ORD2024111509956,2024-11-15,P0459,西南,企业团购,1,1188.62,0.19,是
ORD2024051604154,2024-05-16,P0051,西北,线上第三方,4,3093.29,0.0,否
ORD2024063005636,2024-06-30,P0367,华中,线下直营店,1,816.12,0.0,否
ORD2024010100028,2024-01-01,P0002,西北,线上第三方,1,3098.91,0.0,否
ORD2024070105665,2024-07-01,P0411,东北,企业团购,4,257.26,0.0,否
ORD2024100108397,2024-10-01,P0224,华北,线下直营店,1,971.13,0.0,否
ORD2024050603830,2024-05-06,P0476,西南,线上第三方,4,1482.9,0.1,是
ORD2024090107517,2024-09-01,P0472,西北,线上官网,1,714.72,0.0,否
ORD2024041603249,2024-04-16,P0433,华南,企业团购,3,1113.36,0.0,否
ORD2024102008982,2024-10-20,P0121,西北,线上第三方,2,2824.08,0.0,否
ORD2024080406661,2024-08-04,P0028,华中,线下直营店,2,651.58,0.0,否
ORD2024032502581,2024-03-25,P0205,华北,线下直营店,5,349.97,0.0,否
ORD2024070105660,2024-07-01,P0375,西北,线下经销商,1,236.35,0.0,否
ORD2024081707061,2024-08-17,P0157,华中,线下直营店,1,1679.21,0.0,否
ORD2024082707372,2024-08-27,P0465,东北,线上官网,2,827.68,0.0,否
ORD2024021501371,2024-02-15,P0430,西南,线上官网,4,1181.99,0.0,否
ORD2024122611161,2024-12-26,P0322,西南,线上官网,2,89.28,0.07,是
ORD2024100708595,2024-10-07,P0392,西南,企业团购,1,259.29,0.0,否
ORD2024080406658,2024-08-04,P0254,华中,线下经销商,1,29.18,0.0,否
ORD2024071506070,2024-07-15,P0081,西北,线上第三方,5,2408.71,0.0,否
ORD2024012300682,2024-01-23,P0039,华南,线上第三方,1,316.37,0.0,是
ORD2024120510550,2024-12-05,P0383,华南,线上官网,1,31.45,0.16,否
ORD2024060604776,2024-06-06,P0433,华北,企业团购,5,1124.22,0.0,否
ORD2024041403160,2024-04-14,P0425,西南,线上第三方,1,310.86,0.0,否
ORD2024040802988,2024-04-08,P0029,华南,线上第三方,1,1130.93,0.0,否
ORD2024061004909,2024-06-10,P0496,华南,企业团购,2,1291.36,0.12,否
ORD2024030201883,2024-03-02,P0256,西南,线上官网,2,44.47,0.0,否
ORD2024061605221,2024-06-16,P0105,华中,线上第三方,2,4826.55,0.0,否
ORD2024090107509,2024-09-01,P0100,华中,企业团购,1,2140.61,0.0,否
ORD2024030401941,2024-03-04,P0022,华中,线上官网,4,4488.74,0.0,否
ORD2024041803297,2024-04-18,P0404,东北,企业团购,3,121.69,0.0,否
ORD2024042603535,2024-04-26,P0216,华中,线下直营店,6,1633.78,0.0,否
ORD2024050203730,2024-05-02,P0398,华中,企业团购,3,1355.99,0.0,否
ORD2024121710901,2024-12-17,P0145,西北,线下经销商,1,2223.49,0.0,否
ORD2024020901182,2024-02-09,P0392,东北,线上第三方,5,275.98,0.0,否
ORD2024021501376,2024-02-15,P0257,华北,企业团购,5,187.0,0.0,是
ORD2024061405015,2024-06-14,P0229,华南,线下经销商,5,227.0,0.0,否
ORD2024101308774,2024-10-13,P0319,西南,线下直营店,1,190.85,0.06,否
ORD2024070705862,2024-07-07,P0323,西南,线上第三方,1,206.42,0.0,否
ORD2024012200627,2024-01-22,P0054,东北,线上官网,2,4661.25,0.0,否
ORD2024060504759,2024-06-05,P0164,西北,线下经销商,1,382.88,0.0,否
ORD2024030902113,2024-03-09,P0271,西南,线上官网,1,35.25,0.0,否
ORD2024083107472,2024-08-31,P0444,华东,线上第三方,2,1123.45,0.0,否
ORD2024111710015,2024-11-17,P0032,华南,线下直营店,1,3300.46,0.0,否
ORD2024022701768,2024-02-27,P0253,东北,线下直营店,4,148.99,0.09,否
ORD2024112410205,2024-11-24,P0301,华中,线上官网,1,153.53,0.0,否
ORD2024051704181,2024-05-17,P0083,东北,线下直营店,4,898.54,0.0,否
ORD2024102709173,2024-10-27,P0074,西南,线上第三方,2,1997.98,0.21,否
ORD2024092408186,2024-09-24,P0055,东北,线下经销商,1,648.22,0.23,否
ORD2024021801463,2024-02-18,P0275,华北,企业团购,2,43.05,0.25,否
ORD2024040502888,2024-04-05,P0470,华南,线下经销商,4,182.06,0.0,是
ORD2024070105666,2024-07-01,P0068,东北,线下经销商,3,4914.64,0.0,否
ORD2024012400685,2024-01-24,P0004,华中,线下经销商,4,3250.89,0.0,否
ORD2024052904540,2024-05-29,P0394,西北,线下直营店,2,1415.54,0.0,否
ORD2024052804515,2024-05-28,P0086,西北,线上官网,3,2602.28,0.0,否
ORD2024101108720,2024-10-11,P0299,华南,线下经销商,3,113.32,0.0,否
ORD2024101808922,2024-10-18,P0464,华东,线下直营店,2,1096.13,0.0,否
ORD2024021501367,2024-02-15,P0191,西北,线上第三方,1,1454.57,0.0,否
ORD2024050803917,2024-05-08,P0337,华东,线下经销商,2,10.28,0.3,否
ORD2024122411104,2024-12-24,P0012,华南,线上官网,3,1189.74,0.0,否
ORD2024032702640,2024-03-27,P0048,华中,线下经销商,4,1621.25,0.0,否
ORD2024121110724,2024-12-11,P0249,西南,线下经销商,3,19.72,0.0,否
ORD2024112510239,2024-11-25,P0482,华南,线上官网,2,1089.6,0.0,否
ORD2024112910372,2024-11-29,P0339,华北,线下直营店,3,136.39,0.0,否
ORD2024031602301,2024-03-16,P0297,东北,线上第三方,3,118.41,0.29,否
ORD2024060604788,2024-06-06,P0251,华东,线上官网,1,92.17,0.13,否
ORD2024040602939,2024-04-06,P0153,华东,线上官网,1,1613.93,0.26,否
ORD2024091207839,2024-09-12,P0106,华北,线下直营店,3,3374.37,0.0,否
ORD2024111109814,2024-11-11,P0312,华南,企业团购,24,94.38,0.0,否
ORD2024121410796,2024-12-14,P0099,西南,线上第三方,2,2055.09,0.0,否
ORD2024030501980,2024-03-05,P0050,华南,线上第三方,1,2075.71,0.0,否
ORD2024050503804,2024-05-05,P0373,华北,线上第三方,1,1553.24,0.0,否
ORD2024052904535,2024-05-29,P0181,西北,企业团购,2,1913.04,0.0,否
ORD2024070605829,2024-07-06,P0026,华南,线下经销商,1,3204.24,0.0,否
ORD2024062705567,2024-06-27,P0224,东北,线下经销商,1,1030.05,0.0,否
ORD2024070805876,2024-07-08,P0153,西南,线上第三方,5,1683.54,0.0,否
ORD2024071506087,2024-07-15,P0385,华南,线下经销商,3,689.38,0.0,否
ORD2024100408511,2024-10-04,P0232,西南,线下经销商,1,2197.95,0.1,否
ORD2024060704801,2024-06-07,P0027,华东,线上第三方,5,3709.42,0.1,否
ORD2024031502281,2024-03-15,P0181,华东,线上第三方,3,2079.96,0.0,否
ORD2024070205704,2024-07-02,P0321,东北,企业团购,3,124.19,0.07,否
ORD2024062005334,2024-06-20,P0076,西南,线上官网,1,3034.0,0.0,否
ORD2024052704470,2024-05-27,P0394,华北,企业团购,4,1446.97,0.07,否
ORD2024061505134,2024-06-15,P0076,西南,线下直营店,5,3031.79,0.0,否
ORD2024020200999,2024-02-02,P0157,东北,线上官网,2,1704.55,0.0,是
ORD2024051504131,2024-05-15,P0041,华北,线上第三方,1,726.25,0.0,否
ORD2024061805267,2024-06-18,P0162,西北,线下直营店,1,1772.45,0.0,否
ORD2024091007787,2024-09-10,P0167,东北,线下经销商,1,813.84,0.23,否
ORD2024122411108,2024-12-24,P0108,华中,企业团购,3,1430.86,0.0,否
ORD2024022801785,2024-02-28,P0157,华北,线下经销商,5,1633.9,0.0,否
ORD2024041403183,2024-04-14,P0076,华南,线下直营店,1,3054.61,0.0,否
ORD2024111109823,2024-11-11,P0133,东北,线下经销商,32,2965.16,0.0,否
ORD2024011700495,2024-01-17,P0376,华东,线上第三方,4,1377.23,0.0,否
ORD2024070305731,2024-07-03,P0144,华东,企业团购,5,1271.75,0.0,否
ORD2024101408807,2024-10-14,P0008,东北,企业团购,2,2702.68,0.21,否
ORD2024111109777,2024-11-11,P0365,华南,线上第三方,32,1055.62,0.12,否
ORD2024040402861,2024-04-04,P0021,西北,企业团购,6,2064.13,0.0,否
ORD2024091507947,2024-09-15,P0317,西北,线上官网,1,34.61,0.0,否
ORD2024051204042,2024-05-12,P0259,华北,企业团购,2,198.81,0.2,否
ORD2024120710598,2024-12-07,P0045,华中,线上官网,1,2077.77,0.0,否
ORD2024040502898,2024-04-05,P0117,西北,线下经销商,6,3987.42,0.0,否
ORD2024011300367,2024-01-13,P0338,华东,线上官网,2,47.4,0.0,否
ORD2024012900850,2024-01-29,P0439,东北,线上官网,4,1325.5,0.0,否
ORD2024080506682,2024-08-05,P0494,华北,线上官网,3,365.11,0.0,是
ORD2024070105685,2024-07-01,P0152,华中,企业团购,4,2536.36,0.26,否
ORD2024090907747,2024-09-09,P0243,华南,线下直营店,3,692.28,0.0,否
ORD2024062605528,2024-06-26,P0053,西北,线下直营店,5,3202.71,0.27,否
ORD2024032802654,2024-03-28,P0232,华东,线上官网,1,2162.49,0.0,否
ORD2024042503504,2024-04-25,P0260,华北,线上第三方,4,59.8,0.0,否
ORD2024022001542,2024-02-20,P0211,西南,线下经销商,5,618.29,0.0,否
ORD2024110409409,2024-11-04,P0278,西南,线上官网,1,151.7,0.0,否
ORD2024111810053,2024-11-18,P0453,华南,线上第三方,1,68.32,0.0,否
ORD2024011200323,2024-01-12,P0022,西北,企业团购,4,4706.61,0.24,否
ORD2024030702032,2024-03-07,P0117,西南,线下直营店,1,3833.68,0.07,否
ORD2024080706740,2024-08-07,P0313,华南,线上官网,3,93.56,0.0,否
ORD2024012800814,2024-01-28,P0176,华中,线下经销商,1,247.99,0.0,否
ORD2024032302529,2024-03-23,P0468,华东,企业团购,2,352.15,0.0,否
ORD2024120810629,2024-12-08,P0001,华北,线上第三方,1,595.43,0.11,否
ORD2024070305740,2024-07-03,P0088,华中,线下经销商,1,3006.37,0.0,否
ORD2024120110421,2024-12-01,P0146,东北,线上第三方,1,847.77,0.0,否
ORD2024061805275,2024-06-18,P0265,西南,企业团购,5,98.1,0.19,否
ORD2024020501080,2024-02-05,P0498,西北,线上第三方,2,1660.03,0.0,否
ORD2024031302227,2024-03-13,P0378,西北,线上第三方,1,672.72,0.0,否
ORD2024122411123,2024-12-24,P0358,华北,线下直营店,1,776.68,0.0,否
ORD2024121910960,2024-12-19,P0385,华中,线下经销商,4,678.58,0.26,否
ORD2024033002706,2024-03-30,P0131,华南,线上官网,2,2172.33,0.12,否
ORD2024100308487,2024-10-03,P0003,华北,线上官网,2,506.2,0.0,否
ORD2024062405468,2024-06-24,P0257,东北,线下经销商,3,197.39,0.0,是
ORD2024020801165,2024-02-08,P0071,西北,线上官网,1,4639.83,0.0,否
ORD2024041703262,2024-04-17,P0483,西南,线下经销商,3,1635.13,0.05,否
ORD2024100908652,2024-10-09,P0491,西南,线下直营店,1,1055.08,0.0,否
ORD2024021701451,2024-02-17,P0224,东北,线上官网,1,967.76,0.13,否
ORD2024051804230,2024-05-18,P0283,东北,线下经销商,1,190.69,0.0,否
ORD2024050703863,2024-05-07,P0192,西北,线上官网,4,1136.33,0.0,否
ORD2024091207838,2024-09-12,P0183,西北,线下直营店,1,574.92,0.0,否
ORD2024102709162,2024-10-27,P0196,华中,线下直营店,1,448.77,0.0,否
ORD2024050803918,2024-05-08,P0100,华东,线下经销商,2,2201.45,0.0,否
ORD2024082007173,2024-08-20,P0484,华中,企业团购,2,251.68,0.05,否
ORD2024102909245,2024-10-29,P0460,华南,线上第三方,3,568.28,0.0,否
ORD2024100408497,2024-10-04,P0122,华东,线下直营店,1,4043.98,0.0,是
ORD2024092908355,2024-09-29,P0305,西北,线上第三方,2,67.9,0.0,否
ORD2024103009254,2024-10-30,P0445,西北,线下经销商,3,840.79,0.17,否
ORD2024051304057,2024-05-13,P0353,西南,线上官网,4,28.54,0.0,否
ORD2024121310779,2024-12-13,P0005,华北,线下直营店,1,4245.83,0.0,否
ORD2024040803000,2024-04-08,P0247,西南,线上官网,4,81.11,0.0,否
ORD2024112410226,2024-11-24,P0460,华南,线下经销商,2,530.91,0.0,否
ORD2024021001232,2024-02-10,P0308,华北,线上官网,1,192.62,0.11,否
ORD2024021901515,2024-02-19,P0486,西南,企业团购,2,686.47,0.0,否
ORD2024031602314,2024-03-16,P0419,西北,企业团购,3,678.72,0.0,否
ORD2024021701452,2024-02-17,P0425,华南,线上第三方,1,308.39,0.0,否
ORD2024070305719,2024-07-03,P0316,华北,线上官网,4,50.29,0.0,否
ORD2024082707365,2024-08-27,P0466,华南,企业团购,1,895.39,0.05,否
ORD2024111109665,2024-11-11,P0139,西南,线下经销商,8,295.51,0.0,否
ORD2024052204322,2024-05-22,P0260,东北,线下经销商,2,60.08,0.24,否
ORD2024111409918,2024-11-14,P0435,西北,企业团购,4,387.39,0.0,否
ORD2024012800839,2024-01-28,P0205,西北,线上第三方,1,342.73,0.0,否
ORD2024122811227,2024-12-28,P0220,华北,线下经销商,1,1898.07,0.24,否
ORD2024071005946,2024-07-10,P0376,华东,线下直营店,4,1356.07,0.0,否
ORD2024050803900,2024-05-08,P0234,西南,线上官网,5,1626.85,0.0,否
ORD2024111109632,2024-11-11,P0052,华东,企业团购,16,1341.73,0.0,否
ORD2024042703568,2024-04-27,P0138,华东,线下经销商,2,234.81,0.0,否
ORD2024120410500,2024-12-04,P0219,东北,线下直营店,3,2181.03,0.28,否
ORD2024041103088,2024-04-11,P0050,华中,线上官网,3,2112.62,0.0,否
ORD2024120710604,2024-12-07,P0289,东北,企业团购,1,79.3,0.0,否
ORD2024111109798,2024-11-11,P0459,华南,线下直营店,8,1120.16,0.17,否
ORD2024090107503,2024-09-01,P0239,东北,线下直营店,1,1902.39,0.0,否
ORD2024060304693,2024-06-03,P0322,华东,线上第三方,1,95.13,0.0,否
ORD2024022601715,2024-02-26,P0054,华东,线下直营店,1,4740.42,0.16,否
ORD2024052004271,2024-05-20,P0424,西南,线上官网,3,140.88,0.0,否
ORD2024011200340,2024-01-12,P0429,东北,线上第三方,3,1056.8,0.0,否
ORD2024120610563,2024-12-06,P0355,西南,线上第三方,3,14.02,0.0,否
ORD2024090507638,2024-09-05,P0186,西北,企业团购,2,477.04,0.0,否
ORD2024080206591,2024-08-02,P0036,西北,企业团购,2,1184.84,0.0,否
ORD2024102909229,2024-10-29,P0297,华北,线上第三方,1,126.9,0.0,否
ORD2024072306316,2024-07-23,P0004,华中,线下直营店,5,3049.99,0.0,否
ORD2024012000589,2024-01-20,P0401,华北,线上第三方,1,691.76,0.0,否
ORD2024042003366,2024-04-20,P0057,华南,线上官网,3,3913.85,0.06,否
ORD2024032802671,2024-03-28,P0406,西南,线上官网,1,1346.11,0.0,否
ORD2024042803590,2024-04-28,P0349,华南,线上官网,2,159.59,0.21,否
ORD2024010200035,2024-01-02,P0268,西北,线上官网,3,70.88,0.0,否
ORD2024010100029,2024-01-01,P0334,华北,线下直营店,4,56.65,0.0,否
ORD2024031902396,2024-03-19,P0343,东北,线下直营店,3,72.72,0.0,否
ORD2024070405754,2024-07-04,P0213,华东,线上官网,2,784.71,0.0,否
ORD2024070905900,2024-07-09,P0130,华南,线上官网,5,796.55,0.09,否
ORD2024031102171,2024-03-11,P0173,东北,线上第三方,2,1974.95,0.12,否
ORD2024121010687,2024-12-10,P0423,西南,线上官网,1,627.28,0.0,否
ORD2024071206005,2024-07-12,P0234,西南,线下经销商,2,1564.29,0.0,否
ORD2024013000890,2024-01-30,P0124,华南,线上第三方,2,1017.18,0.0,否
ORD2024050703879,2024-05-07,P0259,东北,线上官网,1,190.23,0.0,否
ORD2024041903323,2024-04-19,P0477,华南,线上官网,6,1959.05,0.0,否
ORD2024120910650,2024-12-09,P0266,华东,线下直营店,1,39.26,0.21,否
ORD2024042503515,2024-04-25,P0470,华中,线下经销商,1,177.69,0.0,否
ORD2024111109661,2024-11-11,P0085,西南,企业团购,24,2256.36,0.0,否
ORD2024110609456,2024-11-06,P0397,华北,线上官网,3,813.6,0.18,否
ORD2024081206912,2024-08-12,P0008,华中,企业团购,2,2562.51,0.0,否
ORD2024050203734,2024-05-02,P0180,东北,线下经销商,1,1298.91,0.15,是
ORD2024071406051,2024-07-14,P0014,华中,线下直营店,1,4787.74,0.0,否
ORD2024121210729,2024-12-12,P0201,华中,线上第三方,2,1647.17,0.0,否
ORD2024100808640,2024-10-08,P0026,华东,线下直营店,1,3149.25,0.0,否
ORD2024052904529,2024-05-29,P0138,华北,线下经销商,4,233.65,0.0,否
ORD2024022401655,2024-02-24,P0017,华北,线下直营店,1,1928.09,0.09,否
ORD2024110609484,2024-11-06,P0035,华北,线下经销商,3,3311.37,0.0,否
ORD2024111109786,2024-11-11,P0044,东北,线下直营店,8,1079.37,0.0,否
ORD2024010800224,2024-01-08,P0337,华北,线下直营店,3,10.86,0.0,否
ORD2024111109775,2024-11-11,P0390,东北,企业团购,24,1079.56,0.11,否
ORD2024070205703,2024-07-02,P0210,东北,线上第三方,2,1127.41,0.25,否
ORD2024051904240,2024-05-19,P0105,华北,线上官网,1,4389.75,0.0,否
ORD2024022201591,2024-02-22,P0351,西北,线上官网,5,84.07,0.0,否
ORD2024093008374,2024-09-30,P0286,东北,企业团购,3,137.61,0.0,否
ORD2024041703257,2024-04-17,P0135,华东,线上第三方,4,2166.8,0.0,否
ORD2024092708277,2024-09-27,P0448,东北,线上第三方,1,1091.95,0.28,否
ORD2024072906486,2024-07-29,P0373,华中,企业团购,4,1448.87,0.0,否
ORD2024031202182,2024-03-12,P0487,华北,企业团购,2,1460.18,0.0,否
ORD2024082507294,2024-08-25,P0216,西南,企业团购,1,1544.49,0.0,是
ORD2024100308476,2024-10-03,P0328,西南,线上官网,1,18.27,0.1,否
ORD2024110309392,2024-11-03,P0321,华东,线下经销商,1,129.46,0.0,否
ORD2024092208139,2024-09-22,P0453,华中,线上官网,1,64.52,0.0,否
ORD2024100608574,2024-10-06,P0143,东北,企业团购,1,784.91,0.24,否
ORD2024100308463,2024-10-03,P0116,华北,线下直营店,4,3525.21,0.0,否
ORD2024060704818,2024-06-07,P0338,华东,线上官网,2,48.98,0.0,否
ORD2024071806168,2024-07-18,P0277,西北,线下经销商,4,112.9,0.06,否
ORD2024072206292,2024-07-22,P0014,西南,企业团购,3,5019.57,0.06,否
ORD2024021001210,2024-02-10,P0486,华中,线上官网,1,673.2,0.0,否
ORD2024011500422,2024-01-15,P0213,华中,企业团购,1,780.93,0.0,否
ORD2024120410503,2024-12-04,P0360,华南,线上官网,1,947.42,0.0,否
ORD2024022601707,2024-02-26,P0288,华东,企业团购,4,45.64,0.0,否
ORD2024020801159,2024-02-08,P0493,华中,企业团购,2,1237.51,0.0,是
ORD2024031602307,2024-03-16,P0442,华中,线上官网,1,966.08,0.0,否
ORD2024011000274,2024-01-10,P0105,华南,线下直营店,4,4440.24,0.21,否
ORD2024010600172,2024-01-06,P0167,华东,线下经销商,1,855.31,0.26,否
ORD2024051003957,2024-05-10,P0426,西北,线上官网,3,132.56,0.0,否
ORD2024060904866,2024-06-09,P0152,华南,线下直营店,1,2558.14,0.0,否
ORD2024072106256,2024-07-21,P0404,华南,线上第三方,3,118.37,0.16,否
ORD2024041403189,2024-04-14,P0128,华南,线下经销商,1,2057.41,0.0,否
ORD2024022601726,2024-02-26,P0214,华南,线下经销商,3,1709.58,0.0,否
ORD2024062605525,2024-06-26,P0242,华北,线上第三方,2,825.62,0.0,否
ORD2024082407287,2024-08-24,P0012,华东,企业团购,1,1115.21,0.0,否
ORD2024022101565,2024-02-21,P0351,西南,线下直营店,2,77.12,0.09,否
ORD2024022801783,2024-02-28,P0353,华东,企业团购,3,28.7,0.0,否
ORD2024012900844,2024-01-29,P0430,东北,线上第三方,1,1183.39,0.0,否
ORD2024120710596,2024-12-07,P0129,华北,线上官网,2,1036.48,0.0,否
ORD2024112610291,2024-11-26,P0026,华中,线上第三方,3,3055.48,0.0,否
ORD2024013000905,2024-01-30,P0336,东北,线上第三方,2,195.29,0.0,否
ORD2024122611167,2024-12-26,P0367,华北,线上官网,3,860.8,0.0,否
ORD2024121910959,2024-12-19,P0209,华北,线下直营店,4,1149.13,0.14,否
ORD2024100508545,2024-10-05,P0084,华中,线下直营店,1,1053.18,0.0,否
ORD2024022001548,2024-02-20,P0179,华南,线下直营店,4,249.93,0.0,否
ORD2024030802081,2024-03-08,P0284,西北,线上官网,5,87.79,0.0,否
ORD2024080606734,2024-08-06,P0422,华东,线上第三方,1,1067.77,0.0,否
ORD2024051103986,2024-05-11,P0476,华中,线上第三方,1,1467.05,0.0,否
ORD2024092408198,2024-09-24,P0229,东北,线上第三方,4,226.37,0.0,否
ORD2024080706751,2024-08-07,P0099,西南,线下直营店,4,2036.93,0.0,否
ORD2024091607950,2024-09-16,P0429,西南,线上官网,1,1078.95,0.0,否
ORD2024092808317,2024-09-28,P0342,东北,线下经销商,1,66.32,0.23,否
ORD2024103109295,2024-10-31,P0351,华东,线上第三方,2,84.12,0.0,否
ORD2024090307580,2024-09-03,P0398,西北,线下直营店,3,1422.58,0.0,否
ORD2024050503821,2024-05-05,P0311,华东,企业团购,2,68.3,0.1,否
ORD2024091808009,2024-09-18,P0083,华东,企业团购,1,931.55,0.0,否
ORD2024032802647,2024-03-28,P0213,西南,线上官网,4,739.97,0.0,否
ORD2024070305730,2024-07-03,P0025,华南,线上第三方,1,3646.86,0.0,否
ORD2024101008693,2024-10-10,P0307,西南,线上第三方,2,68.74,0.0,否
ORD2024080106573,2024-08-01,P0122,西北,线下直营店,2,4291.82,0.0,否
ORD2024011000257,2024-01-10,P0359,华南,线下经销商,4,1041.6,0.0,否
ORD2024100708601,2024-10-07,P0032,西北,企业团购,3,3387.15,0.29,否
ORD2024052304351,2024-05-23,P0404,华东,企业团购,3,115.75,0.0,否
ORD2024091107801,2024-09-11,P0486,华南,企业团购,1,633.27,0.0,否
ORD2024031102156,2024-03-11,P0398,华东,线下直营店,4,1345.42,0.0,否
ORD2024092708283,2024-09-27,P0437,西北,线上第三方,3,1198.86,0.0,否
ORD2024111910077,2024-11-19,P0390,华中,线下经销商,4,1105.72,0.0,否
ORD2024050203716,2024-05-02,P0363,西北,线下经销商,4,1410.09,0.0,否
ORD2024051304058,2024-05-13,P0302,东北,线下经销商,4,76.75,0.18,否
ORD2024092708297,2024-09-27,P0035,西北,企业团购,1,3353.15,0.0,否
ORD2024110409403,2024-11-04,P0235,东北,企业团购,1,2585.17,0.0,否
ORD2024120510537,2024-12-05,P0015,华北,线上官网,1,3807.76,0.0,否
ORD2024070305744,2024-07-03,P0068,华中,企业团购,3,4997.27,0.0,否
ORD2024041203103,2024-04-12,P0434,华东,线上官网,3,623.04,0.0,否
ORD2024011900559,2024-01-19,P0200,西北,线下直营店,3,2806.6,0.0,否
ORD2024071005938,2024-07-10,P0028,华东,线上官网,3,661.1,0.05,否
ORD2024100308489,2024-10-03,P0014,华东,线上官网,1,4989.02,0.0,否
ORD2024021701437,2024-02-17,P0130,华北,企业团购,3,778.87,0.11,否
ORD2024011700508,2024-01-17,P0486,华中,线上第三方,3,626.99,0.09,否
ORD2024061805276,2024-06-18,P0396,东北,线上官网,3,1129.15,0.0,否
ORD2024052704473,2024-05-27,P0280,华南,线下经销商,2,78.26,0.0,是
ORD2024030201870,2024-03-02,P0483,华中,线上第三方,2,1648.68,0.0,是
ORD2024070405772,2024-07-04,P0308,西南,线下直营店,2,180.14,0.0,否
ORD2024012600756,2024-01-26,P0396,华中,线下直营店,5,1142.09,0.24,是
ORD2024101408817,2024-10-14,P0367,华中,线下直营店,3,811.21,0.0,否
ORD2024051204051,2024-05-12,P0337,西北,线下直营店,3,10.99,0.0,否
ORD2024122811235,2024-12-28,P0003,华东,线上第三方,2,498.23,0.0,是
ORD2024050603837,2024-05-06,P0216,华南,线上官网,1,1571.27,0.0,否
ORD2024052404387,2024-05-24,P0482,东北,企业团购,1,1121.1,0.0,否
ORD2024071206002,2024-07-12,P0051,华中,线上第三方,4,3184.11,0.0,否
ORD2024031002119,2024-03-10,P0483,华北,线下经销商,2,1581.14,0.27,否
ORD2024091407896,2024-09-14,P0488,华北,线上第三方,1,802.84,0.19,否
ORD2024012500730,2024-01-25,P0421,华中,线下直营店,1,293.1,0.0,否
ORD2024011700502,2024-01-17,P0238,华东,企业团购,4,593.76,0.17,否
ORD2024102109002,2024-10-21,P0322,华北,线下直营店,1,95.2,0.0,否
ORD2024091908041,2024-09-19,P0169,西南,企业团购,3,1528.99,0.0,否
ORD2024111209868,2024-11-12,P0449,华中,线下直营店,1,915.53,0.0,否
ORD2024022001540,2024-02-20,P0201,西南,线上官网,3,1643.71,0.11,否
ORD2024091307883,2024-09-13,P0185,华南,企业团购,1,843.42,0.0,否
ORD2024021001212,2024-02-10,P0107,华中,线下经销商,2,1341.38,0.0,否
ORD2024112810335,2024-11-28,P0260,东北,线下经销商,2,58.81,0.0,否
ORD2024012300673,2024-01-23,P0456,华东,企业团购,4,614.91,0.0,否
ORD2024061004916,2024-06-10,P0095,华南,线下经销商,2,3555.79,0.11,否
ORD2024062705562,2024-06-27,P0468,西北,线上官网,5,344.88,0.0,否
ORD2024042103378,2024-04-21,P0173,东北,线下经销商,3,2070.42,0.0,否
ORD2024052704477,2024-05-27,P0488,华北,线下直营店,1,794.63,0.0,否
ORD2024111509962,2024-11-15,P0301,华中,线上第三方,3,159.41,0.18,否
ORD2024021801465,2024-02-18,P0440,西北,线下直营店,1,1342.23,0.09,否
ORD2024060504746,2024-06-05,P0071,西南,线上第三方,3,4515.65,0.0,否
ORD2024112010115,2024-11-20,P0046,东北,线上第三方,4,4943.49,0.08,否
ORD2024020901193,2024-02-09,P0218,华东,线上官网,3,388.09,0.0,否
ORD2024050503794,2024-05-05,P0332,西北,线下直营店,1,106.17,0.09,否
ORD2024030201873,2024-03-02,P0020,西北,线下直营店,1,3691.16,0.0,否
ORD2024042803591,2024-04-28,P0459,华北,企业团购,1,1190.85,0.0,否
ORD2024041403159,2024-04-14,P0026,西南,线下经销商,1,3002.49,0.0,否
ORD2024110109326,2024-11-01,P0465,西北,线下直营店,2,788.64,0.0,否
ORD2024011700506,2024-01-17,P0049,华东,企业团购,4,4424.25,0.0,否
ORD2024010900244,2024-01-09,P0158,西南,企业团购,4,2330.57,0.26,否
ORD2024011700507,2024-01-17,P0172,西北,线上第三方,3,2176.51,0.0,否
ORD2024103109280,2024-10-31,P0400,华北,线下直营店,1,1332.36,0.0,否
ORD2024100108407,2024-10-01,P0265,华中,线下直营店,2,94.97,0.0,否
ORD2024121410794,2024-12-14,P0156,西南,线上第三方,2,968.96,0.0,否
ORD2024110909549,2024-11-09,P0415,东北,线下直营店,1,1361.11,0.0,否
ORD2024071206011,2024-07-12,P0390,东北,线下经销商,4,1079.21,0.0,否
ORD2024072706434,2024-07-27,P0255,西北,线下经销商,1,177.13,0.0,否
ORD2024022801774,2024-02-28,P0349,华东,线下直营店,3,171.4,0.28,否
ORD2024062705545,2024-06-27,P0368,华东,线下直营店,2,993.93,0.0,否
ORD2024082407290,2024-08-24,P0081,西南,线上官网,2,2542.59,0.0,否
ORD2024100708608,2024-10-07,P0143,华中,企业团购,1,785.54,0.0,否
ORD2024103009270,2024-10-30,P0491,华中,线上第三方,1,1018.03,0.0,否
ORD2024012700798,2024-01-27,P0153,华南,线上第三方,1,1698.57,0.0,否
ORD2024042903619,2024-04-29,P0064,西南,线下经销商,6,232.49,0.0,否
ORD2024031902382,2024-03-19,P0486,西南,线上第三方,1,655.76,0.07,否
ORD2024040302830,2024-04-03,P0186,华中,企业团购,3,483.88,0.0,否
ORD2024120610564,2024-12-06,P0369,华中,线上官网,3,496.1,0.0,否
ORD2024121810919,2024-12-18,P0372,华南,线下经销商,1,1293.57,0.0,否
ORD2024060104634,2024-06-01,P0016,华中,线上第三方,1,387.31,0.0,否
ORD2024011100313,2024-01-11,P0217,华北,线下直营店,2,1083.9,0.29,否
ORD2024012600747,2024-01-26,P0195,华南,线上官网,1,392.4,0.0,否
ORD2024042703570,2024-04-27,P0178,西北,线上官网,3,967.82,0.0,否
ORD2024012700791,2024-01-27,P0375,西南,线下经销商,1,232.07,0.0,否
ORD2024032202477,2024-03-22,P0072,西南,线上第三方,5,3831.31,0.0,否
ORD2024120610573,2024-12-06,P0089,华北,线下直营店,2,3518.42,0.0,否
ORD2024032502571,2024-03-25,P0053,西北,线下直营店,5,3344.12,0.0,否
ORD2024111810036,2024-11-18,P0321,华南,企业团购,3,129.94,0.0,否
ORD2024080606715,2024-08-06,P0367,西南,线下经销商,2,811.34,0.0,否
ORD2024052304356,2024-05-23,P0220,华东,线下经销商,3,1988.89,0.0,否
ORD2024031102164,2024-03-11,P0157,华北,线上第三方,2,1667.99,0.1,否
ORD2024092808324,2024-09-28,P0009,华北,线下直营店,1,3058.45,0.0,否
ORD2024092208135,2024-09-22,P0408,华中,企业团购,1,202.82,0.0,否
ORD2024011400381,2024-01-14,P0105,华东,线下经销商,3,4669.31,0.0,是
ORD2024091107822,2024-09-11,P0408,华中,企业团购,1,191.5,0.0,否
ORD2024021201293,2024-02-12,P0060,西北,线下直营店,2,995.81,0.0,否
ORD2024030301913,2024-03-03,P0367,东北,企业团购,1,841.31,0.0,否
ORD2024070805883,2024-07-08,P0110,华北,线下直营店,4,3997.78,0.0,否
ORD2024012100600,2024-01-21,P0005,华北,线下经销商,1,4316.4,0.0,否
ORD2024050803893,2024-05-08,P0478,华中,线下直营店,3,1122.42,0.0,否
ORD2024051604142,2024-05-16,P0465,华中,线上第三方,5,795.75,0.17,否
ORD2024092008078,2024-09-20,P0290,华南,线下经销商,2,11.01,0.0,否
ORD2024022401653,2024-02-24,P0102,华北,线下直营店,1,4195.66,0.0,是
ORD2024080606735,2024-08-06,P0143,华中,线下直营店,1,828.2,0.0,否
ORD2024030301894,2024-03-03,P0078,华南,线上官网,1,2192.56,0.0,否
ORD2024030401945,2024-03-04,P0346,华中,线下直营店,4,135.2,0.2,否
ORD2024042103396,2024-04-21,P0184,华南,线下经销商,1,716.79,0.0,否
ORD2024081707059,2024-08-17,P0060,东北,线下经销商,2,1079.12,0.0,否
ORD2024052304363,2024-05-23,P0171,华东,线下经销商,5,1182.11,0.0,否
ORD2024122211067,2024-12-22,P0076,华北,线下直营店,1,3091.59,0.0,否
ORD2024011400376,2024-01-14,P0391,西北,企业团购,1,951.86,0.0,否
ORD2024030501967,2024-03-05,P0486,西北,企业团购,5,676.54,0.0,否
ORD2024051003958,2024-05-10,P0255,华东,企业团购,4,183.37,0.29,否
ORD2024120310481,2024-12-03,P0082,西南,线下经销商,1,679.12,0.0,否
ORD2024052504424,2024-05-25,P0425,华东,企业团购,1,297.3,0.0,否
ORD2024062005352,2024-06-20,P0470,华南,企业团购,4,185.24,0.0,否
ORD2024021101244,2024-02-11,P0105,华东,线上第三方,1,4589.07,0.0,否
ORD2024081106871,2024-08-11,P0303,西北,线下直营店,1,137.87,0.0,否
ORD2024112310197,2024-11-23,P0111,华中,线上官网,1,138.84,0.0,否
ORD2024070505800,2024-07-05,P0117,华东,线上第三方,1,3831.12,0.0,否
ORD2024080406654,2024-08-04,P0288,东北,企业团购,2,46.33,0.08,否
ORD2024080906823,2024-08-09,P0089,西南,线下直营店,2,3453.54,0.24,是
ORD2024021801472,2024-02-18,P0041,华东,线下经销商,3,713.68,0.0,否
ORD2024042003347,2024-04-20,P0156,西南,线上第三方,3,987.67,0.0,否
ORD2024052804523,2024-05-28,P0442,东北,线下直营店,4,950.9,0.2,否
ORD2024091908035,2024-09-19,P0160,华南,线下经销商,2,1870.03,0.23,否
ORD2024040402854,2024-04-04,P0181,华中,线上官网,2,1924.18,0.16,否
ORD2024052804507,2024-05-28,P0192,华北,线下经销商,3,1120.7,0.0,否
ORD2024121210743,2024-12-12,P0016,华北,线下经销商,1,389.91,0.0,否
ORD2024112310187,2024-11-23,P0259,华北,线下直营店,1,196.27,0.09,否
ORD2024122211073,2024-12-22,P0279,华中,线下经销商,1,153.37,0.0,否
ORD2024051204046,2024-05-12,P0312,华东,线上官网,3,92.51,0.0,否
ORD2024051304063,2024-05-13,P0037,华东,线上官网,2,2841.53,0.0,否
ORD2024062005327,2024-06-20,P0111,华南,线下直营店,2,148.21,0.23,否
ORD2024091808014,2024-09-18,P0458,华北,企业团购,1,129.28,0.0,否
ORD2024071806180,2024-07-18,P0268,华南,企业团购,5,73.09,0.0,否
ORD2024052104307,2024-05-21,P0477,西北,企业团购,1,1991.73,0.22,否
ORD2024061505140,2024-06-15,P0216,华北,线下经销商,5,1539.37,0.0,否
ORD2024072206278,2024-07-22,P0457,东北,线上第三方,1,761.78,0.0,是
ORD2024102509123,2024-10-25,P0053,东北,企业团购,2,3361.05,0.28,否
ORD2024080906803,2024-08-09,P0473,华东,线上官网,1,1726.8,0.3,否
ORD2024051103991,2024-05-11,P0321,东北,线下直营店,2,134.82,0.0,否
ORD2024020401050,2024-02-04,P0203,华北,企业团购,1,1797.16,0.09,否
ORD2024093008365,2024-09-30,P0366,华中,线上第三方,1,958.54,0.0,否
ORD2024122911251,2024-12-29,P0240,华东,线下经销商,2,1101.17,0.0,否
ORD2024102409085,2024-10-24,P0157,华南,线下直营店,2,1589.2,0.0,否
ORD2024030702036,2024-03-07,P0326,东北,企业团购,3,151.8,0.0,否
ORD2024051204040,2024-05-12,P0445,华南,线下直营店,2,816.58,0.2,否
ORD2024101308787,2024-10-13,P0144,华中,线上官网,1,1256.93,0.0,否
ORD2024080506686,2024-08-05,P0397,西北,线下直营店,3,800.63,0.0,是
ORD2024120710606,2024-12-07,P0360,华中,线上官网,1,913.25,0.0,否
ORD2024030501973,2024-03-05,P0041,华东,线下经销商,5,739.12,0.0,否
ORD2024092808306,2024-09-28,P0081,东北,线下直营店,1,2447.43,0.0,否
ORD2024030902100,2024-03-09,P0142,东北,线上官网,2,2018.09,0.0,否
ORD2024021901500,2024-02-19,P0328,西北,线下直营店,4,18.07,0.0,否
ORD2024061605206,2024-06-16,P0214,华中,线下经销商,3,1803.7,0.0,否
ORD2024101208733,2024-10-12,P0267,华中,企业团购,1,124.45,0.0,否
ORD2024012200653,2024-01-22,P0090,东北,线上第三方,5,78.05,0.0,否
ORD2024010600171,2024-01-06,P0131,西南,线上官网,1,2316.19,0.0,否
ORD2024051404086,2024-05-14,P0421,西北,线下经销商,1,276.41,0.0,否
ORD2024010900243,2024-01-09,P0200,西北,线下经销商,1,2909.97,0.0,否
ORD2024082707347,2024-08-27,P0330,华东,线下经销商,4,89.32,0.0,否
ORD2024052404372,2024-05-24,P0088,华南,线上官网,2,2945.78,0.0,否
ORD2024022401645,2024-02-24,P0360,西南,企业团购,3,885.01,0.0,否
ORD2024062805595,2024-06-28,P0342,华中,线下经销商,3,65.54,0.0,否
ORD2024033102757,2024-03-31,P0404,华北,线上第三方,3,112.01,0.0,否
ORD2024100508526,2024-10-05,P0477,华东,线上第三方,1,2056.87,0.26,否
ORD2024092508236,2024-09-25,P0173,东北,企业团购,4,2048.86,0.0,否
ORD2024061705232,2024-06-17,P0204,西北,线下经销商,4,216.36,0.0,否
ORD2024030802077,2024-03-08,P0496,华南,线下经销商,5,1290.1,0.0,否
ORD2024051404104,2024-05-14,P0472,华南,线下直营店,4,705.26,0.0,否
ORD2024121510834,2024-12-15,P0089,西南,线上第三方,1,3514.25,0.0,否
ORD2024091908038,2024-09-19,P0316,西北,线下直营店,4,50.89,0.0,否
ORD2024060704802,2024-06-07,P0214,西南,线上第三方,2,1677.46,0.0,否
ORD2024090907767,2024-09-09,P0181,东北,企业团购,2,1922.88,0.0,否
ORD2024090507632,2024-09-05,P0425,华北,企业团购,1,295.22,0.0,否
ORD2024110409399,2024-11-04,P0497,西北,线下经销商,2,452.43,0.0,否
ORD2024090207533,2024-09-02,P0368,华中,企业团购,1,1048.82,0.0,否
ORD2024071906201,2024-07-19,P0433,华南,线上官网,5,1109.29,0.0,否
ORD2024120810627,2024-12-08,P0247,华中,线上第三方,2,81.8,0.0,否
ORD2024071606099,2024-07-16,P0119,华南,线上第三方,3,4938.21,0.0,否
ORD2024110309381,2024-11-03,P0165,西南,线上官网,1,900.61,0.0,否
ORD2024070405769,2024-07-04,P0241,东北,线下直营店,3,2810.68,0.0,否
ORD2024110509430,2024-11-05,P0054,华中,线上官网,2,4920.92,0.0,否
ORD2024060204662,2024-06-02,P0242,西南,线下直营店,1,876.61,0.16,否
ORD2024051304079,2024-05-13,P0390,华中,线上第三方,4,1168.14,0.0,否
ORD2024110909575,2024-11-09,P0401,东北,线上官网,2,659.01,0.19,否
ORD2024012200641,2024-01-22,P0256,华南,线上第三方,4,45.82,0.0,否
ORD2024021101271,2024-02-11,P0012,华东,线上官网,1,1166.35,0.0,否
ORD2024040102779,2024-04-01,P0020,东北,线上官网,1,3532.88,0.0,否
ORD2024080806779,2024-08-08,P0186,东北,企业团购,3,499.43,0.0,否
ORD2024061104933,2024-06-11,P0095,华南,线下直营店,5,3470.49,0.0,否
ORD2024030501986,2024-03-05,P0002,华东,线下直营店,1,3404.39,0.0,否
ORD2024050703862,2024-05-07,P0039,华东,线下直营店,5,331.26,0.0,否
ORD2024042403481,2024-04-24,P0412,东北,线上官网,4,1038.87,0.0,否
ORD2024022001535,2024-02-20,P0369,华南,企业团购,1,489.56,0.0,否
ORD2024011200326,2024-01-12,P0235,华东,线下经销商,4,2682.11,0.14,否
ORD2024031702339,2024-03-17,P0256,华南,线下直营店,2,42.97,0.0,否
ORD2024051003981,2024-05-10,P0290,东北,企业团购,2,11.1,0.0,否
ORD2024100408523,2024-10-04,P0156,华北,线下经销商,2,945.05,0.0,否
ORD2024071406067,2024-07-14,P0422,西南,线下经销商,1,1083.07,0.0,否
ORD2024051304055,2024-05-13,P0343,华南,线上第三方,1,79.21,0.0,否
ORD2024031302238,2024-03-13,P0185,华南,企业团购,5,804.64,0.0,是
ORD2024061705230,2024-06-17,P0292,西南,线上官网,4,159.72,0.0,否
ORD2024100908655,2024-10-09,P0283,西南,线下经销商,2,201.73,0.0,否
ORD2024053004572,2024-05-30,P0323,华北,企业团购,2,194.23,0.08,否
ORD2024121910956,2024-12-19,P0055,华南,企业团购,1,681.62,0.0,否
ORD2024062405475,2024-06-24,P0178,华南,线下经销商,5,1037.74,0.0,否
ORD2024090807717,2024-09-08,P0266,东北,线上第三方,1,38.61,0.0,否
ORD2024012900865,2024-01-29,P0100,西北,线下经销商,4,2245.79,0.0,否
ORD2024082607319,2024-08-26,P0187,西北,线上第三方,1,2874.43,0.0,否
ORD2024061104943,2024-06-11,P0078,华北,线上第三方,1,2191.72,0.1,否
ORD2024101508826,2024-10-15,P0292,华北,线上官网,2,160.28,0.0,否
ORD2024091908061,2024-09-19,P0362,西南,线上官网,1,1258.97,0.28,否
ORD2024011300372,2024-01-13,P0427,华东,企业团购,1,726.34,0.0,否
ORD2024092008087,2024-09-20,P0463,东北,线下直营店,4,468.55,0.0,否
ORD2024082007153,2024-08-20,P0288,西南,线下直营店,3,48.33,0.0,否
ORD2024082707363,2024-08-27,P0099,西南,企业团购,2,2133.31,0.0,否
ORD2024123011277,2024-12-30,P0220,华北,线上第三方,2,2027.58,0.0,否
ORD2024111209876,2024-11-12,P0465,华中,线下直营店,4,836.25,0.0,否
ORD2024090307584,2024-09-03,P0072,西南,线上第三方,4,4099.22,0.0,否
ORD2024120510524,2024-12-05,P0102,华南,线上官网,2,4337.89,0.14,否
ORD2024092608252,2024-09-26,P0216,东北,线上官网,3,1525.48,0.0,否
ORD2024031802365,2024-03-18,P0343,西北,线上官网,4,73.54,0.0,否
ORD2024041503214,2024-04-15,P0180,华中,线上官网,3,1389.18,0.0,否
ORD2024062405457,2024-06-24,P0122,西南,线下直营店,4,4046.57,0.0,否
ORD2024013100912,2024-01-31,P0233,华南,线下经销商,2,672.22,0.18,否
ORD2024112510250,2024-11-25,P0478,华北,线上第三方,2,1144.43,0.0,否
ORD2024111209885,2024-11-12,P0122,西北,线下经销商,3,3935.07,0.0,否
ORD2024050403790,2024-05-04,P0339,西南,线上第三方,3,139.36,0.05,否
ORD2024092708295,2024-09-27,P0395,华南,企业团购,4,1112.62,0.0,否
ORD2024111109840,2024-11-11,P0448,华中,线上第三方,8,1123.84,0.0,否
ORD2024062805582,2024-06-28,P0070,华东,线上第三方,2,4214.67,0.13,否
ORD2024092708299,2024-09-27,P0453,华中,线下直营店,1,64.28,0.0,否
ORD2024090507643,2024-09-05,P0378,西北,线下直营店,3,626.05,0.17,否
ORD2024061505061,2024-06-15,P0263,华南,线下直营店,5,124.77,0.25,是
ORD2024021701424,2024-02-17,P0241,华南,线下直营店,2,2612.99,0.0,否
ORD2024122411106,2024-12-24,P0267,华中,企业团购,1,134.13,0.0,否
ORD2024011700480,2024-01-17,P0435,华东,线下直营店,2,411.95,0.0,否
ORD2024012300663,2024-01-23,P0404,东北,线上官网,5,112.11,0.0,否
ORD2024070405764,2024-07-04,P0424,东北,线上第三方,3,138.44,0.0,否
ORD2024112310181,2024-11-23,P0160,华南,线下经销商,1,1914.06,0.15,否
ORD2024102909216,2024-10-29,P0298,西南,线上官网,1,115.22,0.0,否
ORD2024040802989,2024-04-08,P0034,华南,线下经销商,2,159.73,0.0,否
ORD2024020701120,2024-02-07,P0260,华东,线下经销商,1,62.71,0.0,否
ORD2024040102777,2024-04-01,P0177,华南,线上第三方,6,260.45,0.0,是
ORD2024052904536,2024-05-29,P0013,西南,线上第三方,2,3208.18,0.0,否
ORD2024111910069,2024-11-19,P0487,西北,企业团购,3,1508.64,0.09,否
ORD2024122311100,2024-12-23,P0225,西南,线下直营店,1,1258.34,0.0,否
ORD2024072706437,2024-07-27,P0354,华东,线上第三方,1,80.62,0.0,否
ORD2024110309378,2024-11-03,P0172,华南,线下直营店,1,2083.77,0.0,否
ORD2024111810034,2024-11-18,P0291,西南,线上第三方,3,33.99,0.0,否
ORD2024100708609,2024-10-07,P0185,西南,线下经销商,2,778.76,0.0,否
ORD2024062805574,2024-06-28,P0173,东北,线下直营店,2,1984.63,0.0,否
ORD2024061805270,2024-06-18,P0313,西北,线上第三方,5,93.78,0.0,否
ORD2024052504428,2024-05-25,P0296,华东,线下直营店,2,133.73,0.0,否
ORD2024101508846,2024-10-15,P0124,华中,企业团购,2,1011.99,0.0,否
ORD2024061705248,2024-06-17,P0222,华南,线下经销商,4,362.91,0.0,否
ORD2024071706154,2024-07-17,P0092,华中,线上官网,1,4445.87,0.0,否
ORD2024051003982,2024-05-10,P0044,华东,线上第三方,2,1055.6,0.0,否
ORD2024092208158,2024-09-22,P0072,西北,线上官网,1,3865.86,0.0,否
ORD2024040502894,2024-04-05,P0204,华南,线上第三方,2,232.3,0.0,否
ORD2024032802670,2024-03-28,P0132,东北,线下直营店,1,1567.07,0.08,否
ORD2024051003978,2024-05-10,P0035,西北,线上官网,1,3140.07,0.0,否
ORD2024112310198,2024-11-23,P0011,华东,企业团购,2,1901.15,0.17,否
ORD2024011000280,2024-01-10,P0114,华北,企业团购,5,2791.7,0.0,否
ORD2024101908952,2024-10-19,P0383,华北,线上第三方,1,30.86,0.0,否
ORD2024100208427,2024-10-02,P0220,西南,企业团购,2,1976.13,0.0,否
ORD2024091207840,2024-09-12,P0270,华中,企业团购,1,143.98,0.18,否
ORD2024100708607,2024-10-07,P0253,西北,线上官网,4,157.23,0.0,否
ORD2024061605198,2024-06-16,P0296,西南,线下经销商,1,129.65,0.0,否
ORD2024083007445,2024-08-30,P0182,西南,线下直营店,4,1163.01,0.0,否
ORD2024022501695,2024-02-25,P0200,东北,线上第三方,1,2785.31,0.0,否
ORD2024112010101,2024-11-20,P0268,华东,线上官网,1,72.31,0.0,否
ORD2024061405019,2024-06-14,P0283,华北,线下直营店,4,187.66,0.0,否
ORD2024042403480,2024-04-24,P0164,西北,线上官网,3,394.52,0.3,否
ORD2024062705555,2024-06-27,P0103,华中,线上官网,5,4360.6,0.0,否
ORD2024052504417,2024-05-25,P0098,西北,线下经销商,1,423.89,0.0,否
ORD2024120610552,2024-12-06,P0094,西北,线上官网,2,3893.51,0.0,否
ORD2024051604156,2024-05-16,P0355,西南,线上官网,1,13.46,0.0,否
ORD2024060904884,2024-06-09,P0469,华北,企业团购,1,304.5,0.0,否
ORD2024091607961,2024-09-16,P0440,华北,线下经销商,2,1280.03,0.0,否
ORD2024081006867,2024-08-10,P0202,华中,企业团购,2,1114.98,0.0,否
ORD2024111109768,2024-11-11,P0499,华南,线上第三方,8,552.02,0.0,否
ORD2024102309045,2024-10-23,P0470,华东,企业团购,1,174.1,0.0,否
ORD2024052104297,2024-05-21,P0437,华南,企业团购,1,1220.85,0.0,否
ORD2024070905913,2024-07-09,P0342,华中,企业团购,2,65.44,0.0,否
ORD2024060304684,2024-06-03,P0499,东北,线下直营店,2,557.22,0.0,否
ORD2024110809542,2024-11-08,P0213,西南,线下直营店,3,731.1,0.0,否
ORD2024122211059,2024-12-22,P0270,华南,线下经销商,2,142.44,0.0,否
ORD2024062805594,2024-06-28,P0396,华北,企业团购,5,1114.91,0.0,否
ORD2024031202210,2024-03-12,P0404,西北,线上官网,2,120.87,0.26,否
ORD2024101908945,2024-10-19,P0110,西北,线上第三方,1,4016.64,0.0,否
ORD2024092408194,2024-09-24,P0120,西北,企业团购,4,956.57,0.0,否
ORD2024062205403,2024-06-22,P0477,华中,线上第三方,3,1874.18,0.0,否
ORD2024081807088,2024-08-18,P0353,华南,企业团购,1,29.07,0.0,否
ORD2024053004564,2024-05-30,P0477,西南,线上第三方,4,2014.78,0.22,否
ORD2024010700185,2024-01-07,P0268,西南,线下直营店,3,70.65,0.0,否
ORD2024111710005,2024-11-17,P0124,西北,线上官网,1,1026.75,0.0,否
ORD2024101008676,2024-10-10,P0414,华北,线上官网,1,375.57,0.0,否
ORD2024052804517,2024-05-28,P0298,华中,线下经销商,2,116.55,0.0,否
ORD2024031802351,2024-03-18,P0105,东北,线上官网,4,4565.1,0.0,否
ORD2024011900554,2024-01-19,P0487,华中,线上第三方,4,1497.14,0.0,否
ORD2024021601398,2024-02-16,P0313,华北,企业团购,3,90.97,0.0,否
ORD2024021501385,2024-02-15,P0426,西南,线下经销商,5,131.83,0.0,否
ORD2024071606108,2024-07-16,P0071,华中,企业团购,5,4456.82,0.0,否
ORD2024101408803,2024-10-14,P0181,西南,线下直营店,4,2005.46,0.0,否
ORD2024061004904,2024-06-10,P0143,华南,线上第三方,1,778.17,0.19,否
ORD2024011100298,2024-01-11,P0373,华中,线下经销商,4,1536.66,0.0,否
ORD2024011500444,2024-01-15,P0318,东北,线上第三方,1,112.45,0.2,否
ORD2024121110703,2024-12-11,P0260,华北,线下经销商,3,61.37,0.0,否
ORD2024061605216,2024-06-16,P0395,华东,线上第三方,3,1083.87,0.0,否
ORD2024101408797,2024-10-14,P0049,西南,线上第三方,2,4759.67,0.21,否
ORD2024110309366,2024-11-03,P0399,华南,线下经销商,1,765.44,0.0,否
ORD2024030802078,2024-03-08,P0408,华南,线下经销商,5,199.78,0.0,否
ORD2024060504752,2024-06-05,P0210,东北,线下直营店,4,1189.12,0.0,否
ORD2024102309062,2024-10-23,P0159,东北,线上第三方,4,1395.59,0.0,否
ORD2024031302230,2024-03-13,P0128,东北,线下经销商,1,1981.92,0.0,否
ORD2024040302843,2024-04-03,P0423,东北,企业团购,4,627.78,0.0,否
ORD2024032402538,2024-03-24,P0378,华北,线下直营店,2,637.53,0.0,否
ORD2024112210149,2024-11-22,P0392,华东,线上第三方,2,255.54,0.0,否
ORD2024110409405,2024-11-04,P0346,华中,线上第三方,1,139.35,0.0,否
ORD2024072606393,2024-07-26,P0046,西北,线下直营店,2,4734.98,0.22,否
ORD2024012800818,2024-01-28,P0235,华中,线下经销商,1,2609.11,0.0,否
ORD2024042003368,2024-04-20,P0172,东北,线下直营店,2,2142.69,0.0,否
ORD2024070405779,2024-07-04,P0170,华中,线下经销商,1,1226.02,0.0,否
ORD2024032502579,2024-03-25,P0053,华南,线上官网,5,3476.79,0.0,否
ORD2024020701132,2024-02-07,P0251,西南,企业团购,1,96.39,0.0,否
ORD2024071206007,2024-07-12,P0256,西北,线下经销商,4,44.05,0.0,否
ORD2024062505506,2024-06-25,P0031,华南,企业团购,2,2774.97,0.0,否
ORD2024070505803,2024-07-05,P0397,东北,线上官网,2,809.79,0.29,否
ORD2024071906207,2024-07-19,P0122,东北,线下经销商,4,3910.1,0.0,否
ORD2024101308772,2024-10-13,P0340,西南,线下经销商,2,82.44,0.0,否
ORD2024011200321,2024-01-12,P0339,华北,线上官网,1,137.95,0.0,否
ORD2024021501372,2024-02-15,P0338,西北,线下经销商,3,45.91,0.0,否
ORD2024051204043,2024-05-12,P0469,东北,线下经销商,1,311.07,0.23,否
ORD2024123111312,2024-12-31,P0437,华南,线上官网,2,1167.35,0.0,否
ORD2024080306631,2024-08-03,P0195,华南,线下直营店,2,392.79,0.0,否
ORD2024013000908,2024-01-30,P0361,华东,线下直营店,4,1009.47,0.0,否
ORD2024090607664,2024-09-06,P0279,华北,线上第三方,4,146.38,0.0,否
ORD2024050903951,2024-05-09,P0052,华北,线上第三方,1,1342.91,0.12,否
ORD2024062605530,2024-06-26,P0089,东北,线下直营店,5,3723.11,0.0,否
ORD2024071506071,2024-07-15,P0248,东北,线上官网,5,18.45,0.0,否
ORD2024111910075,2024-11-19,P0276,西南,企业团购,1,196.28,0.0,否
ORD2024100108403,2024-10-01,P0256,东北,线下直营店,3,46.53,0.29,否
ORD2024102709174,2024-10-27,P0330,华北,线上第三方,1,87.28,0.09,否
ORD2024100508551,2024-10-05,P0022,华东,企业团购,1,4433.98,0.0,否
ORD2024092708279,2024-09-27,P0178,西北,线上官网,1,1044.68,0.0,否
ORD2024110809520,2024-11-08,P0410,华东,线上第三方,3,857.85,0.0,否
ORD2024013100927,2024-01-31,P0028,华南,企业团购,2,620.37,0.0,否
ORD2024091407886,2024-09-14,P0255,华东,线下经销商,2,177.08,0.0,否
ORD2024010100016,2024-01-01,P0276,华南,线上第三方,1,205.56,0.0,否
ORD2024010500144,2024-01-05,P0267,华中,线下直营店,4,126.93,0.0,否
ORD2024031802364,2024-03-18,P0279,华东,线上官网,4,146.56,0.0,否
ORD2024010500130,2024-01-05,P0183,华中,企业团购,4,556.79,0.0,否
ORD2024020801162,2024-02-08,P0212,东北,企业团购,4,724.4,0.0,否
ORD2024090207553,2024-09-02,P0017,华南,线上第三方,1,1913.25,0.0,否
ORD2024111009612,2024-11-10,P0208,东北,线上官网,1,1968.74,0.29,否
ORD2024102609142,2024-10-26,P0033,西南,企业团购,2,2050.6,0.23,否
ORD2024111710022,2024-11-17,P0230,西南,线下直营店,1,1122.89,0.0,否
ORD2024091607969,2024-09-16,P0366,华北,企业团购,1,978.18,0.23,否
ORD2024062405459,2024-06-24,P0085,华东,线下经销商,5,2134.44,0.0,否
ORD2024071606110,2024-07-16,P0383,华北,线上官网,5,32.28,0.0,否
ORD2024061905309,2024-06-19,P0412,西北,线上第三方,4,1032.48,0.0,否
ORD2024030201877,2024-03-02,P0362,华北,线下直营店,2,1233.61,0.19,否
ORD2024032202489,2024-03-22,P0312,西北,企业团购,4,90.62,0.0,否
ORD2024071606118,2024-07-16,P0412,西北,线下直营店,4,1078.42,0.0,否
ORD2024052704480,2024-05-27,P0034,华北,企业团购,4,154.15,0.26,否
ORD2024020901183,2024-02-09,P0374,华南,企业团购,1,727.38,0.0,否
ORD2024091307877,2024-09-13,P0094,西南,线上官网,1,3913.48,0.21,否
ORD2024093008388,2024-09-30,P0464,华东,线下经销商,1,1050.77,0.0,否
ORD2024020801171,2024-02-08,P0456,西南,线上第三方,3,630.81,0.26,否
ORD2024091507919,2024-09-15,P0118,西南,线下经销商,1,3229.43,0.0,否
ORD2024031202183,2024-03-12,P0101,华北,线上第三方,5,4370.47,0.0,否
ORD2024121410815,2024-12-14,P0289,华东,线下经销商,1,79.65,0.0,否
ORD2024070705864,2024-07-07,P0023,华北,线下经销商,1,3638.32,0.0,否
ORD2024042003372,2024-04-20,P0088,华中,线下经销商,2,3196.74,0.0,否
ORD2024102809195,2024-10-28,P0062,西北,线下经销商,1,703.05,0.15,是
ORD2024030201860,2024-03-02,P0002,东北,线上第三方,1,3418.83,0.18,否
ORD2024072106259,2024-07-21,P0376,华中,线下经销商,1,1344.97,0.0,否
ORD2024071706148,2024-07-17,P0174,华东,企业团购,4,1854.11,0.0,否
ORD2024081006836,2024-08-10,P0480,西南,线上第三方,1,282.66,0.0,否
ORD2024112810337,2024-11-28,P0429,华东,线上官网,1,1001.85,0.0,否
ORD2024110909560,2024-11-09,P0476,华南,线上第三方,1,1549.94,0.29,否
ORD2024042803589,2024-04-28,P0490,西北,线下直营店,1,1819.12,0.0,否
ORD2024120710585,2024-12-07,P0336,西南,线下直营店,1,195.4,0.0,否
ORD2024041203122,2024-04-12,P0275,华南,线上第三方,3,43.8,0.24,否
ORD2024011400388,2024-01-14,P0290,西北,线上官网,2,11.2,0.3,否
ORD2024021301312,2024-02-13,P0181,西北,线下直营店,5,1950.93,0.0,否
ORD2024020401033,2024-02-04,P0293,华南,线上官网,1,48.66,0.0,否
ORD2024111109762,2024-11-11,P0332,西南,线上官网,8,98.32,0.0,否
ORD2024081406985,2024-08-14,P0156,西南,线下直营店,3,1014.57,0.0,否
ORD2024110209345,2024-11-02,P0438,华南,线上官网,1,1446.01,0.0,否
ORD2024061104937,2024-06-11,P0386,西北,企业团购,2,968.61,0.0,否
ORD2024013100932,2024-01-31,P0472,西南,线上官网,4,696.74,0.0,否
ORD2024072506376,2024-07-25,P0103,西南,线上第三方,1,4295.21,0.09,否
ORD2024051204020,2024-05-12,P0020,华东,线下经销商,2,3589.74,0.16,否
ORD2024012400692,2024-01-24,P0318,华南,线上第三方,5,112.33,0.0,否
ORD2024121510831,2024-12-15,P0177,东北,企业团购,1,266.22,0.0,否
ORD2024030301910,2024-03-03,P0037,东北,线上官网,1,2759.26,0.06,是
ORD2024012800830,2024-01-28,P0402,华北,线下经销商,2,591.51,0.0,否
ORD2024042503499,2024-04-25,P0417,华南,线下直营店,2,1292.48,0.0,否
ORD2024030802082,2024-03-08,P0167,西南,线上第三方,2,867.95,0.0,否
ORD2024112010100,2024-11-20,P0371,华东,线上官网,3,1155.81,0.0,否
ORD2024121110701,2024-12-11,P0255,华北,线上官网,3,176.33,0.0,否
ORD2024010200045,2024-01-02,P0223,华东,线上官网,2,470.3,0.0,否
ORD2024050903940,2024-05-09,P0059,华东,企业团购,1,3751.7,0.0,否
ORD2024080806782,2024-08-08,P0354,西南,线上第三方,1,80.59,0.0,否
ORD2024121810929,2024-12-18,P0468,华中,线上官网,3,362.84,0.07,否
ORD2024052204320,2024-05-22,P0006,西北,企业团购,4,786.71,0.0,否
ORD2024040702966,2024-04-07,P0375,西北,线上官网,2,235.34,0.0,否
ORD2024051003970,2024-05-10,P0098,西北,线下直营店,3,458.11,0.2,否
ORD2024020901188,2024-02-09,P0312,华南,线上第三方,1,92.12,0.0,否
ORD2024112210152,2024-11-22,P0172,西南,企业团购,1,2107.82,0.0,否
ORD2024081006845,2024-08-10,P0103,华南,线下经销商,1,4602.18,0.0,否
ORD2024101008698,2024-10-10,P0376,华中,线下直营店,1,1368.44,0.28,否
ORD2024011000285,2024-01-10,P0319,华北,线下经销商,3,183.68,0.0,否
ORD2024111910061,2024-11-19,P0453,华中,线上官网,4,67.61,0.21,否
ORD2024051604160,2024-05-16,P0025,西南,线上第三方,4,3823.28,0.0,否
ORD2024041103093,2024-04-11,P0420,华南,线上官网,2,1177.31,0.0,否
ORD2024082607345,2024-08-26,P0278,东北,企业团购,4,150.77,0.0,否
ORD2024052904557,2024-05-29,P0003,华中,线上第三方,5,506.62,0.05,否
ORD2024110609485,2024-11-06,P0422,华南,线上官网,2,1156.11,0.0,否
ORD2024071806175,2024-07-18,P0255,西南,线上第三方,3,187.57,0.0,否
ORD2024052204324,2024-05-22,P0258,华北,线下经销商,4,134.74,0.0,否
ORD2024081807092,2024-08-18,P0419,华南,线上官网,1,661.7,0.0,否
ORD2024091407912,2024-09-14,P0157,西南,线上官网,1,1640.21,0.0,否
ORD2024042003365,2024-04-20,P0311,东北,线上官网,2,66.16,0.11,否
ORD2024021601405,2024-02-16,P0156,华中,线上第三方,3,976.08,0.0,否
ORD2024041503196,2024-04-15,P0146,华南,线上第三方,3,853.52,0.0,否
ORD2024080606716,2024-08-06,P0086,华中,线下直营店,3,2580.44,0.0,否
ORD2024020100970,2024-02-01,P0203,华北,线下直营店,4,1757.27,0.0,否
ORD2024050203735,2024-05-02,P0191,西北,线上第三方,4,1530.61,0.0,否
ORD2024013100926,2024-01-31,P0237,华东,线上第三方,5,555.62,0.0,否
ORD2024121310763,2024-12-13,P0414,西北,线上官网,1,377.07,0.0,否
ORD2024092508232,2024-09-25,P0202,东北,企业团购,4,1202.62,0.0,否
ORD2024060404726,2024-06-04,P0049,华东,线上官网,3,4791.87,0.0,否
ORD2024082307251,2024-08-23,P0223,东北,线下直营店,1,498.38,0.0,否
ORD2024040302852,2024-04-03,P0234,华中,线上官网,6,1676.7,0.0,否
ORD2024110209350,2024-11-02,P0045,东北,线下直营店,1,2099.68,0.0,否
ORD2024080406677,2024-08-04,P0062,华北,线上官网,1,651.5,0.0,否
ORD2024100908651,2024-10-09,P0451,西北,线下经销商,1,358.72,0.0,否
ORD2024111810052,2024-11-18,P0391,西北,线下经销商,4,946.15,0.0,否
ORD2024102309061,2024-10-23,P0365,华中,企业团购,1,1048.83,0.18,否
ORD2024052704472,2024-05-27,P0230,华中,线上官网,4,1078.74,0.19,否
ORD2024080306635,2024-08-03,P0191,华中,线下直营店,2,1437.48,0.0,否
ORD2024052304349,2024-05-23,P0367,华北,线下直营店,5,844.44,0.0,否
ORD2024112310178,2024-11-23,P0272,华东,企业团购,1,28.41,0.0,否
ORD2024102509114,2024-10-25,P0130,华南,线上第三方,1,780.95,0.0,否
ORD2024042903627,2024-04-29,P0177,西南,线上第三方,2,264.27,0.0,否
ORD2024022801790,2024-02-28,P0301,华北,线下经销商,1,145.56,0.0,否
ORD2024110309388,2024-11-03,P0498,华北,线下经销商,1,1661.61,0.0,否
ORD2024030802060,2024-03-08,P0227,华东,企业团购,5,1077.75,0.0,否
ORD2024100608571,2024-10-06,P0043,西北,线下直营店,1,4899.58,0.0,否
ORD2024071506085,2024-07-15,P0362,东北,线上官网,2,1225.06,0.0,否
ORD2024051104014,2024-05-11,P0457,东北,线上第三方,2,757.96,0.0,否
ORD2024030301903,2024-03-03,P0310,东北,线上官网,1,126.69,0.06,否
ORD2024060304687,2024-06-03,P0275,华北,线上第三方,2,43.95,0.0,否
ORD2024100808627,2024-10-08,P0130,华南,线下经销商,3,774.46,0.0,否
ORD2024061104923,2024-06-11,P0374,东北,线下直营店,2,707.78,0.0,否
ORD2024080606730,2024-08-06,P0322,西北,线下直营店,1,91.7,0.0,否
ORD2024121910945,2024-12-19,P0183,华中,线下经销商,1,572.0,0.0,是
ORD2024010300076,2024-01-03,P0003,华中,线下直营店,4,521.34,0.0,否
ORD2024031702346,2024-03-17,P0486,华东,线上第三方,3,638.98,0.0,否
ORD2024100308492,2024-10-03,P0094,西南,企业团购,2,3636.85,0.0,否
ORD2024011500431,2024-01-15,P0490,西北,企业团购,4,1922.23,0.15,否
ORD2024053104587,2024-05-31,P0243,华南,线下直营店,1,657.13,0.0,否
ORD2024062505484,2024-06-25,P0311,华南,线上官网,1,66.45,0.0,否
ORD2024083007443,2024-08-30,P0303,西北,线上第三方,4,143.34,0.0,否
ORD2024112310200,2024-11-23,P0480,东北,线下经销商,1,292.25,0.24,否
ORD2024121510823,2024-12-15,P0293,东北,线下直营店,1,48.43,0.0,否
ORD2024103009258,2024-10-30,P0201,华东,线下直营店,4,1612.2,0.0,否
ORD2024101008702,2024-10-10,P0093,西北,线下直营店,1,5013.97,0.0,否
ORD2024022101554,2024-02-21,P0002,华东,线下直营店,3,3347.51,0.0,否
ORD2024070805875,2024-07-08,P0360,华北,线上第三方,5,915.25,0.07,否
ORD2024010900241,2024-01-09,P0328,华中,线上第三方,4,18.74,0.0,否
ORD2024012700784,2024-01-27,P0153,华东,线上第三方,1,1677.19,0.0,否
ORD2024110509432,2024-11-05,P0416,华中,线上第三方,3,941.04,0.0,否
ORD2024041103067,2024-04-11,P0293,华南,线上官网,2,48.33,0.0,否
ORD2024020200978,2024-02-02,P0498,东北,企业团购,5,1618.44,0.1,否
ORD2024061004906,2024-06-10,P0346,华中,线下经销商,5,138.52,0.26,否
ORD2024070205696,2024-07-02,P0234,西北,线上官网,3,1567.55,0.0,否
ORD2024040602942,2024-04-06,P0033,华中,线下经销商,1,2031.65,0.0,否
ORD2024122411117,2024-12-24,P0160,华北,线下经销商,1,1764.57,0.0,否
ORD2024123111295,2024-12-31,P0443,西北,企业团购,2,849.98,0.0,否
ORD2024071506089,2024-07-15,P0098,西南,线下经销商,3,435.27,0.0,否
ORD2024090807732,2024-09-08,P0322,华北,线下经销商,1,95.05,0.0,否
ORD2024022301621,2024-02-23,P0254,东北,线上第三方,2,28.43,0.0,否
ORD2024063005643,2024-06-30,P0204,西北,线下直营店,1,235.67,0.0,否
ORD2024092308170,2024-09-23,P0487,西南,企业团购,1,1566.43,0.0,否
ORD2024031002147,2024-03-10,P0303,东北,线上第三方,2,145.56,0.0,否
ORD2024022801802,2024-02-28,P0423,东北,线上第三方,2,631.87,0.0,否
ORD2024030902096,2024-03-09,P0233,华南,线下经销商,1,630.3,0.15,是
ORD2024091107804,2024-09-11,P0295,华北,线上第三方,1,124.3,0.0,否
ORD2024080706763,2024-08-07,P0211,华北,线上官网,1,602.81,0.29,否
ORD2024021401358,2024-02-14,P0225,东北,线上官网,5,1280.7,0.0,否
ORD2024121510842,2024-12-15,P0456,华中,线上官网,1,612.14,0.12,否
ORD2024091007776,2024-09-10,P0495,华北,线下直营店,1,1283.19,0.0,否
ORD2024110609474,2024-11-06,P0430,华北,企业团购,1,1186.3,0.0,否
ORD2024071806160,2024-07-18,P0248,东北,企业团购,4,17.74,0.0,否
ORD2024081707048,2024-08-17,P0172,华中,线下直营店,2,2081.37,0.0,否
ORD2024123011288,2024-12-30,P0141,东北,线上官网,3,949.97,0.0,否
ORD2024122911243,2024-12-29,P0229,华南,线下直营店,2,212.8,0.0,否
ORD2024111509945,2024-11-15,P0165,华东,线下经销商,3,850.63,0.0,否
ORD2024081507013,2024-08-15,P0106,华东,线上官网,2,3371.55,0.21,否
ORD2024022301610,2024-02-23,P0373,华东,线上官网,4,1557.25,0.22,否
ORD2024041203097,2024-04-12,P0068,华南,线上官网,1,4885.75,0.0,否
ORD2024081907131,2024-08-19,P0315,华中,线上第三方,1,32.41,0.0,否
ORD2024032002416,2024-03-20,P0202,华北,线下直营店,2,1126.2,0.14,是
ORD2024030602018,2024-03-06,P0337,西北,线上官网,3,11.09,0.0,否
ORD2024090907736,2024-09-09,P0241,华南,线上第三方,1,2687.9,0.2,否
ORD2024051504126,2024-05-15,P0263,西南,线上官网,3,118.86,0.0,否
ORD2024070705847,2024-07-07,P0335,西北,线上第三方,1,37.22,0.0,否
ORD2024062105376,2024-06-21,P0062,西北,线下直营店,5,685.02,0.0,否
ORD2024122411101,2024-12-24,P0406,东北,线上第三方,1,1434.63,0.25,否
ORD2024121610860,2024-12-16,P0342,华南,线下直营店,2,63.03,0.0,否
ORD2024041603247,2024-04-16,P0347,华东,企业团购,4,164.19,0.0,否
ORD2024010500125,2024-01-05,P0051,东北,线上官网,5,3158.14,0.0,否
ORD2024020601107,2024-02-06,P0196,西北,线上官网,5,422.4,0.0,否
ORD2024120710587,2024-12-07,P0153,华东,线上官网,2,1699.27,0.0,否
ORD2024111209865,2024-11-12,P0101,东北,线下经销商,2,4461.57,0.0,否
ORD2024012800841,2024-01-28,P0465,华南,线上官网,1,787.02,0.21,否
ORD2024063005650,2024-06-30,P0012,东北,企业团购,1,1143.25,0.0,否
ORD2024112910377,2024-11-29,P0408,华中,线下直营店,2,184.02,0.0,否
ORD2024041903342,2024-04-19,P0367,华东,线上官网,3,857.13,0.0,否
ORD2024012100599,2024-01-21,P0353,西北,企业团购,1,27.37,0.06,否
ORD2024031002124,2024-03-10,P0158,华南,线下经销商,2,2384.83,0.14,否
ORD2024062605513,2024-06-26,P0123,华东,线上官网,3,2398.86,0.0,否
ORD2024090707682,2024-09-07,P0240,华北,线上第三方,1,1057.09,0.0,否
ORD2024101808924,2024-10-18,P0400,东北,企业团购,1,1286.47,0.0,否
ORD2024091908058,2024-09-19,P0332,华中,线上第三方,3,107.4,0.0,否
ORD2024100808623,2024-10-08,P0354,华东,线下经销商,2,78.46,0.0,否
ORD2024121910949,2024-12-19,P0258,华北,线下经销商,3,140.98,0.17,是
ORD2024031202198,2024-03-12,P0077,华中,企业团购,3,2652.42,0.0,否
ORD2024051204052,2024-05-12,P0184,华中,线下直营店,1,745.13,0.0,否
ORD2024091007782,2024-09-10,P0429,华北,线下经销商,4,1049.33,0.0,否
ORD2024042003363,2024-04-20,P0209,华东,企业团购,3,1145.52,0.23,否
ORD2024032202502,2024-03-22,P0329,东北,线下经销商,5,141.89,0.0,否
ORD2024012500726,2024-01-25,P0023,华北,线上第三方,2,3811.83,0.0,否
ORD2024072406349,2024-07-24,P0095,西南,企业团购,2,3580.98,0.0,否
ORD2024020200979,2024-02-02,P0275,华东,线下经销商,3,43.61,0.0,否
ORD2024012800809,2024-01-28,P0286,西南,线下经销商,1,141.42,0.0,否
ORD2024102809183,2024-10-28,P0451,西南,线上官网,1,381.33,0.21,否
ORD2024021801476,2024-02-18,P0008,东北,线上第三方,1,2750.07,0.0,否
ORD2024100408517,2024-10-04,P0271,华南,企业团购,3,34.53,0.0,否
ORD2024071406052,2024-07-14,P0172,华中,企业团购,2,2184.9,0.0,否
ORD2024111409933,2024-11-14,P0496,西北,线下直营店,4,1215.88,0.0,否
ORD2024061004907,2024-06-10,P0375,华东,线上官网,3,222.82,0.0,是
ORD2024090507627,2024-09-05,P0194,华南,企业团购,3,1989.63,0.0,否
ORD2024112510238,2024-11-25,P0499,华北,线上官网,3,571.27,0.1,否
ORD2024061104931,2024-06-11,P0465,华东,线下直营店,5,776.13,0.26,否
ORD2024052904543,2024-05-29,P0395,华东,线下直营店,3,1110.38,0.0,否
ORD2024051003963,2024-05-10,P0165,华北,线上官网,2,925.23,0.0,否
ORD2024032802672,2024-03-28,P0305,华北,线上第三方,4,64.29,0.0,否
ORD2024112910382,2024-11-29,P0410,华南,线上第三方,2,893.47,0.0,否
ORD2024021001236,2024-02-10,P0227,东北,线上第三方,2,1019.8,0.0,否
ORD2024021001226,2024-02-10,P0152,东北,企业团购,3,2501.47,0.0,否
ORD2024022701765,2024-02-27,P0002,华东,线下经销商,5,3328.51,0.08,否
ORD2024091908053,2024-09-19,P0011,华北,线下直营店,3,2014.25,0.0,否
ORD2024080906831,2024-08-09,P0068,华南,线上官网,1,4882.67,0.0,否
ORD2024081807111,2024-08-18,P0347,西北,线下直营店,2,167.87,0.09,否
ORD2024071406042,2024-07-14,P0288,华中,企业团购,1,45.49,0.0,否
ORD2024041503218,2024-04-15,P0488,西北,企业团购,6,789.89,0.0,否
ORD2024070305738,2024-07-03,P0068,华东,线下经销商,1,5216.5,0.0,否
ORD2024011000288,2024-01-10,P0313,东北,线上第三方,3,95.24,0.0,否
ORD2024072806464,2024-07-28,P0118,华中,线上官网,3,3117.01,0.0,否
ORD2024040702967,2024-04-07,P0005,华东,线下直营店,2,4203.65,0.16,否
ORD2024041403165,2024-04-14,P0144,华北,线上官网,2,1243.71,0.06,否
ORD2024090807713,2024-09-08,P0400,华北,企业团购,2,1311.59,0.0,否
ORD2024111910076,2024-11-19,P0446,华南,线上官网,1,422.04,0.0,否
ORD2024022401658,2024-02-24,P0090,华东,企业团购,2,76.83,0.0,否
ORD2024030501976,2024-03-05,P0005,华北,线下经销商,5,4312.96,0.0,否
ORD2024031902398,2024-03-19,P0452,华中,线上官网,5,91.04,0.0,否
ORD2024011600453,2024-01-16,P0131,东北,企业团购,2,2184.23,0.0,否
ORD2024033002711,2024-03-30,P0291,华南,企业团购,2,33.92,0.0,是
ORD2024080606726,2024-08-06,P0075,西北,线上官网,2,5329.95,0.16,否
ORD2024050103682,2024-05-01,P0045,华南,线上官网,1,2102.38,0.0,否
ORD2024011500423,2024-01-15,P0099,西北,线上第三方,3,2154.19,0.27,否
ORD2024091007775,2024-09-10,P0339,华南,线下直营店,4,138.9,0.0,否
ORD2024061905317,2024-06-19,P0192,东北,线下经销商,3,1082.0,0.23,否
ORD2024012200658,2024-01-22,P0008,华东,企业团购,3,2688.38,0.0,否
ORD2024041803302,2024-04-18,P0416,东北,线上官网,6,924.32,0.0,否
ORD2024090107519,2024-09-01,P0358,东北,线下直营店,1,790.79,0.0,否
ORD2024040302846,2024-04-03,P0075,华南,线上第三方,2,5182.52,0.0,否
ORD2024090807729,2024-09-08,P0263,西北,线上第三方,1,122.73,0.0,否
ORD2024101708887,2024-10-17,P0260,东北,线上官网,4,61.64,0.0,否
ORD2024061705245,2024-06-17,P0029,华南,线下直营店,5,1248.63,0.0,否
ORD2024020201002,2024-02-02,P0343,西南,线下经销商,5,73.0,0.0,否
ORD2024051704199,2024-05-17,P0093,华东,线上第三方,1,4931.64,0.0,否
ORD2024032002419,2024-03-20,P0251,华北,线下直营店,5,92.41,0.0,否
ORD2024012900876,2024-01-29,P0362,华中,线下经销商,2,1150.84,0.24,否
ORD2024080906818,2024-08-09,P0378,西南,线下经销商,3,645.97,0.27,否
ORD2024050603848,2024-05-06,P0456,西南,线下经销商,4,616.78,0.0,否
ORD2024020100962,2024-02-01,P0015,东北,线上第三方,2,3821.93,0.06,否
ORD2024022201581,2024-02-22,P0107,西北,企业团购,2,1314.14,0.25,否
ORD2024072706441,2024-07-27,P0349,华中,线上官网,1,172.05,0.0,否
ORD2024031202207,2024-03-12,P0221,东北,线下经销商,4,2007.66,0.19,否
ORD2024092108105,2024-09-21,P0200,东北,线上第三方,2,2845.16,0.0,否
ORD2024111109794,2024-11-11,P0170,东北,企业团购,8,1206.53,0.23,否
ORD2024122811234,2024-12-28,P0438,华中,企业团购,1,1426.22,0.28,否
ORD2024051804232,2024-05-18,P0019,东北,线下直营店,3,2215.23,0.0,否
ORD2024012600758,2024-01-26,P0396,华南,线下经销商,2,1111.05,0.0,否
ORD2024060904867,2024-06-09,P0068,东北,企业团购,2,4994.29,0.0,否
ORD2024062205407,2024-06-22,P0489,华东,企业团购,1,1955.39,0.0,否
ORD2024061905314,2024-06-19,P0196,华中,线下经销商,2,461.96,0.12,否
ORD2024031502285,2024-03-15,P0046,华东,线下经销商,3,4786.61,0.0,否
ORD2024093008385,2024-09-30,P0292,华南,企业团购,1,152.07,0.0,否
ORD2024071606120,2024-07-16,P0107,华南,线上第三方,5,1313.24,0.0,否
ORD2024062505508,2024-06-25,P0297,西南,线下直营店,3,118.12,0.0,否
ORD2024061905310,2024-06-19,P0277,华南,企业团购,1,112.9,0.22,是
ORD2024111009594,2024-11-10,P0030,华北,线下经销商,1,3964.52,0.0,否
ORD2024060704828,2024-06-07,P0338,华中,线上第三方,2,45.55,0.0,否
ORD2024073006519,2024-07-30,P0383,华东,线上第三方,5,31.8,0.0,否
ORD2024073006506,2024-07-30,P0006,华中,线下经销商,2,801.89,0.0,否
ORD2024012800808,2024-01-28,P0248,华中,线上第三方,1,18.13,0.0,否
ORD2024090507621,2024-09-05,P0053,华北,线上第三方,3,3315.24,0.26,否
ORD2024101508833,2024-10-15,P0330,西南,线下经销商,3,91.1,0.0,否
ORD2024102209017,2024-10-22,P0284,华南,线下直营店,4,82.24,0.28,否
ORD2024030401957,2024-03-04,P0416,华东,线上第三方,4,865.41,0.0,否
ORD2024032102446,2024-03-21,P0386,华东,线上第三方,2,916.05,0.0,否
ORD2024091607953,2024-09-16,P0180,华北,线下直营店,3,1295.66,0.17,否
ORD2024103009263,2024-10-30,P0496,华中,线上官网,3,1293.02,0.0,否
ORD2024091307880,2024-09-13,P0421,华东,企业团购,4,295.93,0.0,否
ORD2024103009260,2024-10-30,P0040,西南,线上官网,4,1635.15,0.0,否
ORD2024031902403,2024-03-19,P0089,华南,线上第三方,4,3709.99,0.0,否
ORD2024092208144,2024-09-22,P0438,华东,企业团购,2,1356.89,0.0,否
ORD2024020501074,2024-02-05,P0354,华中,线上第三方,3,75.8,0.0,否
ORD2024042103399,2024-04-21,P0209,西南,线下经销商,2,1226.65,0.16,否
ORD2024051904241,2024-05-19,P0098,西北,线上官网,1,454.39,0.1,否
ORD2024062305437,2024-06-23,P0336,华南,线上官网,1,194.01,0.0,否
ORD2024080706743,2024-08-07,P0178,华东,企业团购,3,1014.6,0.0,否
ORD2024122211046,2024-12-22,P0362,华南,线上第三方,1,1237.32,0.0,否
ORD2024030902092,2024-03-09,P0246,华中,线上第三方,1,59.63,0.22,否
ORD2024052904528,2024-05-29,P0491,西南,线上第三方,4,987.63,0.0,否
ORD2024022501699,2024-02-25,P0356,华中,线上官网,1,32.01,0.0,否
ORD2024100308469,2024-10-03,P0352,华中,线上官网,1,100.35,0.0,否
ORD2024110709508,2024-11-07,P0014,华北,线下直营店,2,4870.99,0.0,否
ORD2024101508841,2024-10-15,P0404,华东,线下直营店,1,111.43,0.26,否
ORD2024111109635,2024-11-11,P0177,西北,线上官网,16,266.64,0.07,否
ORD2024100408500,2024-10-04,P0138,东北,线下直营店,1,229.65,0.0,否
ORD2024020301004,2024-02-03,P0174,华北,线下直营店,1,1848.04,0.0,否
ORD2024112710308,2024-11-27,P0261,华东,线下经销商,1,97.23,0.0,否
ORD2024111109772,2024-11-11,P0183,西北,线下直营店,8,577.38,0.0,否
ORD2024081006846,2024-08-10,P0236,华南,线下经销商,2,1750.63,0.0,否
ORD2024060204652,2024-06-02,P0480,东北,线下经销商,1,299.53,0.0,否
ORD2024111109658,2024-11-11,P0095,华北,线下直营店,16,3712.39,0.0,否
ORD2024021801486,2024-02-18,P0443,华东,线上第三方,3,819.21,0.0,否
ORD2024120210459,2024-12-02,P0182,华中,线下直营店,2,1201.54,0.26,否
ORD2024062105369,2024-06-21,P0250,华北,线上官网,5,86.35,0.0,否
ORD2024021601412,2024-02-16,P0443,西南,线下直营店,2,857.88,0.0,否
ORD2024121010691,2024-12-10,P0249,华南,线上第三方,1,19.6,0.0,否
ORD2024112610293,2024-11-26,P0461,华东,企业团购,4,157.82,0.0,否
ORD2024081206923,2024-08-12,P0492,华北,线上第三方,1,163.85,0.0,否
ORD2024012400710,2024-01-24,P0034,华中,线下直营店,4,157.72,0.0,否
ORD2024101708896,2024-10-17,P0025,西南,线上第三方,3,3587.51,0.0,否
ORD2024042803604,2024-04-28,P0052,华中,线上官网,1,1371.42,0.0,否
ORD2024020200986,2024-02-02,P0153,华北,线上第三方,2,1608.33,0.0,否
ORD2024041103077,2024-04-11,P0165,东北,线下直营店,3,876.01,0.0,否
ORD2024101008704,2024-10-10,P0157,西南,线上官网,1,1601.28,0.05,否
ORD2024090407593,2024-09-04,P0453,西北,线上第三方,1,65.93,0.0,否
ORD2024061505078,2024-06-15,P0302,华东,线上第三方,5,73.77,0.0,否
ORD2024051404102,2024-05-14,P0093,西北,线下直营店,1,5114.22,0.0,否
ORD2024080106588,2024-08-01,P0209,东北,线上第三方,2,1183.15,0.0,否
ORD2024033002723,2024-03-30,P0434,东北,线上第三方,1,615.99,0.0,否
ORD2024120810612,2024-12-08,P0313,华南,线下直营店,1,95.3,0.0,否
ORD2024021101269,2024-02-11,P0049,华东,企业团购,2,4525.14,0.0,否
ORD2024032102463,2024-03-21,P0459,西北,企业团购,2,1160.88,0.0,否
ORD2024081607043,2024-08-16,P0296,华南,线上第三方,1,131.05,0.11,否
ORD2024011000269,2024-01-10,P0132,东北,线下直营店,3,1572.82,0.0,否
ORD2024042703581,2024-04-27,P0489,华北,线下直营店,3,1876.13,0.0,否
ORD2024060504751,2024-06-05,P0117,西北,企业团购,4,3872.96,0.11,否
ORD2024112510260,2024-11-25,P0453,东北,线下直营店,4,64.79,0.0,否
ORD2024112610270,2024-11-26,P0434,西北,线下直营店,2,614.71,0.0,否
ORD2024082407272,2024-08-24,P0253,西北,线上第三方,2,161.63,0.0,否
ORD2024092908346,2024-09-29,P0082,华南,企业团购,1,702.92,0.0,否
ORD2024040202822,2024-04-02,P0337,西北,线上官网,2,10.99,0.21,否
ORD2024091707991,2024-09-17,P0106,华东,线上官网,1,3423.07,0.0,否
ORD2024012000590,2024-01-20,P0134,华南,线上官网,2,67.64,0.0,否
ORD2024090607654,2024-09-06,P0120,华南,线下经销商,1,898.65,0.0,否
ORD2024112310184,2024-11-23,P0152,西南,线下直营店,2,2535.38,0.0,否
ORD2024081507016,2024-08-15,P0127,西北,线下经销商,2,3322.35,0.0,否
ORD2024012200657,2024-01-22,P0163,西北,企业团购,1,1264.82,0.0,否
ORD2024110309395,2024-11-03,P0397,东北,线上官网,1,796.61,0.06,否
ORD2024102008978,2024-10-20,P0104,华中,线下经销商,1,1671.6,0.0,否
ORD2024030702038,2024-03-07,P0160,西南,企业团购,2,1741.33,0.0,否
ORD2024081607041,2024-08-16,P0015,西北,线下经销商,1,3790.09,0.0,否
ORD2024092408204,2024-09-24,P0338,西北,线上官网,4,44.42,0.0,否
ORD2024092008093,2024-09-20,P0229,西北,线上官网,4,230.74,0.0,否
ORD2024080706761,2024-08-07,P0240,华北,线下直营店,2,1107.87,0.0,否
ORD2024030702029,2024-03-07,P0338,华南,线下直营店,3,45.17,0.0,否
ORD2024100308484,2024-10-03,P0324,华东,线上第三方,4,117.85,0.11,否
ORD2024012300678,2024-01-23,P0247,西北,企业团购,1,78.31,0.21,否
ORD2024082907412,2024-08-29,P0243,西北,线下直营店,4,680.2,0.0,否
ORD2024021001233,2024-02-10,P0152,东北,线下经销商,1,2641.95,0.14,否
ORD2024062405455,2024-06-24,P0212,华南,线上官网,3,674.53,0.0,否
ORD2024080906832,2024-08-09,P0438,华中,线上第三方,4,1424.33,0.07,否
ORD2024101608852,2024-10-16,P0446,华中,线下经销商,3,425.59,0.14,否
ORD2024081507021,2024-08-15,P0366,华东,线上第三方,1,962.96,0.0,否
ORD2024060804857,2024-06-08,P0001,华南,线下经销商,3,561.67,0.12,否
ORD2024081607024,2024-08-16,P0185,西南,线下经销商,1,799.33,0.0,否
ORD2024032002433,2024-03-20,P0256,华中,线上官网,5,44.12,0.0,否
ORD2024092108113,2024-09-21,P0280,华中,线上第三方,2,79.4,0.0,否
ORD2024091307856,2024-09-13,P0408,西南,企业团购,1,186.8,0.06,否
ORD2024090907755,2024-09-09,P0239,华中,线上第三方,2,1877.07,0.0,否
ORD2024091808013,2024-09-18,P0261,华东,企业团购,2,98.19,0.0,否
ORD2024073006509,2024-07-30,P0159,华北,线上第三方,4,1449.39,0.0,否
ORD2024013000897,2024-01-30,P0310,东北,线下直营店,5,128.42,0.0,否
ORD2024022301612,2024-02-23,P0245,西南,线上官网,1,2970.75,0.05,否
ORD2024022201588,2024-02-22,P0236,西北,线上第三方,4,1655.42,0.0,否
ORD2024072206299,2024-07-22,P0469,华中,线上官网,2,303.34,0.21,否
ORD2024121110705,2024-12-11,P0073,华北,线上第三方,4,1830.37,0.0,否
ORD2024022601720,2024-02-26,P0263,东北,线上第三方,5,124.48,0.22,是
ORD2024072606392,2024-07-26,P0356,华中,线上官网,5,33.27,0.0,否
ORD2024050503807,2024-05-05,P0336,华东,线下经销商,2,182.1,0.0,否
ORD2024090907738,2024-09-09,P0265,东北,线下直营店,1,96.09,0.0,否
ORD2024111409939,2024-11-14,P0235,东北,线下经销商,2,2636.85,0.0,否
ORD2024060404702,2024-06-04,P0469,华中,线下经销商,1,302.96,0.0,否
ORD2024051003962,2024-05-10,P0490,东北,企业团购,2,1877.4,0.0,否
ORD2024081406984,2024-08-14,P0438,东北,线上第三方,4,1454.5,0.0,否
ORD2024062705558,2024-06-27,P0349,华中,企业团购,3,173.78,0.0,否
ORD2024062705565,2024-06-27,P0390,西南,企业团购,2,1100.89,0.0,否
ORD2024101408806,2024-10-14,P0014,东北,企业团购,1,5208.08,0.0,否
ORD2024090807721,2024-09-08,P0123,华南,线下直营店,1,2419.64,0.0,否
ORD2024071506088,2024-07-15,P0004,华南,线下经销商,1,3186.94,0.0,否
ORD2024013000891,2024-01-30,P0422,西北,线上官网,2,1139.63,0.0,否
ORD2024083007464,2024-08-30,P0411,西北,线上官网,1,248.23,0.0,否
ORD2024112410206,2024-11-24,P0165,东北,线下直营店,1,910.34,0.0,否
ORD2024051104007,2024-05-11,P0218,华南,线上官网,2,393.26,0.0,否
ORD2024111710019,2024-11-17,P0251,华南,线下经销商,1,95.8,0.0,否
ORD2024101508824,2024-10-15,P0495,华中,线下经销商,4,1313.24,0.0,否
ORD2024070905899,2024-07-09,P0081,华中,线下直营店,4,2398.08,0.0,否
ORD2024071806174,2024-07-18,P0445,华东,线上第三方,1,836.29,0.0,否
ORD2024100608558,2024-10-06,P0076,华东,线下直营店,1,2971.63,0.0,否
ORD2024070605820,2024-07-06,P0331,华北,线下直营店,3,38.63,0.0,否
ORD2024100308471,2024-10-03,P0002,西北,企业团购,4,3096.88,0.0,否
ORD2024090707707,2024-09-07,P0270,西南,企业团购,1,141.29,0.29,否
ORD2024040202800,2024-04-02,P0375,华南,线上第三方,4,224.93,0.0,否
ORD2024091808010,2024-09-18,P0093,西南,线下直营店,3,5264.02,0.18,否
ORD2024012000585,2024-01-20,P0159,华中,企业团购,1,1359.61,0.0,否
ORD2024041703269,2024-04-17,P0444,华南,线上第三方,1,1139.14,0.0,否
ORD2024050903933,2024-05-09,P0484,华南,企业团购,2,241.77,0.0,否
ORD2024061204966,2024-06-12,P0232,西北,线上官网,1,2097.1,0.0,否
ORD2024021101261,2024-02-11,P0319,华北,线下经销商,2,186.83,0.0,否
ORD2024090507633,2024-09-05,P0435,华东,线下经销商,1,386.27,0.0,否
ORD2024011100311,2024-01-11,P0144,华东,线上第三方,3,1257.96,0.0,否
ORD2024022601717,2024-02-26,P0319,西南,线下直营店,1,179.96,0.0,否
ORD2024072506364,2024-07-25,P0266,东北,线上官网,2,37.15,0.0,否
ORD2024100108405,2024-10-01,P0176,华中,线上第三方,4,246.26,0.0,否
ORD2024091607972,2024-09-16,P0456,华南,线下直营店,1,620.79,0.25,否
ORD2024090307567,2024-09-03,P0031,华北,企业团购,3,2748.9,0.0,否
ORD2024060304669,2024-06-03,P0158,华北,线下直营店,2,2434.61,0.0,否
ORD2024052104299,2024-05-21,P0162,华南,企业团购,1,1773.84,0.0,否
ORD2024050403784,2024-05-04,P0353,华南,线下经销商,3,27.28,0.0,否
ORD2024020301009,2024-02-03,P0132,东北,线上官网,1,1483.87,0.0,否
ORD2024110609459,2024-11-06,P0236,华中,线上第三方,1,1633.17,0.22,否
ORD2024031202186,2024-03-12,P0480,东北,线下经销商,5,305.72,0.08,否
ORD2024042903624,2024-04-29,P0497,东北,线上官网,4,463.74,0.0,是
ORD2024122311085,2024-12-23,P0322,华中,线下直营店,1,88.64,0.0,否
ORD2024080106563,2024-08-01,P0188,西南,线下经销商,4,1094.01,0.0,否
ORD2024121910962,2024-12-19,P0098,华东,线上官网,1,422.07,0.0,否
ORD2024091207847,2024-09-12,P0332,东北,线下直营店,1,98.64,0.0,是
ORD2024081907140,2024-08-19,P0230,华北,线上第三方,4,1058.01,0.0,否
ORD2024060804835,2024-06-08,P0472,华南,线上第三方,1,728.29,0.0,否
ORD2024090607676,2024-09-06,P0248,华南,企业团购,3,17.41,0.0,否
ORD2024060504757,2024-06-05,P0352,西北,线下直营店,3,101.22,0.29,否
ORD2024073106536,2024-07-31,P0165,东北,线上第三方,1,923.46,0.0,否
ORD2024010300091,2024-01-03,P0294,东北,线下直营店,2,25.75,0.0,否
ORD2024090707697,2024-09-07,P0143,华中,线下直营店,1,756.4,0.0,否
ORD2024011600471,2024-01-16,P0189,西南,线下直营店,4,880.75,0.0,否
ORD2024021301327,2024-02-13,P0374,华北,线下经销商,2,756.39,0.0,否
ORD2024082207218,2024-08-22,P0241,华南,线下直营店,1,2608.58,0.0,否
ORD2024102509116,2024-10-25,P0464,西北,线下经销商,1,1055.77,0.19,否
ORD2024031002118,2024-03-10,P0107,西北,线上第三方,1,1332.82,0.0,否
ORD2024040602938,2024-04-06,P0107,西南,线下直营店,1,1395.51,0.0,否
ORD2024013000889,2024-01-30,P0396,西南,线下经销商,5,1104.3,0.0,否
ORD2024020200984,2024-02-02,P0324,华中,企业团购,5,111.38,0.0,否
ORD2024100608575,2024-10-06,P0324,华南,线上第三方,1,111.87,0.0,否
ORD2024081006850,2024-08-10,P0316,东北,线下经销商,1,52.8,0.0,否
ORD2024111109749,2024-11-11,P0340,西北,线上官网,8,88.99,0.0,否
ORD2024040602926,2024-04-06,P0157,华中,线下直营店,2,1697.46,0.0,否
ORD2024090207537,2024-09-02,P0189,华南,线下经销商,1,822.47,0.0,否
ORD2024041503215,2024-04-15,P0351,华北,线下直营店,1,79.68,0.0,否
ORD2024070805885,2024-07-08,P0412,华北,线上第三方,4,1071.41,0.0,否
ORD2024031702342,2024-03-17,P0353,西南,线下经销商,2,29.12,0.0,否
ORD2024092108108,2024-09-21,P0082,华中,线下经销商,1,714.88,0.0,否
ORD2024081807083,2024-08-18,P0112,华东,企业团购,1,4596.74,0.0,否
ORD2024101508837,2024-10-15,P0421,西北,线上第三方,1,287.5,0.0,否
ORD2024102008954,2024-10-20,P0050,西北,线下直营店,2,1972.22,0.28,否
ORD2024072306309,2024-07-23,P0164,西南,线下直营店,2,372.44,0.0,否
ORD2024012200628,2024-01-22,P0029,华中,线下直营店,5,1233.65,0.0,否
ORD2024122411118,2024-12-24,P0392,华北,线上第三方,3,279.63,0.07,否
ORD2024061104948,2024-06-11,P0236,华北,线上官网,3,1744.39,0.0,否
ORD2024061505081,2024-06-15,P0187,华中,线下直营店,5,2991.74,0.08,否
ORD2024051904245,2024-05-19,P0256,西北,线下经销商,2,46.6,0.0,是
ORD2024102809199,2024-10-28,P0479,华东,线上第三方,1,1783.14,0.0,否
ORD2024060604766,2024-06-06,P0378,西南,线下经销商,1,674.62,0.0,否
ORD2024022201602,2024-02-22,P0115,东北,线下经销商,3,3581.79,0.0,否
ORD2024121610876,2024-12-16,P0401,西北,线下经销商,3,680.17,0.19,否
ORD2024021101270,2024-02-11,P0431,东北,线下经销商,3,541.03,0.0,否
ORD2024010500129,2024-01-05,P0299,东北,线下直营店,3,115.12,0.0,否
ORD2024090307568,2024-09-03,P0472,华南,线下直营店,1,720.73,0.0,否
ORD2024022601712,2024-02-26,P0044,华南,线下经销商,4,1010.83,0.14,否
ORD2024051704183,2024-05-17,P0417,华中,线上第三方,1,1254.85,0.0,否
ORD2024092508242,2024-09-25,P0431,华中,线下直营店,1,533.14,0.23,否
ORD2024051904236,2024-05-19,P0401,华南,线上第三方,3,723.31,0.17,否
ORD2024091207826,2024-09-12,P0224,华东,线上官网,4,969.19,0.12,否
ORD2024031902399,2024-03-19,P0324,东北,线下经销商,2,109.09,0.29,否
ORD2024092908350,2024-09-29,P0245,西南,企业团购,1,2839.68,0.0,否
ORD2024082107199,2024-08-21,P0468,华北,线上第三方,1,354.86,0.0,否
ORD2024091007785,2024-09-10,P0032,华北,企业团购,2,3450.38,0.0,否
ORD2024121510841,2024-12-15,P0446,华中,线上官网,2,406.5,0.0,否
ORD2024020901187,2024-02-09,P0216,华北,线上官网,4,1589.32,0.0,否
ORD2024090807730,2024-09-08,P0194,华北,线上官网,1,1894.56,0.0,否
ORD2024122311092,2024-12-23,P0169,西南,线上第三方,1,1468.47,0.0,否
ORD2024090807723,2024-09-08,P0178,华东,企业团购,1,1013.14,0.0,否
ORD2024030501978,2024-03-05,P0253,西北,线下直营店,2,153.18,0.0,否
ORD2024061905315,2024-06-19,P0122,华南,线上官网,2,4071.65,0.0,否
ORD2024122711196,2024-12-27,P0419,西北,线上第三方,1,702.81,0.0,否
ORD2024051904248,2024-05-19,P0044,华中,线上第三方,2,1036.83,0.0,否
ORD2024102008986,2024-10-20,P0039,东北,线上第三方,1,314.03,0.0,否
ORD2024013100916,2024-01-31,P0494,东北,企业团购,5,363.95,0.0,否
ORD2024021301306,2024-02-13,P0366,西北,线下直营店,3,984.48,0.0,否
ORD2024120810623,2024-12-08,P0411,西南,线上官网,2,254.49,0.1,否
ORD2024041003050,2024-04-10,P0386,东北,企业团购,6,973.42,0.09,否
ORD2024121410790,2024-12-14,P0362,华南,线下直营店,2,1147.32,0.16,否
ORD2024021101274,2024-02-11,P0119,华中,线上官网,1,4733.58,0.29,否
ORD2024070205699,2024-07-02,P0289,华东,线下经销商,4,79.54,0.28,否
ORD2024102809202,2024-10-28,P0042,华北,线上第三方,3,4010.27,0.0,否
ORD2024040202797,2024-04-02,P0135,西北,线下直营店,6,2170.26,0.17,否
ORD2024021601399,2024-02-16,P0091,华南,线下直营店,3,931.0,0.0,否
ORD2024042003359,2024-04-20,P0412,东北,线下直营店,2,1071.96,0.0,否
ORD2024010700184,2024-01-07,P0363,东北,线上第三方,1,1362.08,0.0,否
ORD2024080306628,2024-08-03,P0006,东北,企业团购,2,805.15,0.0,否
ORD2024082607329,2024-08-26,P0033,东北,线上第三方,2,2045.6,0.0,否
ORD2024091307860,2024-09-13,P0468,华中,线下经销商,1,347.43,0.21,是
ORD2024081006855,2024-08-10,P0261,华南,线上第三方,1,91.29,0.0,否
ORD2024120810619,2024-12-08,P0324,华中,线下经销商,2,118.34,0.0,否
ORD2024100708594,2024-10-07,P0071,华北,企业团购,1,4221.4,0.21,否
ORD2024053004568,2024-05-30,P0046,华北,线下经销商,1,4745.17,0.0,否
ORD2024101008696,2024-10-10,P0030,西北,线下直营店,2,3684.72,0.0,否
ORD2024102809193,2024-10-28,P0184,华中,线下直营店,2,742.39,0.0,否
ORD2024032802657,2024-03-28,P0269,东北,线上官网,1,65.91,0.25,否
ORD2024110409408,2024-11-04,P0021,西北,线下经销商,1,2112.98,0.0,否
ORD2024052104306,2024-05-21,P0025,西南,线上官网,2,3528.17,0.0,否
ORD2024030501962,2024-03-05,P0342,华中,线上官网,4,68.63,0.0,否
ORD2024061304993,2024-06-13,P0163,华南,线下经销商,4,1261.87,0.09,否
ORD2024061004892,2024-06-10,P0030,西北,线下经销商,4,3792.22,0.08,否
ORD2024071706139,2024-07-17,P0464,华东,线下经销商,4,1089.17,0.0,否
ORD2024070605816,2024-07-06,P0408,华中,线上第三方,1,197.48,0.0,否
ORD2024070805870,2024-07-08,P0488,华东,线下直营店,5,821.39,0.0,否
ORD2024092408193,2024-09-24,P0135,西北,线下经销商,2,2072.61,0.0,否
ORD2024121210742,2024-12-12,P0261,西南,线下直营店,3,89.44,0.17,否
ORD2024072006227,2024-07-20,P0275,华北,线下经销商,1,41.07,0.0,否
ORD2024102309064,2024-10-23,P0100,华北,线上官网,3,2048.75,0.0,否
ORD2024123111296,2024-12-31,P0191,西北,线上官网,1,1519.78,0.0,否
ORD2024091307882,2024-09-13,P0396,华南,企业团购,1,1175.02,0.26,否
ORD2024021101252,2024-02-11,P0398,西北,线上官网,2,1364.09,0.0,否
ORD2024041403177,2024-04-14,P0390,华南,线下经销商,1,1072.17,0.0,否
ORD2024061505073,2024-06-15,P0219,华中,企业团购,15,2252.67,0.0,否
ORD2024042003360,2024-04-20,P0227,西南,线上第三方,3,1020.57,0.21,是
ORD2024072806450,2024-07-28,P0348,西北,线上第三方,1,43.77,0.0,否
ORD2024081707052,2024-08-17,P0246,西南,线上第三方,2,59.01,0.0,否
ORD2024101408798,2024-10-14,P0052,华中,线上官网,2,1279.71,0.0,否
ORD2024092708300,2024-09-27,P0294,华北,企业团购,4,25.82,0.0,否
ORD2024041803290,2024-04-18,P0491,华中,企业团购,6,967.15,0.0,否
ORD2024120110425,2024-12-01,P0088,东北,线上第三方,1,3124.99,0.0,否
ORD2024111309897,2024-11-13,P0201,华东,线下经销商,4,1572.29,0.0,否
ORD2024041403191,2024-04-14,P0183,华东,线下直营店,1,557.19,0.0,否
ORD2024082407278,2024-08-24,P0481,华北,线下直营店,1,1683.49,0.0,否
ORD2024100508529,2024-10-05,P0233,华南,线上官网,1,654.38,0.0,否
ORD2024020401052,2024-02-04,P0385,华中,线下直营店,2,665.44,0.0,否
ORD2024051304070,2024-05-13,P0020,东北,企业团购,3,3676.58,0.19,否
ORD2024090907740,2024-09-09,P0019,华南,线下直营店,1,2059.45,0.0,否
ORD2024082007154,2024-08-20,P0233,东北,线上官网,1,644.1,0.0,否
ORD2024011000273,2024-01-10,P0102,西南,线上官网,2,4349.12,0.0,否
ORD2024030702043,2024-03-07,P0101,西南,线下直营店,1,4283.91,0.0,否
ORD2024060504764,2024-06-05,P0101,东北,线上官网,1,4539.45,0.0,否
ORD2024072606401,2024-07-26,P0319,华东,企业团购,4,178.27,0.26,否
ORD2024080506703,2024-08-05,P0332,华中,线上第三方,2,100.7,0.17,是
ORD2024081907133,2024-08-19,P0331,华北,企业团购,4,38.44,0.0,否
ORD2024020501087,2024-02-05,P0002,西南,线上官网,1,3414.35,0.0,否
ORD2024083107468,2024-08-31,P0493,西北,企业团购,2,1309.83,0.0,否
ORD2024092208149,2024-09-22,P0422,西南,线下直营店,1,1071.32,0.0,否
ORD2024081607047,2024-08-16,P0289,华东,线下经销商,2,77.46,0.0,否
ORD2024031202187,2024-03-12,P0060,西北,线下直营店,4,1062.1,0.0,否
ORD2024111810042,2024-11-18,P0179,东北,企业团购,2,248.61,0.0,否
ORD2024052204323,2024-05-22,P0477,华中,线下直营店,5,1877.79,0.0,否
ORD2024100608567,2024-10-06,P0359,华南,线下直营店,2,998.61,0.0,否
ORD2024102209030,2024-10-22,P0216,华北,企业团购,1,1590.73,0.0,否
ORD2024070605832,2024-07-06,P0044,华中,线下直营店,1,1082.13,0.0,否
ORD2024082207217,2024-08-22,P0029,华北,线上第三方,1,1178.54,0.0,否
ORD2024081807109,2024-08-18,P0229,西南,线上第三方,2,212.97,0.08,否
ORD2024113010399,2024-11-30,P0061,华东,线下经销商,2,514.73,0.0,否
ORD2024091507935,2024-09-15,P0251,华北,线上官网,1,94.97,0.0,否
ORD2024060404710,2024-06-04,P0443,华南,线上官网,2,831.8,0.0,否
ORD2024082407291,2024-08-24,P0040,华中,线上官网,2,1650.74,0.0,否
ORD2024102909239,2024-10-29,P0454,华东,企业团购,3,1172.49,0.13,否
ORD2024082307255,2024-08-23,P0088,西南,线上官网,1,3189.74,0.0,否
ORD2024111109817,2024-11-11,P0400,西南,线上官网,8,1354.35,0.0,否
ORD2024042403479,2024-04-24,P0394,华中,线上第三方,4,1458.42,0.0,否
ORD2024100908662,2024-10-09,P0488,西北,线上第三方,1,767.37,0.0,否
ORD2024050903925,2024-05-09,P0472,西南,线下经销商,5,692.65,0.0,否
ORD2024022701749,2024-02-27,P0459,华南,线上第三方,1,1092.43,0.0,否
ORD2024012500733,2024-01-25,P0354,西南,企业团购,1,74.7,0.0,否
ORD2024032402554,2024-03-24,P0070,华北,线下直营店,3,4326.98,0.13,否
ORD2024081607034,2024-08-16,P0488,东北,线上官网,2,773.61,0.0,否
ORD2024072506365,2024-07-25,P0174,西北,线上第三方,1,1762.11,0.16,否
ORD2024032802663,2024-03-28,P0108,西北,线上第三方,5,1384.64,0.0,否
ORD2024121610870,2024-12-16,P0269,华北,线下经销商,1,68.78,0.0,否
ORD2024121810920,2024-12-18,P0339,西南,企业团购,1,139.52,0.0,否
ORD2024041203114,2024-04-12,P0457,华北,线下直营店,2,695.46,0.0,是
ORD2024041803304,2024-04-18,P0452,西南,企业团购,1,95.52,0.0,否
ORD2024072106251,2024-07-21,P0049,华北,线上官网,1,4817.69,0.15,否
ORD2024021401345,2024-02-14,P0286,华北,线下经销商,2,135.82,0.0,否
ORD2024111609973,2024-11-16,P0256,华中,线下经销商,2,45.37,0.0,否
ORD2024022501691,2024-02-25,P0495,华东,线下经销商,3,1244.1,0.0,否
ORD2024072806467,2024-07-28,P0398,华北,线下经销商,1,1329.38,0.0,否
ORD2024092608273,2024-09-26,P0368,华南,企业团购,1,1007.15,0.0,否
ORD2024061505049,2024-06-15,P0265,华东,线下直营店,5,95.22,0.0,否
ORD2024072906493,2024-07-29,P0354,华东,线下直营店,3,75.32,0.1,否
ORD2024041803309,2024-04-18,P0061,华北,线下经销商,1,473.16,0.26,否
ORD2024021901505,2024-02-19,P0390,西南,线下经销商,1,1121.49,0.24,否
ORD2024112910375,2024-11-29,P0438,华南,线下经销商,3,1329.11,0.08,否
ORD2024022901807,2024-02-29,P0495,西北,企业团购,2,1234.47,0.0,否
ORD2024091808015,2024-09-18,P0400,西南,线下直营店,2,1243.59,0.26,否
ORD2024091908050,2024-09-19,P0213,西南,线下直营店,2,775.66,0.0,否
ORD2024050403792,2024-05-04,P0096,东北,线下直营店,1,1371.91,0.0,否
ORD2024061605218,2024-06-16,P0263,华东,线下经销商,1,126.1,0.0,否
ORD2024103009248,2024-10-30,P0189,华东,线上第三方,2,860.81,0.0,否
ORD2024121410789,2024-12-14,P0114,华中,企业团购,1,2932.78,0.0,否
ORD2024020501068,2024-02-05,P0145,华北,线下经销商,5,2035.01,0.0,是
ORD2024102709158,2024-10-27,P0424,华南,线下经销商,1,131.09,0.0,否
ORD2024121210756,2024-12-12,P0227,华北,企业团购,1,1048.83,0.0,否
ORD2024082307249,2024-08-23,P0499,华南,线上第三方,4,523.57,0.0,否
ORD2024032902697,2024-03-29,P0498,西北,线下经销商,5,1591.47,0.0,是
ORD2024030101849,2024-03-01,P0147,西南,线下直营店,4,715.35,0.0,否
ORD2024052804513,2024-05-28,P0156,西北,线上官网,1,967.57,0.22,否
ORD2024120310468,2024-12-03,P0336,华中,线下直营店,3,187.1,0.0,否
ORD2024032002432,2024-03-20,P0109,华北,企业团购,1,3811.25,0.0,否
ORD2024060204661,2024-06-02,P0191,西南,线下经销商,1,1434.59,0.0,否
ORD2024042303436,2024-04-23,P0253,华中,企业团购,6,150.99,0.0,否
ORD2024082107200,2024-08-21,P0086,华中,线上第三方,1,2556.25,0.0,否
ORD2024120810632,2024-12-08,P0320,华南,线上第三方,1,109.26,0.0,否
ORD2024010500143,2024-01-05,P0267,华南,线上官网,5,134.16,0.0,否
ORD2024062805587,2024-06-28,P0204,西南,线上官网,1,236.67,0.0,否
ORD2024111409935,2024-11-14,P0392,华北,线上官网,1,274.52,0.0,否
ORD2024080606718,2024-08-06,P0046,华南,线下直营店,1,4791.5,0.12,否
ORD2024081907130,2024-08-19,P0183,西北,线下经销商,4,558.46,0.0,否
ORD2024071606101,2024-07-16,P0232,西南,线下直营店,4,2096.69,0.0,否
ORD2024061905291,2024-06-19,P0367,华北,线上官网,5,837.7,0.0,否
ORD2024100108422,2024-10-01,P0265,华中,企业团购,3,97.14,0.0,否
ORD2024042203410,2024-04-22,P0072,华南,线下经销商,2,4155.76,0.0,否
ORD2024020701118,2024-02-07,P0462,华中,线上第三方,3,423.53,0.0,否
ORD2024081907143,2024-08-19,P0103,华中,线下经销商,2,4197.77,0.0,否
ORD2024022701757,2024-02-27,P0002,华中,线下经销商,4,3328.68,0.19,是
ORD2024011700498,2024-01-17,P0128,华东,企业团购,4,2051.51,0.0,否
ORD2024110209344,2024-11-02,P0247,华中,企业团购,1,76.34,0.0,否
ORD2024012900871,2024-01-29,P0374,华东,线上官网,5,717.8,0.0,否
ORD2024042003358,2024-04-20,P0246,华北,线下经销商,3,58.79,0.0,否
ORD2024013100913,2024-01-31,P0487,华南,线下经销商,2,1458.2,0.0,否
ORD2024012500722,2024-01-25,P0248,西北,企业团购,4,18.77,0.08,否
ORD2024040202806,2024-04-02,P0034,东北,线下直营店,2,157.94,0.0,否
ORD2024122911257,2024-12-29,P0114,东北,线上第三方,1,3001.14,0.0,否
ORD2024013000887,2024-01-30,P0296,华中,线下经销商,2,132.43,0.0,否
ORD2024121610874,2024-12-16,P0248,华东,线下经销商,1,19.03,0.0,否
ORD2024092908333,2024-09-29,P0497,华中,线上官网,2,449.45,0.0,否
ORD2024110409419,2024-11-04,P0218,华东,线下直营店,1,385.99,0.0,否
ORD2024101008701,2024-10-10,P0311,西南,线下直营店,4,70.04,0.0,否
ORD2024022001521,2024-02-20,P0145,华中,线下经销商,2,2044.69,0.0,否
ORD2024111209853,2024-11-12,P0460,华中,线上官网,3,562.99,0.0,否
ORD2024033102747,2024-03-31,P0250,华东,线下直营店,3,85.07,0.0,否
ORD2024082507307,2024-08-25,P0251,华中,线下直营店,2,92.0,0.0,否
ORD2024111509966,2024-11-15,P0303,华南,线上第三方,1,145.26,0.28,否
ORD2024011100315,2024-01-11,P0178,西北,线上官网,3,987.72,0.0,否
ORD2024022801800,2024-02-28,P0106,华南,线下直营店,2,3276.74,0.0,否
ORD2024011200328,2024-01-12,P0491,西南,线上第三方,3,1037.65,0.0,否
ORD2024123111326,2024-12-31,P0301,华中,线上官网,1,154.31,0.0,否
ORD2024051704205,2024-05-17,P0447,华南,线下经销商,4,375.1,0.0,否
ORD2024070705851,2024-07-07,P0496,东北,线上官网,1,1266.16,0.0,否
ORD2024071706130,2024-07-17,P0082,西南,线下经销商,4,684.3,0.0,否
ORD2024062405448,2024-06-24,P0416,华东,线下直营店,4,914.57,0.0,否
ORD2024041303130,2024-04-13,P0217,华南,线下直营店,3,1082.37,0.0,否
ORD2024030601997,2024-03-06,P0101,西北,线下直营店,2,4179.35,0.24,否
ORD2024100208432,2024-10-02,P0275,华南,线上官网,4,43.47,0.0,否
ORD2024051003969,2024-05-10,P0044,华中,线上官网,5,1006.92,0.0,否
ORD2024082807387,2024-08-28,P0167,华东,线上官网,2,843.11,0.0,否
ORD2024110309370,2024-11-03,P0124,西北,线下直营店,1,951.35,0.17,否
ORD2024030501974,2024-03-05,P0302,西南,企业团购,2,76.61,0.0,否
ORD2024011200337,2024-01-12,P0044,华北,线上官网,1,1093.42,0.0,否
ORD2024033102765,2024-03-31,P0220,华中,线下经销商,3,1879.4,0.25,否
ORD2024102008980,2024-10-20,P0196,西北,线上官网,2,426.39,0.12,否
ORD2024011000276,2024-01-10,P0323,华南,线下经销商,1,194.94,0.0,否
ORD2024040802986,2024-04-08,P0192,华东,线下经销商,1,1070.7,0.0,否
ORD2024082407277,2024-08-24,P0106,华南,线下经销商,2,3260.12,0.0,否
ORD2024122511145,2024-12-25,P0440,华东,企业团购,2,1237.41,0.17,否
ORD2024042403478,2024-04-24,P0393,华东,企业团购,6,1076.65,0.0,否
ORD2024080706752,2024-08-07,P0023,华中,线上第三方,4,3735.9,0.0,否
ORD2024042703559,2024-04-27,P0405,华北,线下直营店,2,1164.84,0.0,否
ORD2024082107192,2024-08-21,P0391,华中,线下直营店,4,963.05,0.0,否
ORD2024040202810,2024-04-02,P0246,东北,线上第三方,3,63.77,0.0,否
ORD2024112710324,2024-11-27,P0289,东北,线下经销商,3,78.94,0.26,否
ORD2024060804862,2024-06-08,P0438,华北,线上第三方,2,1342.36,0.0,否
ORD2024031702335,2024-03-17,P0240,华北,企业团购,1,1021.24,0.0,否
ORD2024110309364,2024-11-03,P0357,华南,线下经销商,1,81.33,0.0,否
ORD2024061705247,2024-06-17,P0362,西南,线上官网,5,1230.51,0.0,否
ORD2024042203417,2024-04-22,P0120,西南,企业团购,4,929.68,0.0,否
ORD2024011100308,2024-01-11,P0464,华东,企业团购,3,1045.49,0.0,否
ORD2024050803909,2024-05-08,P0307,华中,线上第三方,1,71.0,0.0,否
ORD2024100808629,2024-10-08,P0476,华北,线上第三方,1,1584.47,0.29,否
ORD2024011200349,2024-01-12,P0141,华中,线上第三方,4,912.9,0.0,否
ORD2024070905919,2024-07-09,P0235,华中,线上官网,3,2715.38,0.0,否
ORD2024012800827,2024-01-28,P0303,华东,线上第三方,1,150.57,0.27,否
ORD2024061905297,2024-06-19,P0343,华南,线下经销商,5,73.73,0.0,否
ORD2024121310768,2024-12-13,P0120,西南,企业团购,4,947.52,0.0,否
ORD2024102509126,2024-10-25,P0232,西北,线上第三方,4,2173.46,0.0,否
ORD2024052704483,2024-05-27,P0286,华东,企业团购,5,137.73,0.0,否
ORD2024123111315,2024-12-31,P0274,西南,线上第三方,1,23.87,0.0,否
ORD2024050103683,2024-05-01,P0160,华东,企业团购,3,1854.7,0.27,否
ORD2024090307560,2024-09-03,P0248,西南,线下经销商,4,18.05,0.0,否
ORD2024110709497,2024-11-07,P0200,西北,线上官网,4,2807.31,0.26,否
ORD2024030802054,2024-03-08,P0012,华南,线上第三方,3,1150.32,0.0,否
ORD2024081406988,2024-08-14,P0371,东北,企业团购,1,1168.43,0.0,否
ORD2024121710888,2024-12-17,P0301,华北,线上官网,3,150.95,0.06,否
ORD2024010300072,2024-01-03,P0429,华南,线下直营店,4,989.81,0.0,否
ORD2024101108711,2024-10-11,P0355,西北,企业团购,2,13.16,0.0,否
ORD2024100708605,2024-10-07,P0419,西北,企业团购,1,693.95,0.0,否
ORD2024091908062,2024-09-19,P0115,华中,线上官网,1,3559.0,0.0,否
ORD2024103009257,2024-10-30,P0139,西南,线下经销商,3,294.58,0.0,否
ORD2024062105357,2024-06-21,P0068,华中,线上第三方,5,4976.38,0.0,否
ORD2024022401667,2024-02-24,P0220,华南,企业团购,1,1844.18,0.0,否
ORD2024062805571,2024-06-28,P0002,东北,线上第三方,2,3407.72,0.15,否
ORD2024120410518,2024-12-04,P0438,华中,线上第三方,3,1358.3,0.0,否
ORD2024010200053,2024-01-02,P0134,华北,线上官网,4,67.37,0.0,否
ORD2024111109631,2024-11-11,P0263,华中,线上官网,32,116.34,0.19,否
ORD2024072106264,2024-07-21,P0300,华北,线下经销商,2,73.41,0.0,否
ORD2024021701446,2024-02-17,P0050,华北,线上官网,1,2055.89,0.0,否
ORD2024111509953,2024-11-15,P0307,华东,线下直营店,1,69.64,0.0,否
ORD2024082307244,2024-08-23,P0163,华东,线下直营店,2,1263.63,0.0,否
ORD2024022501696,2024-02-25,P0269,华东,线下直营店,1,71.19,0.0,否
ORD2024040502893,2024-04-05,P0060,西北,线上第三方,6,1013.26,0.0,否
ORD2024123111323,2024-12-31,P0023,华南,线下直营店,3,3811.68,0.0,否
ORD2024022101575,2024-02-21,P0385,西南,线上第三方,3,654.7,0.0,否
ORD2024100108420,2024-10-01,P0104,华南,线上官网,1,1752.06,0.0,否
ORD2024041503204,2024-04-15,P0178,西北,线下直营店,1,948.24,0.0,否
ORD2024052504406,2024-05-25,P0078,华中,线下经销商,2,2363.52,0.15,否
ORD2024022301631,2024-02-23,P0249,华东,线下经销商,2,19.23,0.0,否
ORD2024110809534,2024-11-08,P0236,华中,企业团购,4,1741.7,0.17,否
ORD2024030201882,2024-03-02,P0172,华东,线下直营店,3,2113.77,0.17,否
ORD2024122811232,2024-12-28,P0411,华北,线下直营店,2,267.83,0.0,否
ORD2024061505113,2024-06-15,P0247,西南,线下直营店,15,77.56,0.0,否
ORD2024070205709,2024-07-02,P0391,西北,线下直营店,1,975.42,0.15,否
ORD2024061505075,2024-06-15,P0376,华东,线上第三方,10,1304.99,0.0,否
ORD2024101608869,2024-10-16,P0356,华南,线下经销商,1,33.0,0.0,否
ORD2024112910379,2024-11-29,P0212,西北,线上第三方,1,709.55,0.0,否
ORD2024082107201,2024-08-21,P0033,华中,线下直营店,1,2185.27,0.16,否
ORD2024012900849,2024-01-29,P0120,西北,企业团购,3,907.87,0.0,否
ORD2024092108107,2024-09-21,P0365,华南,线上第三方,1,1134.88,0.0,否
ORD2024120110419,2024-12-01,P0330,华南,企业团购,2,88.84,0.15,否
ORD2024090207551,2024-09-02,P0361,东北,线上官网,1,1024.96,0.0,否
ORD2024040402878,2024-04-04,P0302,华中,线下经销商,6,77.62,0.0,否
ORD2024072506368,2024-07-25,P0133,华中,线下经销商,4,2791.03,0.0,否
ORD2024112710306,2024-11-27,P0096,东北,线上第三方,1,1411.23,0.0,否
ORD2024010700187,2024-01-07,P0390,华中,企业团购,2,1164.67,0.0,否
ORD2024050403780,2024-05-04,P0177,华北,线下经销商,2,273.74,0.29,否
ORD2024030101831,2024-03-01,P0276,华南,企业团购,1,202.87,0.0,否
ORD2024120610558,2024-12-06,P0121,西北,线上第三方,1,2715.36,0.0,否
ORD2024040702960,2024-04-07,P0451,东北,线下直营店,2,361.4,0.0,否
ORD2024120310473,2024-12-03,P0352,东北,线上官网,2,105.74,0.0,是
ORD2024101808903,2024-10-18,P0029,西北,线上官网,3,1153.1,0.0,否
ORD2024062405447,2024-06-24,P0203,东北,线下经销商,2,1793.9,0.0,否
ORD2024021001235,2024-02-10,P0028,华东,线上官网,3,643.55,0.0,否
ORD2024120210448,2024-12-02,P0055,华南,企业团购,1,697.58,0.0,否
ORD2024050803916,2024-05-08,P0361,华东,企业团购,4,1089.28,0.0,否
ORD2024011600447,2024-01-16,P0458,东北,线下直营店,1,135.13,0.0,否
ORD2024100108419,2024-10-01,P0275,华北,线下经销商,3,43.09,0.0,否
ORD2024070605840,2024-07-06,P0054,东北,企业团购,1,4976.94,0.0,否
ORD2024012900845,2024-01-29,P0062,西北,线下经销商,3,652.07,0.0,否
ORD2024061605202,2024-06-16,P0456,华南,线下直营店,3,575.02,0.0,否
ORD2024082907426,2024-08-29,P0332,华南,线下经销商,1,101.51,0.0,否
ORD2024081406962,2024-08-14,P0339,华中,线下经销商,4,129.06,0.0,是
ORD2024032002441,2024-03-20,P0328,东北,线上官网,5,18.87,0.0,否
ORD2024041203104,2024-04-12,P0089,西南,企业团购,6,3528.13,0.0,否
ORD2024111109727,2024-11-11,P0366,东北,线上第三方,24,975.48,0.12,否
ORD2024060604775,2024-06-06,P0463,西北,线下经销商,3,486.27,0.0,否
ORD2024122511127,2024-12-25,P0434,西南,线上第三方,1,610.81,0.0,否
ORD2024071506095,2024-07-15,P0055,西南,线下经销商,1,676.07,0.0,否
ORD2024021201295,2024-02-12,P0270,华南,线下经销商,2,138.34,0.0,否
ORD2024073106544,2024-07-31,P0116,西北,线上第三方,4,3402.41,0.25,否
ORD2024062605519,2024-06-26,P0331,华中,线下经销商,5,39.03,0.0,否
ORD2024112410217,2024-11-24,P0237,东北,线下直营店,2,573.84,0.0,否
ORD2024061505068,2024-06-15,P0105,西南,线下直营店,5,4703.65,0.0,否
ORD2024042303443,2024-04-23,P0399,华中,线上第三方,1,751.64,0.0,否
ORD2024110909567,2024-11-09,P0299,华北,线下直营店,1,109.0,0.18,是
ORD2024101208753,2024-10-12,P0258,华北,线下直营店,2,143.27,0.0,否
ORD2024110509446,2024-11-05,P0393,西南,企业团购,1,1061.17,0.0,否
ORD2024091207841,2024-09-12,P0459,华北,线下经销商,2,1151.89,0.0,否
ORD2024012700777,2024-01-27,P0316,西南,线下经销商,3,48.44,0.0,否
ORD2024122111009,2024-12-21,P0026,华东,线上官网,1,2985.39,0.0,否
ORD2024120510525,2024-12-05,P0498,西北,线下直营店,4,1531.33,0.0,否
ORD2024072306325,2024-07-23,P0124,西北,线上官网,1,982.28,0.25,否
ORD2024031102154,2024-03-11,P0495,东北,线下经销商,4,1271.78,0.0,否
ORD2024062705559,2024-06-27,P0120,东北,线下直营店,4,892.18,0.0,否
ORD2024061104921,2024-06-11,P0181,华北,线上第三方,4,2043.52,0.0,否
ORD2024090507631,2024-09-05,P0336,华北,线下经销商,1,185.13,0.0,否
ORD2024122010992,2024-12-20,P0376,西北,企业团购,1,1379.84,0.0,否
ORD2024122311098,2024-12-23,P0170,华东,企业团购,4,1134.84,0.0,否
ORD2024041303137,2024-04-13,P0013,华中,线下经销商,2,3082.03,0.0,否
ORD2024110909547,2024-11-09,P0386,东北,线下直营店,2,891.96,0.0,否
ORD2024062405463,2024-06-24,P0367,西南,线上第三方,3,797.36,0.0,否
ORD2024092608254,2024-09-26,P0444,东北,线上官网,1,1108.52,0.0,否
ORD2024102809194,2024-10-28,P0267,西北,企业团购,4,125.89,0.0,是
ORD2024041403184,2024-04-14,P0213,华南,线下直营店,1,777.8,0.0,否
ORD2024110409416,2024-11-04,P0200,西南,线上官网,2,3006.23,0.0,否
ORD2024030401944,2024-03-04,P0061,华东,线下直营店,1,471.31,0.26,是
ORD2024102209024,2024-10-22,P0446,华东,线下直营店,2,398.08,0.0,否
ORD2024041503200,2024-04-15,P0295,东北,线下直营店,3,128.76,0.08,否
ORD2024112310201,2024-11-23,P0373,西北,线下经销商,1,1490.51,0.0,否
ORD2024021201290,2024-02-12,P0467,华南,企业团购,2,1564.46,0.0,否
ORD2024053004582,2024-05-30,P0141,华中,企业团购,4,884.3,0.0,否
ORD2024072406336,2024-07-24,P0274,华中,线下直营店,4,22.55,0.0,否
ORD2024091607954,2024-09-16,P0470,华中,线上官网,2,176.25,0.0,否
ORD2024112110127,2024-11-21,P0321,西南,线下直营店,1,129.14,0.0,否
ORD2024121410814,2024-12-14,P0335,西北,线下经销商,2,37.71,0.0,否
ORD2024100208455,2024-10-02,P0322,东北,线上官网,4,95.97,0.0,否
ORD2024051404107,2024-05-14,P0312,华北,线下直营店,1,91.88,0.11,否
ORD2024051504127,2024-05-15,P0397,华北,线上官网,4,802.97,0.0,否
ORD2024103109301,2024-10-31,P0122,东北,线上官网,4,3960.17,0.0,否
ORD2024051003967,2024-05-10,P0354,华北,企业团购,5,77.37,0.0,否
ORD2024030201880,2024-03-02,P0358,东北,线下经销商,2,797.07,0.1,否
ORD2024111109622,2024-11-11,P0375,华北,线下直营店,8,228.96,0.0,否
ORD2024120510538,2024-12-05,P0355,华中,线下经销商,2,14.25,0.22,否
ORD2024100908646,2024-10-09,P0147,华中,企业团购,1,694.03,0.0,否
ORD2024062405458,2024-06-24,P0348,华北,线上官网,4,46.15,0.0,否
ORD2024091707977,2024-09-17,P0033,华东,线下经销商,4,2074.97,0.0,否
ORD2024042803588,2024-04-28,P0123,华东,线上官网,3,2250.72,0.0,否
ORD2024111509963,2024-11-15,P0497,西南,企业团购,1,475.63,0.1,否
ORD2024050703866,2024-05-07,P0447,华东,企业团购,3,356.09,0.12,否
ORD2024031102149,2024-03-11,P0289,华中,企业团购,4,82.79,0.0,否
ORD2024051504132,2024-05-15,P0185,东北,企业团购,1,837.02,0.25,否
ORD2024020401037,2024-02-04,P0347,华中,线上官网,2,174.02,0.0,否
ORD2024012200637,2024-01-22,P0253,东北,企业团购,3,149.97,0.0,否
ORD2024122311088,2024-12-23,P0463,西北,企业团购,1,465.1,0.0,否
ORD2024051504135,2024-05-15,P0233,华中,线上第三方,3,612.02,0.0,否
ORD2024081106885,2024-08-11,P0114,华北,线上官网,2,3006.42,0.0,否
ORD2024020501084,2024-02-05,P0091,华中,线上官网,1,921.76,0.0,否
ORD2024012900862,2024-01-29,P0353,华中,线下经销商,2,26.49,0.0,否
ORD2024061605213,2024-06-16,P0338,西北,线下经销商,2,48.88,0.0,否
ORD2024013000904,2024-01-30,P0368,西北,线上官网,2,1047.15,0.0,否
ORD2024010700192,2024-01-07,P0500,华中,线上第三方,1,793.8,0.0,否
ORD2024010400110,2024-01-04,P0276,华南,企业团购,4,187.65,0.0,否
ORD2024071306027,2024-07-13,P0011,华北,线上第三方,2,1920.27,0.14,否
ORD2024052604456,2024-05-26,P0103,华南,线下经销商,2,4276.48,0.0,否
ORD2024030401943,2024-03-04,P0329,西北,企业团购,4,142.38,0.0,否
ORD2024080906821,2024-08-09,P0414,华中,线下直营店,4,374.98,0.0,否
ORD2024052204332,2024-05-22,P0076,华北,企业团购,4,3191.33,0.13,否
ORD2024111810038,2024-11-18,P0435,华南,线下经销商,1,407.6,0.0,否
ORD2024111109677,2024-11-11,P0034,华北,线上第三方,24,160.63,0.0,否
ORD2024071005928,2024-07-10,P0162,华南,线下直营店,5,1788.44,0.08,否
ORD2024030702041,2024-03-07,P0222,华东,线上第三方,1,342.58,0.0,否
ORD2024101408792,2024-10-14,P0368,东北,线上官网,2,1044.71,0.24,否
ORD2024100408507,2024-10-04,P0331,华中,线下经销商,1,39.88,0.0,否
ORD2024060904879,2024-06-09,P0443,西南,线下直营店,1,826.03,0.0,否
ORD2024060204660,2024-06-02,P0130,华北,企业团购,1,823.63,0.0,否
ORD2024061305002,2024-06-13,P0351,华南,企业团购,2,83.42,0.0,否
ORD2024040102776,2024-04-01,P0210,华北,线上第三方,6,1085.64,0.07,否
ORD2024051604146,2024-05-16,P0467,华南,线上官网,1,1586.62,0.0,否
ORD2024031702324,2024-03-17,P0086,华南,线下经销商,1,2501.55,0.0,否
ORD2024012600763,2024-01-26,P0473,西北,线上官网,5,1671.74,0.0,否
ORD2024070905922,2024-07-09,P0330,西北,线下经销商,3,91.8,0.0,否
ORD2024032702618,2024-03-27,P0002,西北,线下经销商,4,3246.8,0.24,否
ORD2024032002412,2024-03-20,P0266,华东,线下直营店,4,39.62,0.0,否
ORD2024020601095,2024-02-06,P0487,华中,线上第三方,5,1511.58,0.14,否
ORD2024071406066,2024-07-14,P0081,华中,线上官网,3,2524.54,0.09,否
ORD2024091507926,2024-09-15,P0331,华东,线下直营店,1,39.2,0.0,否
ORD2024053104590,2024-05-31,P0042,华北,线下经销商,5,4025.75,0.25,否
ORD2024071306035,2024-07-13,P0436,华北,线下直营店,1,1266.24,0.0,否
ORD2024082107203,2024-08-21,P0418,西北,线上第三方,4,109.15,0.14,否
ORD2024041303136,2024-04-13,P0482,华中,线上第三方,2,1140.89,0.0,否
ORD2024082607320,2024-08-26,P0389,华北,线上第三方,3,708.99,0.0,否
ORD2024061505041,2024-06-15,P0076,华南,线下直营店,5,3077.12,0.0,否
ORD2024120210442,2024-12-02,P0167,华东,线上第三方,3,808.28,0.0,否
ORD2024062305429,2024-06-23,P0434,华中,线下直营店,3,654.06,0.0,否
ORD2024073006524,2024-07-30,P0349,华中,线上官网,5,165.0,0.0,否
ORD2024072706420,2024-07-27,P0399,华中,线上官网,1,744.42,0.0,否
ORD2024101208749,2024-10-12,P0498,西南,线下经销商,1,1609.41,0.0,否
ORD2024050503806,2024-05-05,P0293,华北,线上第三方,2,50.39,0.0,否
ORD2024013000885,2024-01-30,P0061,华南,线上官网,4,501.43,0.0,否
ORD2024032802655,2024-03-28,P0014,西北,线下经销商,1,4736.55,0.0,否
ORD2024081006849,2024-08-10,P0008,西南,线下直营店,1,2728.02,0.0,否
ORD2024091507943,2024-09-15,P0375,华北,企业团购,1,235.8,0.0,否
ORD2024120210452,2024-12-02,P0356,华东,线上官网,3,31.79,0.0,否
ORD2024011600465,2024-01-16,P0103,西南,线上官网,4,4334.92,0.25,否
ORD2024021101258,2024-02-11,P0305,华南,线上官网,1,64.31,0.25,否
ORD2024102008956,2024-10-20,P0422,华北,线上第三方,1,1123.36,0.0,否
ORD2024082507314,2024-08-25,P0355,东北,线下经销商,1,12.95,0.21,否
ORD2024052004275,2024-05-20,P0293,华北,线上官网,2,49.13,0.0,否
ORD2024061605193,2024-06-16,P0124,东北,线下直营店,1,979.9,0.0,否
ORD2024090607672,2024-09-06,P0445,华南,线下经销商,1,784.26,0.0,否
ORD2024122010976,2024-12-20,P0123,东北,线上第三方,4,2248.07,0.27,否
ORD2024072006232,2024-07-20,P0332,西北,线上官网,1,100.04,0.0,否
ORD2024061905301,2024-06-19,P0050,华北,线上官网,5,2008.49,0.0,否
ORD2024031202203,2024-03-12,P0375,华中,线下直营店,1,216.35,0.0,否
ORD2024102909226,2024-10-29,P0421,华中,企业团购,3,285.39,0.0,否
ORD2024092308168,2024-09-23,P0472,华南,线上第三方,1,674.22,0.0,是
ORD2024021101263,2024-02-11,P0122,华中,线下直营店,1,4278.97,0.0,否
ORD2024081106890,2024-08-11,P0484,华南,线上官网,2,259.55,0.0,否
ORD2024020100976,2024-02-01,P0222,华南,线下经销商,1,332.67,0.0,否
ORD2024090107506,2024-09-01,P0145,西北,线上官网,2,2102.82,0.12,否
ORD2024070705867,2024-07-07,P0101,东北,线下经销商,1,4538.68,0.0,否
ORD2024061104926,2024-06-11,P0094,华中,线下经销商,5,3640.04,0.0,否
ORD2024013100942,2024-01-31,P0418,西北,线上官网,3,115.95,0.13,否
ORD2024061805264,2024-06-18,P0272,西南,企业团购,3,30.13,0.0,否
ORD2024080106583,2024-08-01,P0373,西南,企业团购,1,1487.51,0.0,否
ORD2024060404724,2024-06-04,P0339,华南,线下直营店,3,129.91,0.0,否
ORD2024031902388,2024-03-19,P0496,西南,线下直营店,2,1280.53,0.0,否
ORD2024122111023,2024-12-21,P0017,华东,线上第三方,1,2013.97,0.16,否
ORD2024061405022,2024-06-14,P0483,华南,线上官网,1,1716.82,0.21,否
ORD2024052404392,2024-05-24,P0317,东北,企业团购,5,33.29,0.3,否
ORD2024061505149,2024-06-15,P0386,东北,线下经销商,5,898.28,0.0,否
ORD2024041603222,2024-04-16,P0004,西南,线下直营店,3,3125.43,0.0,否
ORD2024050703883,2024-05-07,P0319,华中,线上官网,5,192.15,0.0,否
ORD2024081707079,2024-08-17,P0365,东北,线上官网,2,1071.35,0.0,否
ORD2024121010699,2024-12-10,P0444,华东,线下经销商,4,1115.32,0.0,否
ORD2024022301611,2024-02-23,P0004,东北,线上第三方,2,3272.85,0.07,否
ORD2024090407607,2024-09-04,P0201,华中,线上第三方,1,1638.06,0.22,否
ORD2024071005954,2024-07-10,P0234,东北,线下直营店,5,1721.3,0.0,否
ORD2024040102790,2024-04-01,P0250,华中,线上第三方,2,81.45,0.11,否
ORD2024020100945,2024-02-01,P0239,华中,线上官网,4,1960.48,0.0,否
ORD2024112010097,2024-11-20,P0057,华东,线上官网,4,4091.54,0.0,否
ORD2024030201858,2024-03-02,P0357,西北,线上官网,1,80.89,0.21,否
ORD2024111109827,2024-11-11,P0219,华北,线下直营店,24,2327.91,0.14,否
ORD2024051404109,2024-05-14,P0448,华北,线上官网,5,1163.8,0.0,否
ORD2024061605214,2024-06-16,P0101,华中,线下经销商,2,4195.4,0.0,是
ORD2024111109644,2024-11-11,P0072,华东,线上第三方,32,3837.09,0.0,否
ORD2024041703256,2024-04-17,P0296,华北,线上第三方,1,135.15,0.0,否
ORD2024032902691,2024-03-29,P0062,华北,企业团购,3,641.27,0.0,否
ORD2024082907413,2024-08-29,P0059,东北,线上第三方,1,3587.26,0.0,否
ORD2024060104628,2024-06-01,P0200,华中,线下经销商,1,2766.15,0.0,否
ORD2024100308470,2024-10-03,P0212,西南,线上第三方,3,706.78,0.0,否
ORD2024021301320,2024-02-13,P0401,华中,线上官网,2,715.98,0.0,否
ORD2024100708589,2024-10-07,P0179,西南,线下经销商,1,231.14,0.0,否
ORD2024122711189,2024-12-27,P0144,华中,线上官网,1,1299.85,0.0,否
ORD2024061505163,2024-06-15,P0353,西南,线上官网,15,28.78,0.0,否
ORD2024090107504,2024-09-01,P0339,西北,线下直营店,1,132.4,0.0,否
ORD2024110709494,2024-11-07,P0482,西南,线下经销商,1,1081.89,0.0,否
ORD2024090607659,2024-09-06,P0171,华东,企业团购,1,1118.95,0.26,否
ORD2024112610297,2024-11-26,P0376,东北,线上第三方,4,1299.11,0.0,否
ORD2024042403476,2024-04-24,P0082,华南,线上官网,3,681.45,0.0,否
ORD2024042503506,2024-04-25,P0236,西南,线下经销商,4,1768.84,0.0,否
ORD2024060504750,2024-06-05,P0420,华中,线上官网,2,1123.8,0.0,是
ORD2024032202478,2024-03-22,P0041,华中,线上第三方,2,747.98,0.13,否
ORD2024081707067,2024-08-17,P0275,华北,企业团购,1,42.56,0.0,否
ORD2024092908356,2024-09-29,P0039,西北,线下经销商,2,319.92,0.0,否
ORD2024111910057,2024-11-19,P0128,西南,线下直营店,3,2147.84,0.0,否
ORD2024052804502,2024-05-28,P0445,东北,线上第三方,1,842.59,0.3,否
ORD2024100608580,2024-10-06,P0240,华中,线下经销商,1,1071.1,0.0,否
ORD2024122611172,2024-12-26,P0444,西北,线上第三方,3,1111.66,0.0,否
ORD2024072406337,2024-07-24,P0046,东北,线下经销商,1,4637.12,0.0,否
ORD2024100208461,2024-10-02,P0135,东北,线下直营店,1,2226.05,0.0,否
ORD2024030201875,2024-03-02,P0391,西北,线上第三方,1,957.92,0.0,否
ORD2024111109647,2024-11-11,P0088,东北,线上官网,8,3177.4,0.0,否
ORD2024080806798,2024-08-08,P0249,西北,线下直营店,1,19.19,0.0,否
ORD2024121010698,2024-12-10,P0494,西南,线下直营店,4,367.39,0.0,否
ORD2024061505097,2024-06-15,P0156,东北,线下直营店,5,984.19,0.21,否
ORD2024040502905,2024-04-05,P0399,西南,线下经销商,6,733.91,0.0,否
ORD2024012000571,2024-01-20,P0395,西北,线上官网,3,1088.63,0.0,否
ORD2024021701449,2024-02-17,P0144,华北,企业团购,1,1230.53,0.0,否
ORD2024090607666,2024-09-06,P0392,东北,线下直营店,3,271.02,0.17,否
ORD2024091808022,2024-09-18,P0259,东北,线下经销商,4,186.27,0.0,否
ORD2024092208150,2024-09-22,P0011,华南,企业团购,2,1948.84,0.0,否
ORD2024101408805,2024-10-14,P0033,西南,线上官网,1,2160.02,0.0,否
ORD2024092708293,2024-09-27,P0493,华北,线上第三方,3,1241.55,0.0,否
ORD2024081907144,2024-08-19,P0301,西北,线下经销商,1,152.47,0.0,否
ORD2024070705842,2024-07-07,P0378,华南,企业团购,1,615.56,0.0,否
ORD2024092608269,2024-09-26,P0393,东北,线下直营店,1,1053.52,0.0,否
ORD2024041603227,2024-04-16,P0404,西北,企业团购,2,111.15,0.26,否
ORD2024122111039,2024-12-21,P0395,华中,线下经销商,2,1042.59,0.0,否
ORD2024090807720,2024-09-08,P0309,华中,线上官网,1,183.26,0.0,否
ORD2024051003979,2024-05-10,P0464,西北,线上第三方,2,1118.33,0.0,否
ORD2024052404384,2024-05-24,P0249,华北,企业团购,1,19.46,0.0,否
ORD2024070605835,2024-07-06,P0031,西北,线上第三方,1,2660.17,0.0,否
ORD2024102008975,2024-10-20,P0274,西北,线上官网,1,24.03,0.0,否
ORD2024101808910,2024-10-18,P0033,华北,企业团购,2,2073.56,0.23,否
ORD2024042603540,2024-04-26,P0272,西南,线下经销商,1,30.21,0.0,否
ORD2024082507316,2024-08-25,P0132,西南,线下经销商,2,1461.38,0.24,否
ORD2024112210155,2024-11-22,P0267,东北,线下直营店,2,134.68,0.0,否
ORD2024111910078,2024-11-19,P0064,华中,线上官网,2,219.61,0.0,否
ORD2024090207543,2024-09-02,P0212,华东,企业团购,1,704.74,0.05,否
ORD2024070105682,2024-07-01,P0165,西北,企业团购,5,864.85,0.0,否
ORD2024040302828,2024-04-03,P0329,华北,企业团购,6,150.09,0.12,否
ORD2024070405781,2024-07-04,P0053,华中,企业团购,3,3305.09,0.0,否
ORD2024042903635,2024-04-29,P0348,东北,线下直营店,1,45.42,0.0,否
ORD2024061304997,2024-06-13,P0160,东北,线下经销商,4,1881.49,0.0,否
ORD2024021401339,2024-02-14,P0270,东北,线上官网,2,144.23,0.0,否
ORD2024041703263,2024-04-17,P0293,西北,线上官网,3,48.55,0.0,否
ORD2024111209855,2024-11-12,P0411,华中,线上第三方,4,250.72,0.14,否
ORD2024090807718,2024-09-08,P0385,华中,线下经销商,2,717.69,0.0,否
ORD2024070305742,2024-07-03,P0120,东北,线下经销商,2,925.06,0.0,否
ORD2024012200651,2024-01-22,P0283,东北,线下直营店,2,188.05,0.0,否
ORD2024071406040,2024-07-14,P0153,西北,企业团购,1,1762.95,0.0,否
ORD2024040502903,2024-04-05,P0076,东北,企业团购,1,3136.11,0.0,否
ORD2024031402259,2024-03-14,P0171,东北,线上官网,1,1165.61,0.0,否
ORD2024062205396,2024-06-22,P0034,华北,线下经销商,3,162.21,0.16,否
ORD2024101508829,2024-10-15,P0122,华东,企业团购,4,4217.46,0.0,否
ORD2024102709159,2024-10-27,P0435,华南,线下直营店,1,398.56,0.0,否
ORD2024042603522,2024-04-26,P0142,东北,线下经销商,6,1889.09,0.0,否
ORD2024033002731,2024-03-30,P0389,西南,企业团购,2,719.27,0.0,否
ORD2024081807110,2024-08-18,P0421,华东,线下经销商,1,290.5,0.0,否
ORD2024052704479,2024-05-27,P0310,华北,线下经销商,1,122.1,0.0,否
ORD2024070105661,2024-07-01,P0349,西北,线上第三方,2,165.24,0.0,否
ORD2024022201597,2024-02-22,P0319,华中,线下经销商,1,189.31,0.16,否
ORD2024010200068,2024-01-02,P0426,东北,线下经销商,1,122.55,0.0,否
ORD2024032502585,2024-03-25,P0027,东北,线下直营店,5,3723.48,0.23,是
ORD2024110409415,2024-11-04,P0453,西南,线下直营店,2,70.24,0.0,否
ORD2024072206282,2024-07-22,P0298,华东,企业团购,4,113.55,0.0,否
ORD2024041503197,2024-04-15,P0395,东北,线上第三方,2,1092.21,0.0,否
ORD2024091007773,2024-09-10,P0480,华南,企业团购,3,286.6,0.0,否
ORD2024062005328,2024-06-20,P0167,华中,线上第三方,1,808.43,0.0,否
ORD2024102108992,2024-10-21,P0409,东北,企业团购,1,1291.83,0.0,否
ORD2024081306928,2024-08-13,P0189,西北,线下经销商,4,860.96,0.12,否
ORD2024021101259,2024-02-11,P0208,西南,企业团购,3,2069.32,0.0,否
ORD2024080906809,2024-08-09,P0159,西北,企业团购,1,1376.97,0.0,否
ORD2024072406351,2024-07-24,P0253,西北,线下直营店,5,159.12,0.0,否
ORD2024111109654,2024-11-11,P0275,华中,线下经销商,8,43.51,0.0,否
ORD2024020200992,2024-02-02,P0338,西北,线下经销商,5,45.28,0.0,否
ORD2024042503505,2024-04-25,P0454,西南,线下直营店,6,1136.8,0.0,否
ORD2024010400114,2024-01-04,P0268,西南,线下直营店,1,76.13,0.0,否
ORD2024013100920,2024-01-31,P0075,西北,线上官网,5,5186.51,0.0,否
ORD2024032302510,2024-03-23,P0310,华中,线下直营店,2,128.61,0.0,否
ORD2024120910659,2024-12-09,P0378,华北,线上第三方,1,620.16,0.12,否
ORD2024010600166,2024-01-06,P0138,西南,线下经销商,1,243.55,0.29,否
ORD2024080706742,2024-08-07,P0367,西北,企业团购,3,855.27,0.0,否
ORD2024110309377,2024-11-03,P0220,东北,线下经销商,1,2008.93,0.0,否
ORD2024111109681,2024-11-11,P0119,东北,线下直营店,24,4743.53,0.27,否
ORD2024113010390,2024-11-30,P0238,东北,线下直营店,1,559.94,0.0,否
ORD2024053104604,2024-05-31,P0453,西南,线下直营店,2,65.91,0.0,否
ORD2024092908349,2024-09-29,P0332,华北,企业团购,1,101.25,0.0,是
ORD2024111109637,2024-11-11,P0492,西北,线下直营店,8,164.8,0.0,否
ORD2024020100950,2024-02-01,P0280,东北,企业团购,4,76.99,0.0,否
ORD2024053104595,2024-05-31,P0367,华东,线上官网,4,803.54,0.12,否
ORD2024082707368,2024-08-27,P0245,东北,线上第三方,2,2886.98,0.0,否
ORD2024050403771,2024-05-04,P0137,华东,线下直营店,3,760.81,0.17,否
ORD2024032302507,2024-03-23,P0470,西北,企业团购,1,170.83,0.0,否
ORD2024061505108,2024-06-15,P0291,华南,企业团购,5,35.68,0.0,否
ORD2024040302851,2024-04-03,P0227,东北,线上第三方,4,1024.91,0.0,否
ORD2024071206001,2024-07-12,P0310,东北,线下经销商,4,128.81,0.3,否
ORD2024092608261,2024-09-26,P0468,华中,线下经销商,1,361.83,0.0,是
ORD2024123111303,2024-12-31,P0191,华北,线上第三方,4,1452.99,0.0,否
ORD2024081206913,2024-08-12,P0101,华中,线上第三方,2,4386.55,0.0,否
ORD2024110509425,2024-11-05,P0217,华南,线下直营店,3,1050.33,0.0,否
ORD2024052604447,2024-05-26,P0260,华北,线上官网,3,63.18,0.11,否
ORD2024070505795,2024-07-05,P0191,华东,线下经销商,2,1456.44,0.1,否
ORD2024052604461,2024-05-26,P0405,西北,线下直营店,2,1210.62,0.0,否
ORD2024112210163,2024-11-22,P0187,华北,企业团购,2,2920.54,0.0,否
ORD2024032302506,2024-03-23,P0456,华东,线上官网,1,598.99,0.16,否
ORD2024100708590,2024-10-07,P0158,华北,线下直营店,1,2482.84,0.0,否
ORD2024080206624,2024-08-02,P0393,东北,线上官网,1,1038.1,0.27,否
ORD2024020701115,2024-02-07,P0347,华中,线下经销商,2,172.49,0.17,否
ORD2024110709509,2024-11-07,P0016,华南,线上第三方,3,391.32,0.0,否
ORD2024011100299,2024-01-11,P0160,西北,线上官网,2,1773.61,0.23,否
ORD2024022501676,2024-02-25,P0100,东北,线上第三方,1,2105.11,0.0,否
ORD2024042003348,2024-04-20,P0088,华北,线上官网,2,3192.79,0.0,否
ORD2024071806171,2024-07-18,P0372,东北,线上第三方,4,1299.62,0.0,否
ORD2024033102736,2024-03-31,P0078,华北,线下直营店,1,2229.66,0.0,否
ORD2024070105670,2024-07-01,P0044,华中,企业团购,2,1042.52,0.06,否
ORD2024112810329,2024-11-28,P0500,东北,企业团购,3,774.25,0.0,否
ORD2024061304989,2024-06-13,P0186,华北,线上第三方,5,480.3,0.0,是
ORD2024112310195,2024-11-23,P0284,华中,线下经销商,1,86.4,0.09,否
ORD2024111109845,2024-11-11,P0131,华中,线上官网,16,2324.86,0.0,否
ORD2024090207557,2024-09-02,P0036,华东,企业团购,4,1217.32,0.0,是
ORD2024052204326,2024-05-22,P0111,华中,线下经销商,2,146.82,0.0,否
ORD2024051604173,2024-05-16,P0391,华南,线上官网,1,934.1,0.0,否
ORD2024090407601,2024-09-04,P0478,华东,线下经销商,4,1134.45,0.0,否
ORD2024052904551,2024-05-29,P0270,华北,线下直营店,5,134.4,0.0,否
ORD2024081306943,2024-08-13,P0326,华中,线下直营店,2,157.97,0.23,否
ORD2024121310764,2024-12-13,P0141,西北,线下经销商,3,922.64,0.0,否
ORD2024102409076,2024-10-24,P0145,西南,线上官网,1,2104.45,0.0,否
ORD2024030902104,2024-03-09,P0395,华中,线上官网,1,1059.98,0.24,否
ORD2024062005337,2024-06-20,P0189,西北,线下直营店,2,845.65,0.0,否
ORD2024083107486,2024-08-31,P0395,华北,线下经销商,2,1088.02,0.0,是
ORD2024050303760,2024-05-03,P0368,华中,线下经销商,2,1029.99,0.0,否
ORD2024101608859,2024-10-16,P0001,西北,线下直营店,1,608.13,0.0,否
ORD2024030101838,2024-03-01,P0351,华北,线上第三方,4,81.93,0.0,否
ORD2024102509113,2024-10-25,P0046,华东,线上第三方,1,5015.72,0.0,否
ORD2024110409420,2024-11-04,P0399,东北,线下直营店,1,742.97,0.0,否
ORD2024121110719,2024-12-11,P0500,西北,线下经销商,1,763.02,0.0,否
ORD2024070205711,2024-07-02,P0477,华南,线上第三方,3,1934.68,0.0,否
ORD2024012100608,2024-01-21,P0320,华中,线下经销商,3,107.25,0.0,否
ORD2024090907754,2024-09-09,P0378,西南,线下经销商,1,655.35,0.2,否
ORD2024020601094,2024-02-06,P0028,西南,线上官网,4,657.29,0.0,否
ORD2024081506992,2024-08-15,P0419,华东,线上第三方,3,694.73,0.0,否
ORD2024080606719,2024-08-06,P0220,华中,线下经销商,4,1856.15,0.0,否
ORD2024092108125,2024-09-21,P0431,华北,线下经销商,1,560.87,0.26,否
ORD2024112210159,2024-11-22,P0494,华东,线下经销商,4,352.82,0.25,否
ORD2024052704488,2024-05-27,P0153,西北,线上第三方,5,1673.67,0.0,否
ORD2024010600161,2024-01-06,P0298,东北,线上第三方,1,111.45,0.0,否
ORD2024010700204,2024-01-07,P0005,华南,企业团购,3,4145.22,0.0,否
ORD2024072906484,2024-07-29,P0453,西北,线上官网,2,69.14,0.0,否
ORD2024050903941,2024-05-09,P0453,华中,线上第三方,2,67.95,0.11,否
ORD2024112710320,2024-11-27,P0445,华东,企业团购,4,791.78,0.0,否
ORD2024071606104,2024-07-16,P0029,华中,企业团购,4,1175.52,0.22,否
ORD2024061104934,2024-06-11,P0347,东北,线下经销商,1,167.52,0.22,否
ORD2024040602935,2024-04-06,P0367,华北,线上官网,1,798.57,0.0,否
ORD2024022901815,2024-02-29,P0232,华南,线下经销商,4,2125.68,0.06,否
ORD2024032002436,2024-03-20,P0135,华南,线下直营店,2,2088.26,0.0,否
ORD2024021001231,2024-02-10,P0434,华南,线下经销商,1,652.94,0.0,否
ORD2024111109834,2024-11-11,P0483,西南,企业团购,8,1672.74,0.0,否
ORD2024041003047,2024-04-10,P0342,东北,线下直营店,6,63.91,0.0,否
ORD2024070205706,2024-07-02,P0224,西南,线上官网,3,1003.08,0.12,否
ORD2024121910941,2024-12-19,P0171,华北,线上第三方,1,1149.61,0.0,否
ORD2024082707364,2024-08-27,P0174,西南,企业团购,1,1865.75,0.0,否
ORD2024112610285,2024-11-26,P0109,华南,线上官网,1,3793.81,0.0,否
ORD2024051103989,2024-05-11,P0037,东北,线上第三方,2,2781.61,0.0,否
ORD2024051904252,2024-05-19,P0454,西北,线下经销商,2,1068.28,0.2,否
ORD2024071606112,2024-07-16,P0002,东北,线下经销商,2,3357.67,0.0,否
ORD2024080906829,2024-08-09,P0192,华东,线下经销商,4,1101.3,0.0,否
ORD2024082107188,2024-08-21,P0061,华南,线下直营店,1,477.65,0.0,否
ORD2024071906205,2024-07-19,P0307,华北,线下经销商,5,66.18,0.09,否
ORD2024041803294,2024-04-18,P0355,东北,线上官网,2,13.82,0.07,否
ORD2024051204035,2024-05-12,P0086,西南,线上第三方,2,2674.64,0.13,否
ORD2024033002726,2024-03-30,P0139,华南,线上官网,1,286.85,0.0,否
ORD2024052104291,2024-05-21,P0235,华东,线上官网,3,2695.79,0.0,是
ORD2024052204335,2024-05-22,P0261,华北,企业团购,2,95.84,0.0,否
ORD2024111810035,2024-11-18,P0274,西南,线下经销商,1,23.12,0.0,否
ORD2024050703878,2024-05-07,P0294,华东,企业团购,2,25.28,0.0,否
ORD2024071906206,2024-07-19,P0347,西北,线上官网,5,174.43,0.0,否
ORD2024082307243,2024-08-23,P0466,华中,线下直营店,4,892.44,0.0,否
ORD2024082307253,2024-08-23,P0221,西南,企业团购,3,1947.68,0.0,否
ORD2024060504754,2024-06-05,P0162,华南,线上官网,2,1687.54,0.0,否
ORD2024060904887,2024-06-09,P0286,华南,企业团购,3,135.94,0.0,否
ORD2024012900858,2024-01-29,P0001,华南,线下经销商,2,584.03,0.0,否
ORD2024011300371,2024-01-13,P0071,西南,线下直营店,1,4368.2,0.0,否
ORD2024073106540,2024-07-31,P0082,华东,线上第三方,5,688.47,0.0,否
ORD2024110609482,2024-11-06,P0176,西北,企业团购,3,256.96,0.0,否
ORD2024032502562,2024-03-25,P0093,华东,线下直营店,5,5149.6,0.26,否
ORD2024050503802,2024-05-05,P0219,西北,线下直营店,1,2303.03,0.0,否
ORD2024032702641,2024-03-27,P0435,西北,线上第三方,1,406.77,0.0,否
ORD2024062405456,2024-06-24,P0027,西南,企业团购,2,3845.0,0.0,否
ORD2024082207214,2024-08-22,P0499,东北,企业团购,1,536.04,0.0,否
ORD2024052704491,2024-05-27,P0218,东北,线上第三方,4,401.44,0.0,否
ORD2024031802348,2024-03-18,P0133,西南,线下直营店,3,2844.64,0.0,否
ORD2024012200650,2024-01-22,P0335,西南,线下经销商,4,38.14,0.0,否
ORD2024081006860,2024-08-10,P0400,西北,线上第三方,1,1339.28,0.0,否
ORD2024040102782,2024-04-01,P0014,东北,线上第三方,6,4823.87,0.0,否
ORD2024082407283,2024-08-24,P0435,西北,线上第三方,2,405.14,0.1,否
ORD2024111109679,2024-11-11,P0310,东北,线下经销商,16,117.23,0.27,否
ORD2024111109837,2024-11-11,P0247,西北,线下经销商,16,76.05,0.25,否
ORD2024071005945,2024-07-10,P0245,华南,线上第三方,4,3008.0,0.0,否
ORD2024082807382,2024-08-28,P0321,华东,企业团购,3,130.63,0.0,否
ORD2024012100616,2024-01-21,P0106,华中,线下经销商,1,3192.27,0.25,否
ORD2024110909564,2024-11-09,P0127,西南,线下经销商,2,3379.22,0.0,否
ORD2024032502576,2024-03-25,P0342,华中,线上官网,2,64.9,0.0,否
ORD2024010200054,2024-01-02,P0030,西北,企业团购,5,3814.82,0.0,否
ORD2024091707998,2024-09-17,P0289,东北,线上第三方,3,78.45,0.0,否
ORD2024041903341,2024-04-19,P0023,东北,线上官网,3,3810.36,0.0,否
ORD2024100808615,2024-10-08,P0391,华东,企业团购,1,904.84,0.24,否
ORD2024022601706,2024-02-26,P0048,华南,企业团购,5,1675.99,0.13,否
ORD2024112510265,2024-11-25,P0083,华北,企业团购,2,922.52,0.0,否
ORD2024101408813,2024-10-14,P0443,西北,线下直营店,3,844.27,0.06,否
ORD2024021901494,2024-02-19,P0444,华东,企业团购,2,1092.91,0.0,是
ORD2024070805877,2024-07-08,P0274,东北,线上官网,1,22.8,0.0,否
ORD2024123111322,2024-12-31,P0266,华南,线下直营店,2,36.82,0.0,否
ORD2024082307259,2024-08-23,P0317,西南,线下直营店,2,35.68,0.0,否
ORD2024012700804,2024-01-27,P0337,华北,线上官网,3,10.73,0.12,否
ORD2024061204954,2024-06-12,P0286,华中,线上第三方,1,144.4,0.0,否
ORD2024022901813,2024-02-29,P0496,西北,企业团购,2,1278.58,0.0,否
ORD2024102709163,2024-10-27,P0291,华北,线下直营店,1,33.46,0.0,否
ORD2024020200991,2024-02-02,P0120,西北,企业团购,1,956.58,0.0,否
ORD2024040102775,2024-04-01,P0185,东北,线上第三方,1,816.05,0.0,否
ORD2024101808912,2024-10-18,P0254,西北,线上官网,3,28.41,0.21,否
ORD2024032102449,2024-03-21,P0299,西北,线上官网,4,113.96,0.0,否
ORD2024042503514,2024-04-25,P0369,西北,线下直营店,4,483.1,0.0,否
ORD2024111009597,2024-11-10,P0032,华南,线上第三方,2,3470.67,0.0,是
ORD2024110709512,2024-11-07,P0129,西北,线下经销商,2,1107.04,0.18,否
ORD2024010800220,2024-01-08,P0395,西南,线下经销商,1,1091.93,0.0,是
ORD2024120710589,2024-12-07,P0112,东北,线上官网,1,4417.2,0.0,否
ORD2024021201289,2024-02-12,P0007,华东,线上第三方,1,1770.68,0.08,否
ORD2024041403164,2024-04-14,P0401,华中,线上第三方,2,726.17,0.0,否
ORD2024060304679,2024-06-03,P0360,西南,线上官网,1,896.83,0.11,否
ORD2024032702619,2024-03-27,P0248,华北,线上第三方,5,18.8,0.0,否
ORD2024042803613,2024-04-28,P0156,东北,线上官网,1,1024.96,0.28,否
ORD2024010200044,2024-01-02,P0257,西南,线下直营店,1,180.57,0.05,否
ORD2024102409074,2024-10-24,P0225,西北,线上官网,3,1196.78,0.0,否
ORD2024111910081,2024-11-19,P0347,华南,线下经销商,1,166.53,0.0,否
ORD2024092708292,2024-09-27,P0032,西北,企业团购,3,3531.38,0.0,否
ORD2024050403793,2024-05-04,P0002,东北,线上官网,3,3232.27,0.0,否
ORD2024042703572,2024-04-27,P0191,华南,线上官网,2,1418.17,0.0,否
ORD2024123111304,2024-12-31,P0221,西北,线上官网,1,1982.02,0.0,否
ORD2024021901504,2024-02-19,P0266,华东,企业团购,4,38.82,0.0,否
ORD2024111109751,2024-11-11,P0400,华中,线上第三方,8,1329.7,0.15,否
ORD2024122511132,2024-12-25,P0323,东北,线上第三方,2,197.71,0.0,否
ORD2024042303440,2024-04-23,P0073,华北,线下经销商,4,1827.37,0.0,是
ORD2024030301893,2024-03-03,P0188,东北,线上第三方,1,1178.53,0.0,否
ORD2024121810921,2024-12-18,P0313,华东,企业团购,3,94.18,0.0,否
ORD2024120610570,2024-12-06,P0452,西北,线下直营店,1,97.1,0.0,否
ORD2024061805256,2024-06-18,P0053,华中,企业团购,2,3239.19,0.0,否
ORD2024030401956,2024-03-04,P0095,东北,线上官网,5,3781.42,0.0,否
ORD2024061505168,2024-06-15,P0270,西北,线上官网,5,133.35,0.0,否
ORD2024060704815,2024-06-07,P0119,华中,线下直营店,5,5126.12,0.0,否
ORD2024091908046,2024-09-19,P0163,西北,线下经销商,3,1252.56,0.0,否
ORD2024072806461,2024-07-28,P0343,西南,线上第三方,1,74.03,0.0,否
ORD2024021901506,2024-02-19,P0088,东北,企业团购,4,3128.93,0.21,否
ORD2024012300671,2024-01-23,P0291,华北,企业团购,3,33.65,0.28,否
ORD2024072906492,2024-07-29,P0310,西北,线下直营店,3,117.75,0.0,否
ORD2024103109302,2024-10-31,P0422,华中,线下经销商,1,1152.31,0.0,否
ORD2024112010096,2024-11-20,P0216,东北,企业团购,1,1535.86,0.0,否
ORD2024020501086,2024-02-05,P0396,西南,线上官网,4,1194.3,0.05,否
ORD2024013000898,2024-01-30,P0232,华中,线下直营店,4,2210.22,0.07,否
ORD2024091507934,2024-09-15,P0250,西南,线下经销商,1,80.26,0.0,否
ORD2024072006240,2024-07-20,P0153,东北,企业团购,1,1659.85,0.18,否
ORD2024032802667,2024-03-28,P0373,华北,线下直营店,3,1481.64,0.13,否
ORD2024041503194,2024-04-15,P0216,东北,线上官网,4,1556.41,0.0,否
ORD2024040502891,2024-04-05,P0014,华中,线下经销商,2,5224.67,0.0,否
ORD2024071206004,2024-07-12,P0121,东北,线下经销商,4,2654.88,0.0,否
ORD2024100908664,2024-10-09,P0107,西北,线下直营店,3,1328.53,0.0,否
ORD2024112610272,2024-11-26,P0481,西北,线上第三方,2,1689.54,0.0,是
ORD2024032702622,2024-03-27,P0394,华中,线上第三方,4,1380.5,0.0,否
ORD2024071906203,2024-07-19,P0451,西北,线上第三方,3,366.03,0.06,否
ORD2024122711186,2024-12-27,P0146,华北,线上第三方,2,783.61,0.0,否
ORD2024092708281,2024-09-27,P0103,华北,线上第三方,4,4283.44,0.1,否
ORD2024090607657,2024-09-06,P0045,东北,企业团购,1,1938.35,0.0,否
ORD2024070605814,2024-07-06,P0189,华北,线下经销商,1,870.75,0.0,否
ORD2024010100003,2024-01-01,P0009,西南,线上第三方,4,3165.98,0.0,否
ORD2024071105971,2024-07-11,P0326,东北,线下经销商,1,163.68,0.0,否
ORD2024031802371,2024-03-18,P0152,华东,线下经销商,1,2575.96,0.0,否
ORD2024050503805,2024-05-05,P0072,华南,线上第三方,1,3818.02,0.0,否
ORD2024022801770,2024-02-28,P0095,东北,线下经销商,1,3483.61,0.0,否
ORD2024111109634,2024-11-11,P0493,华北,线下经销商,24,1217.81,0.0,否
ORD2024090907744,2024-09-09,P0238,华北,线上官网,1,562.01,0.0,否
ORD2024071506080,2024-07-15,P0234,华中,线上官网,4,1593.18,0.0,否
ORD2024011800532,2024-01-18,P0367,西南,企业团购,3,819.34,0.0,否
ORD2024111109773,2024-11-11,P0463,西南,线下直营店,32,476.01,0.29,否
ORD2024111109804,2024-11-11,P0320,东北,线上第三方,16,111.05,0.0,否
ORD2024072906477,2024-07-29,P0068,华中,线上第三方,4,4987.07,0.0,否
ORD2024081406978,2024-08-14,P0328,西北,企业团购,3,17.62,0.0,否
ORD2024112010107,2024-11-20,P0374,西北,线上官网,3,734.02,0.0,否
ORD2024110109323,2024-11-01,P0102,西南,线上第三方,3,4185.04,0.22,否
ORD2024041203121,2024-04-12,P0114,东北,线上官网,2,3043.39,0.0,否
ORD2024112410223,2024-11-24,P0499,西南,线上第三方,2,524.19,0.0,否
ORD2024072106260,2024-07-21,P0027,西北,线上官网,1,3639.26,0.12,否
ORD2024012500732,2024-01-25,P0041,华东,企业团购,1,746.46,0.0,否
ORD2024042203407,2024-04-22,P0178,华南,线上官网,4,975.53,0.22,否
ORD2024031702340,2024-03-17,P0205,西北,企业团购,1,369.36,0.0,否
ORD2024071205992,2024-07-12,P0274,华南,企业团购,4,22.86,0.0,否
ORD2024072306329,2024-07-23,P0316,华北,线下直营店,5,49.65,0.0,否
ORD2024092008086,2024-09-20,P0429,西北,线上第三方,2,1026.41,0.0,否
ORD2024101508828,2024-10-15,P0420,西南,线下经销商,2,1222.68,0.0,否
ORD2024032502566,2024-03-25,P0117,西南,线上官网,4,3873.61,0.0,否
ORD2024032502582,2024-03-25,P0309,东北,企业团购,5,181.5,0.0,否
ORD2024111009592,2024-11-10,P0139,东北,线下直营店,1,294.42,0.0,否
ORD2024100108414,2024-10-01,P0049,西南,线上官网,1,4820.9,0.0,否
ORD2024102909240,2024-10-29,P0347,东北,线下直营店,1,175.22,0.0,是
ORD2024110809540,2024-11-08,P0431,西北,线上第三方,3,547.24,0.12,否
ORD2024090707681,2024-09-07,P0178,西南,企业团购,1,965.99,0.13,否
ORD2024112210171,2024-11-22,P0440,华北,企业团购,1,1236.56,0.0,否
ORD2024121210733,2024-12-12,P0117,华北,线上第三方,4,3925.73,0.0,否
ORD2024021101256,2024-02-11,P0138,东北,企业团购,1,237.27,0.0,否
ORD2024030902105,2024-03-09,P0039,华北,线上官网,2,310.63,0.0,否
ORD2024120510534,2024-12-05,P0378,西南,线上官网,1,635.26,0.09,否
ORD2024110409412,2024-11-04,P0171,华北,线下直营店,1,1184.71,0.0,否
ORD2024091707996,2024-09-17,P0118,东北,线下经销商,3,3137.22,0.0,否
ORD2024112910369,2024-11-29,P0227,西南,线上第三方,1,1011.79,0.26,否
ORD2024061304995,2024-06-13,P0448,华北,企业团购,1,1172.92,0.12,否
ORD2024112210165,2024-11-22,P0279,华南,线下直营店,4,146.65,0.0,否
ORD2024100408501,2024-10-04,P0271,华东,企业团购,1,35.7,0.26,否
ORD2024061505058,2024-06-15,P0121,华中,线下经销商,10,2637.57,0.0,是
ORD2024090107523,2024-09-01,P0250,东北,线上第三方,2,82.08,0.0,是
ORD2024052604435,2024-05-26,P0111,华北,线上官网,1,148.99,0.0,否
ORD2024042403485,2024-04-24,P0177,东北,线上官网,1,278.37,0.0,否
ORD2024121310759,2024-12-13,P0309,东北,线上第三方,1,184.18,0.0,否
ORD2024062005319,2024-06-20,P0171,东北,企业团购,3,1152.63,0.0,否
ORD2024050503817,2024-05-05,P0093,东北,线上官网,2,5115.71,0.25,否
ORD2024080806774,2024-08-08,P0181,西北,线下直营店,1,2035.01,0.2,否
ORD2024082707370,2024-08-27,P0397,华东,线下经销商,1,852.37,0.0,否
ORD2024112010092,2024-11-20,P0243,华东,企业团购,3,628.89,0.0,否
ORD2024032402547,2024-03-24,P0130,东北,企业团购,1,785.89,0.0,否
ORD2024082007150,2024-08-20,P0326,华中,线下经销商,4,159.94,0.0,否
ORD2024072906480,2024-07-29,P0043,华北,线上官网,2,5189.54,0.0,否
ORD2024022301622,2024-02-23,P0315,东北,线下经销商,1,32.29,0.0,否
ORD2024121010679,2024-12-10,P0078,华东,线上官网,1,2374.59,0.0,否
ORD2024092008098,2024-09-20,P0244,华东,线下直营店,1,2056.51,0.0,否
ORD2024091808021,2024-09-18,P0196,西南,线下直营店,1,423.08,0.0,否
ORD2024112010091,2024-11-20,P0443,华北,线上官网,3,809.91,0.0,否
ORD2024020601097,2024-02-06,P0427,华南,线上官网,3,710.03,0.25,否
ORD2024080906812,2024-08-09,P0416,东北,线下经销商,3,884.28,0.0,否
ORD2024092308169,2024-09-23,P0439,华中,线下直营店,2,1300.06,0.25,否
ORD2024122511152,2024-12-25,P0003,东北,线下直营店,2,495.23,0.19,否
ORD2024121210747,2024-12-12,P0014,西北,线上官网,1,5108.46,0.07,否
ORD2024062505500,2024-06-25,P0016,华东,线下经销商,4,382.34,0.0,否
ORD2024120310479,2024-12-03,P0072,华南,企业团购,2,4134.15,0.0,否
ORD2024032102464,2024-03-21,P0389,华东,线下经销商,1,702.52,0.0,否
ORD2024111710018,2024-11-17,P0230,华南,线上官网,1,1050.15,0.0,否
ORD2024050103701,2024-05-01,P0322,华东,线下经销商,1,91.0,0.0,否
ORD2024080506685,2024-08-05,P0169,华北,线下经销商,1,1553.14,0.0,否
ORD2024022801789,2024-02-28,P0181,华南,线下经销商,1,1929.04,0.23,否
ORD2024010900251,2024-01-09,P0165,东北,企业团购,5,846.88,0.0,否
ORD2024072306315,2024-07-23,P0416,华东,线上官网,4,870.61,0.06,否
ORD2024101508823,2024-10-15,P0300,东北,线上官网,3,74.39,0.0,否
ORD2024101108705,2024-10-11,P0309,华东,线下直营店,2,197.36,0.2,否
ORD2024091607973,2024-09-16,P0176,华中,线上官网,1,245.24,0.0,否
ORD2024010700193,2024-01-07,P0194,华北,线上第三方,1,1971.09,0.24,否
ORD2024012800821,2024-01-28,P0290,华北,线上第三方,3,11.33,0.0,否
ORD2024121810910,2024-12-18,P0152,华南,线上第三方,2,2676.46,0.0,否
ORD2024090607656,2024-09-06,P0260,华南,企业团购,2,61.32,0.0,否
ORD2024120110420,2024-12-01,P0022,华北,线上官网,2,4518.43,0.08,否
ORD2024102108996,2024-10-21,P0103,华南,线下直营店,1,4247.29,0.0,否
ORD2024052404401,2024-05-24,P0389,东北,线上第三方,3,703.08,0.29,否
ORD2024111109639,2024-11-11,P0192,华南,线下直营店,16,1139.34,0.0,否
ORD2024062205389,2024-06-22,P0139,华南,企业团购,2,271.15,0.0,否
ORD2024051604167,2024-05-16,P0467,东北,线上官网,3,1582.22,0.0,否
ORD2024082907439,2024-08-29,P0250,华南,线下经销商,2,85.11,0.0,否
ORD2024061204952,2024-06-12,P0028,华南,线上第三方,5,606.3,0.0,否
ORD2024032902688,2024-03-29,P0004,华北,线上官网,3,3312.75,0.0,否
ORD2024052404391,2024-05-24,P0080,华北,线下经销商,5,4901.81,0.0,否
ORD2024090207540,2024-09-02,P0204,西北,线上第三方,1,220.4,0.0,否
ORD2024122011002,2024-12-20,P0442,华东,线上官网,2,976.85,0.0,否
ORD2024061104928,2024-06-11,P0393,华中,线下直营店,1,1093.96,0.0,否
ORD2024100208431,2024-10-02,P0330,西南,线下经销商,2,94.99,0.12,否
ORD2024062705553,2024-06-27,P0144,东北,线上第三方,1,1293.03,0.0,否
ORD2024032602608,2024-03-26,P0165,华南,线下直营店,3,915.27,0.0,否
ORD2024121410793,2024-12-14,P0383,华南,线下直营店,1,33.92,0.0,否
ORD2024010900239,2024-01-09,P0112,东北,线上官网,5,4646.34,0.21,否
ORD2024051104016,2024-05-11,P0376,华中,企业团购,2,1332.03,0.0,否
ORD2024120410498,2024-12-04,P0292,华东,企业团购,1,157.12,0.0,否
ORD2024040702978,2024-04-07,P0105,东北,线下经销商,3,4709.13,0.0,否
ORD2024082707349,2024-08-27,P0338,西北,线下直营店,1,45.75,0.05,否
ORD2024100508547,2024-10-05,P0348,华中,线下直营店,1,46.66,0.0,否
ORD2024092808304,2024-09-28,P0134,西南,线上第三方,1,72.97,0.11,否
ORD2024091207825,2024-09-12,P0128,东北,企业团购,1,2017.3,0.08,否
ORD2024062405474,2024-06-24,P0448,西南,线下直营店,3,1074.6,0.0,否
ORD2024020100946,2024-02-01,P0372,西南,线下直营店,5,1283.83,0.0,否
ORD2024092408212,2024-09-24,P0202,西北,企业团购,3,1182.81,0.0,否
ORD2024102108991,2024-10-21,P0191,西北,线上官网,3,1526.72,0.0,否
ORD2024061505098,2024-06-15,P0410,华中,线下经销商,10,878.53,0.0,否
ORD2024092408210,2024-09-24,P0378,东北,线上第三方,2,657.66,0.0,否
ORD2024071406056,2024-07-14,P0240,西南,企业团购,3,1068.71,0.22,否
ORD2024072806474,2024-07-28,P0289,东北,线下直营店,1,81.63,0.19,否
ORD2024111109839,2024-11-11,P0276,华北,线上第三方,8,199.13,0.0,否
ORD2024110409402,2024-11-04,P0050,华东,线下直营店,3,2133.36,0.0,否
ORD2024042703553,2024-04-27,P0419,西南,企业团购,1,699.48,0.0,否
ORD2024123011291,2024-12-30,P0389,东北,线上第三方,1,675.08,0.15,否
ORD2024042003361,2024-04-20,P0265,西南,线下经销商,2,93.77,0.0,否
ORD2024102809186,2024-10-28,P0223,华东,线上官网,4,477.57,0.0,否
ORD2024063005629,2024-06-30,P0318,华东,企业团购,1,116.07,0.0,否
ORD2024032002411,2024-03-20,P0250,华北,线上官网,4,82.28,0.0,否
ORD2024070505784,2024-07-05,P0462,华中,线下直营店,5,430.23,0.0,否
ORD2024052804508,2024-05-28,P0185,东北,线下经销商,4,824.67,0.0,否
ORD2024121110715,2024-12-11,P0052,华南,线上官网,3,1293.88,0.0,否
ORD2024051003983,2024-05-10,P0453,华北,线上第三方,2,67.56,0.0,否
ORD2024083107479,2024-08-31,P0392,西南,线下经销商,1,272.26,0.0,否
ORD2024010500147,2024-01-05,P0064,东北,企业团购,5,222.64,0.0,否
ORD2024081206902,2024-08-12,P0259,东北,线下经销商,1,186.1,0.0,否
ORD2024093008378,2024-09-30,P0410,华中,线下直营店,2,854.24,0.26,否
ORD2024031602295,2024-03-16,P0158,华南,线下经销商,3,2372.85,0.0,否
ORD2024031402254,2024-03-14,P0122,西南,线上第三方,2,4223.5,0.0,否
ORD2024042803612,2024-04-28,P0358,西北,企业团购,2,806.63,0.27,否
ORD2024062105354,2024-06-21,P0196,东北,企业团购,1,428.43,0.0,否
ORD2024022701737,2024-02-27,P0220,华南,线下经销商,3,1872.85,0.0,否
ORD2024090207546,2024-09-02,P0096,华北,线下直营店,4,1440.69,0.0,否
ORD2024102008979,2024-10-20,P0320,华北,企业团购,1,107.07,0.0,是
ORD2024010400115,2024-01-04,P0128,华南,线下直营店,4,2036.24,0.0,否
ORD2024111810047,2024-11-18,P0300,西北,企业团购,1,77.06,0.0,否
ORD2024071606127,2024-07-16,P0362,华北,线上官网,5,1235.97,0.0,否
ORD2024082407280,2024-08-24,P0120,东北,线上官网,2,925.72,0.0,否
ORD2024121210740,2024-12-12,P0423,东北,线上官网,1,615.08,0.0,否
ORD2024011700499,2024-01-17,P0305,西南,线上第三方,5,63.47,0.0,否
ORD2024090507636,2024-09-05,P0188,西南,线上第三方,3,1085.54,0.0,否
ORD2024073106560,2024-07-31,P0369,华北,线上第三方,1,463.68,0.0,否
ORD2024072506379,2024-07-25,P0411,西北,线上官网,5,268.31,0.0,否
ORD2024060504734,2024-06-05,P0072,华东,线上第三方,4,3916.44,0.15,否
ORD2024012500721,2024-01-25,P0202,华中,线下经销商,5,1178.69,0.0,否
ORD2024052404385,2024-05-24,P0142,华中,线下直营店,4,1860.93,0.0,否
ORD2024111810028,2024-11-18,P0356,西北,企业团购,1,32.02,0.0,否
ORD2024082707371,2024-08-27,P0153,东北,线上第三方,1,1714.24,0.0,否
ORD2024091307873,2024-09-13,P0499,西北,企业团购,1,559.37,0.0,否
ORD2024041103090,2024-04-11,P0043,东北,线下直营店,1,5088.52,0.0,否
ORD2024122011003,2024-12-20,P0243,东北,线上官网,1,627.29,0.0,否
ORD2024101108726,2024-10-11,P0308,华东,线上官网,1,189.7,0.0,否
ORD2024011700485,2024-01-17,P0026,东北,线上官网,1,3106.03,0.0,否
ORD2024052904546,2024-05-29,P0340,东北,线下直营店,4,89.46,0.21,否
ORD2024012000597,2024-01-20,P0088,华中,企业团购,3,3115.68,0.0,否
ORD2024112710300,2024-11-27,P0328,东北,线上第三方,2,17.42,0.19,否
ORD2024111209877,2024-11-12,P0037,华南,线下直营店,1,2928.09,0.22,否
ORD2024091007781,2024-09-10,P0352,东北,线下直营店,2,100.14,0.0,否
ORD2024061505165,2024-06-15,P0158,东北,线下经销商,5,2506.27,0.29,否
ORD2024112910361,2024-11-29,P0130,西南,线上官网,3,817.33,0.0,否
ORD2024022401648,2024-02-24,P0023,华东,线下直营店,1,3618.05,0.06,否
ORD2024091307874,2024-09-13,P0112,西南,线上第三方,1,4503.26,0.0,否
ORD2024100508549,2024-10-05,P0102,华北,线上官网,1,4347.98,0.0,否
ORD2024080906816,2024-08-09,P0477,华北,线下直营店,1,1938.66,0.0,否
ORD2024032902701,2024-03-29,P0411,华北,线上官网,1,250.7,0.27,否
ORD2024102309053,2024-10-23,P0472,华北,企业团购,1,706.34,0.0,否
ORD2024022501701,2024-02-25,P0328,华北,线上官网,3,18.38,0.0,否
ORD2024112110135,2024-11-21,P0163,西北,线上官网,2,1335.18,0.0,否
ORD2024062205405,2024-06-22,P0050,华北,企业团购,1,2008.65,0.0,否
ORD2024101108722,2024-10-11,P0499,华中,线上第三方,1,568.36,0.0,否
ORD2024090507624,2024-09-05,P0246,华南,企业团购,1,63.48,0.0,否
ORD2024040602943,2024-04-06,P0221,东北,线上官网,2,2009.64,0.0,否
ORD2024081406969,2024-08-14,P0316,华北,线下经销商,1,52.41,0.0,否
ORD2024073106558,2024-07-31,P0439,东北,线上官网,4,1296.19,0.0,否
ORD2024090707709,2024-09-07,P0051,华中,企业团购,1,3116.44,0.0,否
ORD2024072006220,2024-07-20,P0319,华东,线上官网,1,186.92,0.0,否
ORD2024092008092,2024-09-20,P0076,东北,线上官网,1,3098.89,0.0,否
ORD2024010300087,2024-01-03,P0017,华北,线上第三方,2,2041.55,0.0,否
ORD2024031602309,2024-03-16,P0159,华中,线上官网,1,1398.7,0.0,否
ORD2024032902678,2024-03-29,P0203,西北,线上第三方,2,1849.2,0.0,是
ORD2024103109305,2024-10-31,P0263,华东,线下经销商,1,115.79,0.0,否
ORD2024103109284,2024-10-31,P0108,东北,线上官网,1,1427.88,0.0,否
ORD2024032602595,2024-03-26,P0102,西南,线下经销商,4,4310.19,0.13,否
ORD2024101008683,2024-10-10,P0405,华东,线下直营店,2,1136.82,0.0,否
ORD2024020401030,2024-02-04,P0107,华中,线上官网,1,1297.13,0.19,否
ORD2024010500137,2024-01-05,P0265,华北,线上第三方,5,97.31,0.0,否
ORD2024081406973,2024-08-14,P0408,西北,线上第三方,1,186.81,0.0,否
ORD2024021001237,2024-02-10,P0202,华中,线上官网,1,1189.88,0.08,否
ORD2024081607025,2024-08-16,P0283,华北,企业团购,1,191.85,0.13,否
ORD2024072006241,2024-07-20,P0404,西南,线下经销商,1,115.35,0.0,否
ORD2024091407885,2024-09-14,P0396,东北,线下经销商,1,1206.13,0.0,否
ORD2024040402855,2024-04-04,P0426,华南,线上第三方,6,133.53,0.0,否
ORD2024052504410,2024-05-25,P0043,华北,线上第三方,2,5089.65,0.0,是
ORD2024020901201,2024-02-09,P0029,东北,线上第三方,5,1154.98,0.0,否
ORD2024071606122,2024-07-16,P0182,华东,企业团购,3,1127.16,0.0,否
ORD2024060404718,2024-06-04,P0051,华北,线上官网,5,3290.07,0.0,否
ORD2024121410786,2024-12-14,P0280,华南,线下直营店,2,77.37,0.0,否
ORD2024122311084,2024-12-23,P0418,华北,企业团购,4,111.64,0.0,否
ORD2024012000567,2024-01-20,P0482,华南,线上官网,1,1081.96,0.0,否
ORD2024101208747,2024-10-12,P0486,西北,企业团购,1,664.21,0.0,否
ORD2024071005934,2024-07-10,P0477,华南,线上第三方,2,1982.98,0.0,否
ORD2024062305431,2024-06-23,P0275,华北,线上官网,1,41.74,0.0,否
ORD2024070805869,2024-07-08,P0354,西南,线下直营店,1,74.54,0.0,否
ORD2024072206297,2024-07-22,P0493,西南,线上官网,4,1262.68,0.0,否
ORD2024050903928,2024-05-09,P0342,华中,线上官网,1,65.74,0.23,否
ORD2024071906196,2024-07-19,P0002,西北,线上官网,2,3209.23,0.0,否
ORD2024091007783,2024-09-10,P0269,华东,线上官网,1,66.75,0.0,否
ORD2024101908939,2024-10-19,P0395,东北,企业团购,1,1035.88,0.09,否
ORD2024121110709,2024-12-11,P0026,华南,线上第三方,3,3152.71,0.22,否
ORD2024110609472,2024-11-06,P0412,东北,线上官网,3,1086.62,0.0,否
ORD2024110509434,2024-11-05,P0211,华中,线下直营店,1,640.1,0.0,否
ORD2024042803607,2024-04-28,P0320,东北,企业团购,2,109.63,0.0,否
ORD2024112010102,2024-11-20,P0499,东北,企业团购,2,574.42,0.13,否
ORD2024110309369,2024-11-03,P0362,西南,线下经销商,1,1263.22,0.3,否
ORD2024031702331,2024-03-17,P0157,西北,企业团购,3,1586.91,0.0,否
ORD2024042503516,2024-04-25,P0037,西北,线上第三方,3,2825.15,0.0,否
ORD2024031202188,2024-03-12,P0127,华东,线上官网,1,3211.45,0.0,否
ORD2024010700196,2024-01-07,P0329,西北,线上官网,2,144.49,0.0,否
ORD2024101208745,2024-10-12,P0280,西南,线上第三方,1,78.86,0.0,否
ORD2024082507298,2024-08-25,P0023,华北,线上第三方,1,3813.04,0.0,否
ORD2024061505060,2024-06-15,P0457,西北,线下直营店,5,724.78,0.0,否
ORD2024012700803,2024-01-27,P0461,华北,企业团购,1,150.32,0.0,否
ORD2024070305716,2024-07-03,P0268,西北,企业团购,3,71.96,0.0,否
ORD2024111109724,2024-11-11,P0421,华南,线下经销商,8,273.29,0.0,否
ORD2024092308164,2024-09-23,P0033,东北,线上官网,2,2168.27,0.24,否
ORD2024090307564,2024-09-03,P0254,华东,线下经销商,4,29.64,0.0,否
ORD2024080206599,2024-08-02,P0335,西南,线下直营店,1,36.75,0.0,否
ORD2024010900242,2024-01-09,P0043,华北,企业团购,2,4803.42,0.0,否
ORD2024030802069,2024-03-08,P0162,华中,线上第三方,2,1814.31,0.0,否
ORD2024111509955,2024-11-15,P0283,华北,线上官网,2,195.12,0.0,否
ORD2024100308491,2024-10-03,P0315,华中,线上第三方,3,33.05,0.0,否
ORD2024111409916,2024-11-14,P0158,华中,线上官网,1,2386.05,0.0,否
ORD2024012200645,2024-01-22,P0454,华东,线下经销商,4,1167.5,0.0,否
ORD2024123011280,2024-12-30,P0365,西南,线下直营店,2,1073.49,0.22,否
ORD2024061505104,2024-06-15,P0188,东北,线上官网,5,1163.01,0.0,否
ORD2024062405461,2024-06-24,P0464,东北,线下直营店,2,1086.56,0.0,否
ORD2024082107206,2024-08-21,P0246,西北,线下直营店,4,59.01,0.0,否
ORD2024022301638,2024-02-23,P0248,东北,线下直营店,4,17.94,0.0,否
ORD2024010400121,2024-01-04,P0119,西南,线下经销商,3,5123.22,0.0,否
ORD2024070805874,2024-07-08,P0399,华中,企业团购,4,750.5,0.0,否
ORD2024040802982,2024-04-08,P0100,华南,线上官网,6,2226.54,0.0,否
ORD2024061505070,2024-06-15,P0077,华中,企业团购,5,2655.99,0.28,否
ORD2024041103075,2024-04-11,P0001,西南,线下经销商,1,600.02,0.0,否
ORD2024112110118,2024-11-21,P0014,西北,企业团购,1,4926.51,0.08,否
ORD2024041803279,2024-04-18,P0003,华南,线上官网,3,524.56,0.0,否
ORD2024081907132,2024-08-19,P0093,西南,线上第三方,1,5321.37,0.0,是
ORD2024031002136,2024-03-10,P0068,东北,线下直营店,3,5103.14,0.2,否
ORD2024092208146,2024-09-22,P0399,华北,线下经销商,1,778.63,0.0,否
ORD2024061204971,2024-06-12,P0138,华东,线下经销商,1,250.51,0.0,否
ORD2024091607958,2024-09-16,P0436,西北,线下直营店,3,1236.41,0.0,否
ORD2024010500135,2024-01-05,P0494,华中,线下经销商,2,369.31,0.0,否
ORD2024052304352,2024-05-23,P0414,东北,企业团购,2,381.4,0.0,否
ORD2024081206916,2024-08-12,P0045,华中,线上第三方,1,1959.01,0.0,否
ORD2024062005325,2024-06-20,P0179,华东,线上第三方,5,243.44,0.0,否
ORD2024121810925,2024-12-18,P0288,华东,企业团购,1,49.56,0.0,否
ORD2024091407908,2024-09-14,P0291,华中,线下经销商,1,36.35,0.13,否
ORD2024032502560,2024-03-25,P0354,华中,企业团购,5,80.29,0.0,否
ORD2024010200063,2024-01-02,P0268,东北,线上第三方,1,70.51,0.17,否
ORD2024123011269,2024-12-30,P0107,西北,企业团购,4,1316.68,0.0,否
ORD2024021401359,2024-02-14,P0456,华北,线上官网,5,591.09,0.0,否
ORD2024092808305,2024-09-28,P0299,华中,线下直营店,1,118.14,0.0,否
ORD2024110809546,2024-11-08,P0294,西南,线上官网,3,24.86,0.0,否
ORD2024090107502,2024-09-01,P0464,东北,线上第三方,1,1074.41,0.0,否
ORD2024032102468,2024-03-21,P0034,华中,线上第三方,5,154.77,0.14,否
ORD2024012300680,2024-01-23,P0177,华南,线上官网,3,261.95,0.1,否
ORD2024030702042,2024-03-07,P0082,东北,企业团购,2,700.51,0.0,否
ORD2024012500742,2024-01-25,P0183,华东,线下直营店,2,570.55,0.0,否
ORD2024061905308,2024-06-19,P0459,西北,线上官网,4,1176.94,0.0,否
ORD2024072106267,2024-07-21,P0096,西北,线上第三方,1,1353.57,0.0,否
ORD2024102909237,2024-10-29,P0081,东北,线下经销商,4,2501.88,0.0,否
ORD2024042903642,2024-04-29,P0044,华东,企业团购,4,1094.11,0.25,否
ORD2024011600445,2024-01-16,P0315,华南,线下直营店,2,33.61,0.0,否
ORD2024103009250,2024-10-30,P0112,东北,线下经销商,2,4782.55,0.14,否
ORD2024120610553,2024-12-06,P0436,华东,企业团购,1,1267.68,0.0,否
ORD2024041703259,2024-04-17,P0495,华中,企业团购,4,1348.72,0.0,否
ORD2024060204664,2024-06-02,P0077,华东,线上第三方,2,2548.73,0.0,否
ORD2024030201874,2024-03-02,P0127,华南,线上官网,2,3497.26,0.0,否
ORD2024120210450,2024-12-02,P0394,华南,线下直营店,4,1378.3,0.0,否
ORD2024032602597,2024-03-26,P0308,华南,线下经销商,4,196.54,0.0,否
ORD2024022601718,2024-02-26,P0354,西南,线上官网,5,75.24,0.25,否
ORD2024040502913,2024-04-05,P0267,华南,线下直营店,6,127.91,0.18,否
ORD2024040302844,2024-04-03,P0398,华中,线上官网,3,1338.72,0.0,否
ORD2024051204028,2024-05-12,P0408,华中,线下经销商,1,191.97,0.0,否
ORD2024062505489,2024-06-25,P0309,华南,企业团购,3,199.5,0.14,否
ORD2024111109785,2024-11-11,P0246,西南,线下直营店,8,61.77,0.0,否
ORD2024052704486,2024-05-27,P0291,华中,线下直营店,2,35.22,0.14,否
ORD2024032402557,2024-03-24,P0081,华南,线下直营店,1,2479.63,0.0,否
ORD2024120310480,2024-12-03,P0457,华东,线上官网,1,705.11,0.0,否
ORD2024081006865,2024-08-10,P0132,华南,线上官网,1,1497.83,0.0,否
ORD2024011700490,2024-01-17,P0272,华南,线上官网,4,27.69,0.0,否
ORD2024011700494,2024-01-17,P0329,华中,线上官网,2,151.96,0.0,否
ORD2024012400691,2024-01-24,P0338,东北,线上第三方,4,48.2,0.0,否
ORD2024110809528,2024-11-08,P0275,西南,线下经销商,4,42.46,0.0,否
ORD2024050503822,2024-05-05,P0133,华北,线下经销商,1,2952.83,0.0,否
ORD2024012100603,2024-01-21,P0491,华北,线下经销商,3,1054.79,0.0,否
ORD2024030301912,2024-03-03,P0143,东北,企业团购,2,830.78,0.25,否
ORD2024020301015,2024-02-03,P0276,华南,线上官网,1,190.1,0.0,否
ORD2024091307872,2024-09-13,P0137,华东,线下经销商,2,731.8,0.0,否
ORD2024091407901,2024-09-14,P0465,华东,线上官网,1,821.69,0.0,否
ORD2024030601994,2024-03-06,P0068,西北,线上第三方,4,4932.66,0.0,否
ORD2024082907421,2024-08-29,P0446,东北,线下直营店,1,426.43,0.13,是
ORD2024050303758,2024-05-03,P0012,华东,线下经销商,2,1184.34,0.09,否
ORD2024080306648,2024-08-03,P0481,西南,线下直营店,1,1633.39,0.0,否
ORD2024111109649,2024-11-11,P0466,华南,线上官网,24,902.55,0.0,否
ORD2024031802367,2024-03-18,P0498,华南,线下经销商,4,1525.22,0.0,否
ORD2024061805284,2024-06-18,P0142,西北,线下直营店,4,1986.34,0.0,否
ORD2024052404371,2024-05-24,P0208,华南,企业团购,1,1898.81,0.0,否
ORD2024032902687,2024-03-29,P0180,西北,线下经销商,2,1322.4,0.0,否
ORD2024022101574,2024-02-21,P0487,华南,企业团购,1,1586.26,0.11,否
ORD2024021501362,2024-02-15,P0130,西南,线下经销商,2,836.59,0.0,否
ORD2024090707690,2024-09-07,P0189,西北,企业团购,2,893.25,0.0,否
ORD2024022001527,2024-02-20,P0216,西北,企业团购,1,1618.94,0.0,否
ORD2024021301328,2024-02-13,P0466,西南,线下经销商,3,898.15,0.0,否
ORD2024111109744,2024-11-11,P0433,华南,线下经销商,16,1147.23,0.0,否
ORD2024122111037,2024-12-21,P0165,东北,线上第三方,1,910.56,0.0,否
ORD2024022101552,2024-02-21,P0398,华中,线下经销商,2,1331.65,0.24,否
ORD2024122111019,2024-12-21,P0003,东北,线下经销商,1,505.93,0.0,否
ORD2024122010977,2024-12-20,P0095,东北,线下直营店,3,3660.8,0.0,否
ORD2024021401338,2024-02-14,P0275,西北,企业团购,5,41.53,0.18,否
ORD2024050803902,2024-05-08,P0468,华北,线下直营店,4,338.16,0.22,否
ORD2024040903011,2024-04-09,P0235,西北,线下直营店,1,2590.7,0.23,否
ORD2024061505042,2024-06-15,P0319,华北,线上官网,10,177.75,0.0,否
ORD2024111710008,2024-11-17,P0003,华南,线下经销商,2,504.6,0.0,否
ORD2024031402251,2024-03-14,P0301,华南,线下直营店,3,150.95,0.0,否
ORD2024111409924,2024-11-14,P0192,华中,线上第三方,4,1099.67,0.0,否
ORD2024092708298,2024-09-27,P0011,华南,线上第三方,2,2023.24,0.05,否
ORD2024061505040,2024-06-15,P0292,华东,线下直营店,5,160.99,0.0,否
ORD2024031702347,2024-03-17,P0243,华中,线上官网,1,632.06,0.0,否
ORD2024121310776,2024-12-13,P0400,华中,线上第三方,1,1353.58,0.0,否
ORD2024062505486,2024-06-25,P0295,西北,线上官网,2,120.08,0.13,否
ORD2024120510551,2024-12-05,P0080,东北,线上官网,4,4497.39,0.0,否
ORD2024040102785,2024-04-01,P0464,东北,企业团购,3,1054.43,0.0,否
ORD2024070205695,2024-07-02,P0469,华南,线下直营店,4,306.17,0.0,否
ORD2024061505120,2024-06-15,P0219,东北,线下经销商,5,2228.39,0.24,否
ORD2024061505167,2024-06-15,P0013,西南,线下经销商,5,2978.6,0.0,否
ORD2024062705556,2024-06-27,P0349,华东,线下直营店,1,166.68,0.0,是
ORD2024062905600,2024-06-29,P0499,华北,线下经销商,1,549.2,0.0,否
ORD2024020701135,2024-02-07,P0482,西北,企业团购,1,1159.52,0.0,否
ORD2024010600151,2024-01-06,P0112,华南,线上第三方,1,4741.52,0.28,是
ORD2024040202805,2024-04-02,P0434,华中,线下经销商,4,604.27,0.0,否
ORD2024122911258,2024-12-29,P0196,东北,线上官网,2,451.84,0.0,否
ORD2024030902087,2024-03-09,P0274,华南,企业团购,3,22.82,0.0,否
ORD2024050303752,2024-05-03,P0222,西南,线上第三方,5,345.23,0.0,否
ORD2024062905613,2024-06-29,P0007,西北,线上官网,1,1699.06,0.0,否
ORD2024031402260,2024-03-14,P0110,华北,线上第三方,1,3942.37,0.0,否
ORD2024051204018,2024-05-12,P0424,华中,线上官网,1,133.91,0.0,否
ORD2024112610286,2024-11-26,P0112,华南,线下直营店,4,4721.26,0.0,否
ORD2024091007786,2024-09-10,P0119,西南,线上第三方,1,4743.43,0.0,否
ORD2024032002425,2024-03-20,P0116,西北,企业团购,4,3645.33,0.0,否
ORD2024051504139,2024-05-15,P0482,华中,线上官网,2,1156.46,0.0,否
ORD2024050703857,2024-05-07,P0123,华北,企业团购,5,2294.38,0.07,否
ORD2024012900860,2024-01-29,P0076,华中,线下直营店,5,2981.79,0.0,否
ORD2024062105368,2024-06-21,P0376,西北,线上第三方,5,1368.91,0.0,否
ORD2024040702963,2024-04-07,P0181,华北,企业团购,1,2089.96,0.0,否
ORD2024110109308,2024-11-01,P0187,华东,线下直营店,3,2836.27,0.2,否
ORD2024102909234,2024-10-29,P0292,华北,企业团购,1,154.15,0.0,否
ORD2024111109704,2024-11-11,P0256,西南,企业团购,8,45.86,0.16,否
ORD2024060504740,2024-06-05,P0452,华北,线上官网,2,92.14,0.11,否
ORD2024111109737,2024-11-11,P0163,西南,企业团购,16,1304.68,0.0,否
ORD2024052604463,2024-05-26,P0427,华中,线下直营店,2,734.33,0.0,否
ORD2024062605529,2024-06-26,P0322,华南,线下经销商,5,88.41,0.0,否
ORD2024111109614,2024-11-11,P0298,华中,线上第三方,8,110.64,0.0,否
ORD2024021501365,2024-02-15,P0353,华东,线下经销商,4,26.54,0.0,否
ORD2024022801780,2024-02-28,P0227,东北,线下经销商,5,1006.74,0.0,否
ORD2024090207552,2024-09-02,P0188,华北,线下经销商,4,1192.08,0.11,否
ORD2024060604786,2024-06-06,P0246,华南,线上官网,4,63.83,0.0,否
ORD2024110509450,2024-11-05,P0036,华东,线上官网,1,1197.29,0.0,否
ORD2024022901819,2024-02-29,P0408,西北,线上第三方,2,188.46,0.0,否
ORD2024011300370,2024-01-13,P0165,西北,线上第三方,1,841.89,0.0,否
ORD2024061104938,2024-06-11,P0424,西南,企业团购,1,132.66,0.0,否
ORD2024033002705,2024-03-30,P0429,华东,线上官网,2,1043.95,0.0,否
ORD2024061905286,2024-06-19,P0128,西南,线上官网,5,2144.54,0.0,否
ORD2024010700176,2024-01-07,P0162,西南,企业团购,3,1686.8,0.2,否
ORD2024072606406,2024-07-26,P0068,西北,线上官网,5,5024.64,0.0,否
ORD2024081707072,2024-08-17,P0298,华南,企业团购,1,114.09,0.0,否
ORD2024101708878,2024-10-17,P0284,东北,线下直营店,2,85.67,0.11,否
ORD2024030902094,2024-03-09,P0467,西北,线下直营店,1,1515.95,0.08,否
ORD2024111109630,2024-11-11,P0050,华北,线上第三方,32,2132.38,0.0,否
ORD2024042503492,2024-04-25,P0134,华北,线上官网,4,67.15,0.0,否
ORD2024030301921,2024-03-03,P0395,华中,企业团购,1,1075.99,0.0,否
ORD2024010300083,2024-01-03,P0417,西北,线上第三方,4,1253.77,0.0,否
ORD2024111109636,2024-11-11,P0409,华南,线上第三方,8,1266.54,0.0,否
ORD2024082507305,2024-08-25,P0227,东北,企业团购,1,1046.64,0.19,否
ORD2024012800817,2024-01-28,P0322,西北,企业团购,1,89.74,0.29,否
ORD2024111109747,2024-11-11,P0288,华南,线下直营店,32,48.62,0.0,否
ORD2024020601092,2024-02-06,P0311,东北,线下直营店,5,71.63,0.0,否
ORD2024052404397,2024-05-24,P0480,华中,线下直营店,5,301.87,0.25,否
ORD2024040602929,2024-04-06,P0309,西南,企业团购,2,183.52,0.0,否
ORD2024062705569,2024-06-27,P0459,西北,线上官网,1,1126.36,0.0,否
ORD2024011000284,2024-01-10,P0444,西南,线上官网,5,1094.74,0.0,否
ORD2024071606125,2024-07-16,P0119,华中,线下直营店,4,4999.32,0.0,否
ORD2024051504121,2024-05-15,P0203,华南,线上第三方,1,1753.01,0.0,否
ORD2024102209037,2024-10-22,P0461,西北,线下经销商,3,149.29,0.0,否
ORD2024012100610,2024-01-21,P0331,东北,企业团购,1,39.0,0.0,否
ORD2024040502916,2024-04-05,P0159,华中,线下直营店,1,1341.71,0.0,否
ORD2024022901814,2024-02-29,P0415,华北,线上第三方,5,1273.18,0.0,否
ORD2024021101272,2024-02-11,P0465,华中,线上第三方,3,777.97,0.0,否
ORD2024081607035,2024-08-16,P0433,华东,线上第三方,1,1102.78,0.0,否
ORD2024090407615,2024-09-04,P0293,华南,线上第三方,3,50.77,0.0,否
ORD2024121610877,2024-12-16,P0108,西北,企业团购,2,1419.16,0.0,否
ORD2024040802995,2024-04-08,P0420,华中,线上第三方,4,1169.95,0.0,否
ORD2024100908658,2024-10-09,P0392,西南,线上官网,1,253.97,0.0,否
ORD2024082307247,2024-08-23,P0479,东北,线下直营店,1,1668.04,0.0,否
ORD2024100108409,2024-10-01,P0096,华南,企业团购,1,1463.55,0.0,否
ORD2024072606410,2024-07-26,P0335,东北,线上官网,1,35.76,0.0,否
ORD2024071606105,2024-07-16,P0101,东北,线下经销商,4,4488.13,0.07,否
ORD2024110409407,2024-11-04,P0358,华南,线上官网,1,828.86,0.0,否
ORD2024032702643,2024-03-27,P0144,西南,线上官网,1,1193.87,0.22,否
ORD2024121710889,2024-12-17,P0219,西北,线下经销商,1,2259.35,0.0,否
ORD2024052804509,2024-05-28,P0353,华东,线上第三方,5,27.55,0.0,否
ORD2024031602306,2024-03-16,P0498,东北,线上第三方,3,1592.42,0.0,否
ORD2024092608275,2024-09-26,P0250,西北,线上官网,1,83.97,0.0,否
ORD2024111910063,2024-11-19,P0494,华中,企业团购,4,357.77,0.29,否
ORD2024051704196,2024-05-17,P0421,西北,线下直营店,4,276.17,0.0,否
ORD2024062705563,2024-06-27,P0243,华北,线上官网,5,650.52,0.0,否
ORD2024060804841,2024-06-08,P0174,东北,企业团购,1,1896.35,0.0,否
ORD2024060204656,2024-06-02,P0408,东北,企业团购,1,203.03,0.29,否
ORD2024103009255,2024-10-30,P0098,西北,企业团购,4,437.62,0.0,否
ORD2024051604169,2024-05-16,P0498,西南,线上第三方,5,1640.79,0.0,否
ORD2024050603850,2024-05-06,P0415,华南,线下经销商,3,1246.85,0.0,否
ORD2024122511150,2024-12-25,P0493,华南,企业团购,1,1274.65,0.0,否
ORD2024110709513,2024-11-07,P0449,华东,线上官网,2,879.21,0.25,否
ORD2024061705254,2024-06-17,P0141,东北,线上官网,5,940.26,0.0,否
ORD2024081707062,2024-08-17,P0406,华中,线下直营店,1,1338.23,0.0,否
ORD2024121610847,2024-12-16,P0230,东北,线上官网,1,1126.2,0.0,否
ORD2024062605534,2024-06-26,P0426,华南,线上官网,5,126.41,0.0,否
ORD2024032002415,2024-03-20,P0108,西南,线下经销商,4,1356.56,0.0,否
ORD2024042703555,2024-04-27,P0131,东北,线上官网,1,2165.76,0.23,否
ORD2024060304692,2024-06-03,P0055,华东,线下直营店,1,692.94,0.06,否
ORD2024052704499,2024-05-27,P0121,华北,线上官网,3,2779.54,0.0,否
ORD2024082407276,2024-08-24,P0500,华南,线上第三方,1,734.07,0.0,否
ORD2024031202196,2024-03-12,P0139,华南,线上官网,2,288.57,0.0,否
ORD2024061505046,2024-06-15,P0456,西南,线上官网,5,616.08,0.0,否
ORD2024032602601,2024-03-26,P0385,东北,线下直营店,4,716.51,0.0,否
ORD2024071806164,2024-07-18,P0453,西南,线下直营店,4,68.73,0.0,否
ORD2024072506374,2024-07-25,P0117,西南,线下经销商,2,3930.11,0.0,否
ORD2024022001519,2024-02-20,P0390,西南,线上第三方,5,1120.87,0.3,否
ORD2024060604765,2024-06-06,P0320,西北,线下直营店,3,116.69,0.0,否
ORD2024052204315,2024-05-22,P0093,华北,线下经销商,5,5162.16,0.06,否
ORD2024042003367,2024-04-20,P0262,华中,线上第三方,1,181.0,0.0,否
ORD2024071406059,2024-07-14,P0449,西南,线上第三方,2,896.18,0.0,否
ORD2024091007793,2024-09-10,P0464,西北,线下直营店,1,1062.28,0.0,否
ORD2024092808329,2024-09-28,P0109,东北,线上官网,1,4062.93,0.0,否
ORD2024072306310,2024-07-23,P0277,西南,线下经销商,1,113.03,0.0,否
ORD2024032702634,2024-03-27,P0336,东北,线上官网,4,194.07,0.0,否
ORD2024070405756,2024-07-04,P0109,西南,线上官网,3,4090.7,0.0,否
ORD2024063005634,2024-06-30,P0239,华南,线上第三方,1,2019.9,0.0,否
ORD2024103109281,2024-10-31,P0132,西南,线下经销商,3,1537.38,0.26,否
ORD2024070905923,2024-07-09,P0006,华南,线下直营店,4,823.3,0.0,否
ORD2024120510545,2024-12-05,P0340,华中,线上第三方,1,86.82,0.0,否
ORD2024111609968,2024-11-16,P0265,西北,企业团购,1,91.56,0.0,否
ORD2024032002435,2024-03-20,P0062,华中,线下经销商,3,687.82,0.0,否
ORD2024082007163,2024-08-20,P0398,华中,企业团购,3,1398.71,0.0,否
ORD2024110309371,2024-11-03,P0288,华东,线下经销商,1,46.96,0.0,否
ORD2024041703276,2024-04-17,P0467,西南,线下经销商,2,1527.77,0.0,否
ORD2024100608579,2024-10-06,P0435,东北,企业团购,1,412.02,0.0,否
ORD2024122111034,2024-12-21,P0143,华东,线上第三方,1,758.0,0.0,否
ORD2024071406065,2024-07-14,P0075,华南,线下直营店,1,5107.56,0.0,否
ORD2024052804521,2024-05-28,P0002,东北,线下直营店,5,3122.85,0.0,否
ORD2024062805588,2024-06-28,P0180,华中,企业团购,2,1333.87,0.0,否
ORD2024042603546,2024-04-26,P0313,华东,线上官网,1,95.77,0.17,否
ORD2024082307250,2024-08-23,P0360,华东,线下直营店,3,941.12,0.0,否
ORD2024112610292,2024-11-26,P0401,西南,线下直营店,1,698.85,0.0,否
ORD2024090707699,2024-09-07,P0457,西南,线下经销商,1,728.36,0.16,否
ORD2024122611158,2024-12-26,P0427,华东,线下直营店,1,699.68,0.0,否
ORD2024062605532,2024-06-26,P0408,华中,线上官网,5,199.43,0.25,否
ORD2024062305445,2024-06-23,P0286,西南,线上官网,1,138.15,0.0,否
ORD2024011800518,2024-01-18,P0470,西北,线上第三方,2,178.55,0.0,否
ORD2024091207846,2024-09-12,P0347,华南,线上第三方,3,166.04,0.0,否
ORD2024071806161,2024-07-18,P0012,华北,线上第三方,5,1097.42,0.0,否
ORD2024100408514,2024-10-04,P0211,华东,线上官网,1,608.06,0.0,否
ORD2024112610290,2024-11-26,P0440,西南,线上官网,1,1301.38,0.0,否
ORD2024102709157,2024-10-27,P0329,华北,企业团购,2,141.23,0.15,否
ORD2024110409397,2024-11-04,P0081,东北,线下经销商,1,2605.27,0.0,是
ORD2024021601416,2024-02-16,P0469,西南,线上官网,4,300.99,0.0,否
ORD2024060204665,2024-06-02,P0204,华东,线下经销商,1,226.69,0.0,是
ORD2024052604457,2024-05-26,P0372,东北,线上第三方,1,1372.52,0.18,否
ORD2024033102762,2024-03-31,P0390,东北,线上官网,2,1149.67,0.19,否
ORD2024081406975,2024-08-14,P0037,西南,线上官网,2,2838.6,0.0,否
ORD2024072906482,2024-07-29,P0238,西南,企业团购,5,572.46,0.14,否
ORD2024070905912,2024-07-09,P0376,西南,线上官网,1,1362.56,0.21,否
ORD2024112510233,2024-11-25,P0059,东北,企业团购,3,3638.9,0.0,否
ORD2024073106548,2024-07-31,P0476,华北,企业团购,4,1556.37,0.0,否
ORD2024060804856,2024-06-08,P0256,东北,线下直营店,2,46.56,0.09,否
ORD2024111810046,2024-11-18,P0343,华南,线上官网,1,76.39,0.0,否
ORD2024010500128,2024-01-05,P0440,华北,企业团购,4,1346.43,0.0,是
ORD2024042403475,2024-04-24,P0246,华北,线下直营店,2,60.85,0.22,否
ORD2024072406359,2024-07-24,P0245,华东,线上第三方,5,2753.28,0.16,否
ORD2024110409413,2024-11-04,P0153,华南,企业团购,4,1720.21,0.21,否
ORD2024052204311,2024-05-22,P0031,华中,企业团购,1,2891.86,0.0,否
ORD2024032002439,2024-03-20,P0064,西北,线下经销商,3,223.39,0.0,否
ORD2024050303766,2024-05-03,P0195,华东,线下直营店,3,410.76,0.0,否
ORD2024110309363,2024-11-03,P0448,西北,线下直营店,1,1183.69,0.29,否
ORD2024090307581,2024-09-03,P0340,西南,线上第三方,3,86.3,0.0,否
ORD2024072706433,2024-07-27,P0243,华东,线上官网,3,683.23,0.0,否
ORD2024090107515,2024-09-01,P0157,西北,线下经销商,2,1553.66,0.0,否
ORD2024091707979,2024-09-17,P0313,华中,线下经销商,1,88.87,0.0,否
ORD2024122211068,2024-12-22,P0323,华南,线上第三方,1,193.41,0.2,否
ORD2024021801474,2024-02-18,P0430,华南,线下直营店,3,1174.02,0.0,否
ORD2024072406341,2024-07-24,P0466,华东,线下直营店,1,965.48,0.0,否
ORD2024060704822,2024-06-07,P0468,西南,企业团购,4,358.21,0.0,否
ORD2024010100019,2024-01-01,P0430,东北,线上官网,3,1166.38,0.0,否
ORD2024042703561,2024-04-27,P0401,华东,企业团购,1,713.07,0.0,否
ORD2024050903952,2024-05-09,P0497,西南,线上第三方,4,454.56,0.0,否
ORD2024010200050,2024-01-02,P0261,西北,线下经销商,2,97.83,0.0,否
ORD2024062305438,2024-06-23,P0218,东北,线上官网,2,386.04,0.0,否
ORD2024122711208,2024-12-27,P0484,华南,线下直营店,1,250.34,0.0,否
ORD2024092508243,2024-09-25,P0163,东北,线下直营店,4,1255.49,0.12,否
ORD2024013000888,2024-01-30,P0050,西南,企业团购,1,2111.29,0.0,否
ORD2024072106262,2024-07-21,P0016,华北,企业团购,1,392.65,0.0,否
ORD2024082307237,2024-08-23,P0444,西南,线下直营店,2,1097.14,0.29,否
ORD2024081406990,2024-08-14,P0118,华中,线下经销商,1,3166.56,0.0,否
ORD2024071406044,2024-07-14,P0187,西北,线上官网,1,2915.28,0.0,否
ORD2024032702617,2024-03-27,P0174,西北,线下直营店,1,1878.26,0.27,否
ORD2024011800517,2024-01-18,P0127,西南,线下经销商,2,3368.45,0.0,否
ORD2024041403169,2024-04-14,P0278,华中,企业团购,3,153.47,0.0,否
ORD2024040602950,2024-04-06,P0077,华中,线上第三方,1,2557.27,0.0,否
ORD2024021701425,2024-02-17,P0134,西北,线上第三方,1,68.23,0.0,否
ORD2024010500140,2024-01-05,P0181,东北,企业团购,3,1948.44,0.0,否
ORD2024083007451,2024-08-30,P0242,华中,线下直营店,1,798.55,0.0,否
ORD2024030401925,2024-03-04,P0417,华南,线下经销商,2,1325.93,0.0,否
ORD2024031902379,2024-03-19,P0203,华东,线下经销商,3,1787.44,0.0,否
ORD2024041503198,2024-04-15,P0373,华东,线下直营店,6,1448.71,0.0,否
ORD2024061505132,2024-06-15,P0127,东北,企业团购,15,3224.09,0.0,否
ORD2024010400113,2024-01-04,P0410,西南,企业团购,5,854.4,0.0,否
ORD2024111109835,2024-11-11,P0026,华东,线上官网,24,3192.88,0.0,否
ORD2024053004560,2024-05-30,P0353,华东,企业团购,1,29.24,0.0,否
ORD2024053104596,2024-05-31,P0053,西南,企业团购,5,3412.11,0.0,否
ORD2024062005330,2024-06-20,P0200,华中,企业团购,3,2939.95,0.0,否
ORD2024041703251,2024-04-17,P0218,华东,线上第三方,6,393.29,0.0,否
ORD2024060304691,2024-06-03,P0260,华南,线上第三方,5,63.5,0.0,否
ORD2024101508831,2024-10-15,P0293,西南,线下经销商,2,49.94,0.0,否
ORD2024050103698,2024-05-01,P0488,西南,线上第三方,4,812.55,0.0,否
ORD2024052904547,2024-05-29,P0400,西南,线上第三方,4,1233.77,0.0,否
ORD2024110909558,2024-11-09,P0110,华北,线上第三方,2,3889.23,0.0,否
ORD2024041703278,2024-04-17,P0202,东北,线下直营店,4,1172.38,0.0,否
ORD2024091908068,2024-09-19,P0378,东北,线上第三方,1,648.55,0.0,否
ORD2024061104936,2024-06-11,P0005,西北,线上官网,5,4177.82,0.0,否
ORD2024051304069,2024-05-13,P0357,东北,线下直营店,5,88.37,0.0,是
ORD2024052504409,2024-05-25,P0126,华中,线下直营店,2,466.31,0.0,否
ORD2024091407894,2024-09-14,P0338,东北,线上第三方,1,47.59,0.0,否
ORD2024111109730,2024-11-11,P0230,西北,线下经销商,24,1080.49,0.0,否
ORD2024101408819,2024-10-14,P0421,华中,线下经销商,1,285.51,0.0,否
ORD2024041603223,2024-04-16,P0201,华南,线下经销商,3,1644.83,0.0,是
ORD2024103109299,2024-10-31,P0239,华北,企业团购,4,1970.56,0.0,否
ORD2024011600452,2024-01-16,P0062,西北,线下经销商,2,641.03,0.0,否
ORD2024082307263,2024-08-23,P0094,华中,线下经销商,4,3793.64,0.0,否
ORD2024050203732,2024-05-02,P0001,东北,线下直营店,5,557.07,0.0,否
ORD2024082307257,2024-08-23,P0225,华中,线上第三方,2,1310.6,0.0,否
ORD2024112210147,2024-11-22,P0461,华东,线上第三方,3,157.31,0.0,否
ORD2024061304987,2024-06-13,P0115,华中,线下经销商,4,3716.29,0.0,否
ORD2024043003664,2024-04-30,P0211,华东,企业团购,3,591.33,0.0,否
ORD2024033102764,2024-03-31,P0404,华北,线下经销商,1,114.0,0.1,否
ORD2024012200659,2024-01-22,P0289,华东,线下直营店,5,78.77,0.0,否
ORD2024062905603,2024-06-29,P0378,华东,线下经销商,1,662.92,0.0,否
ORD2024030201856,2024-03-02,P0291,华东,线下经销商,2,34.07,0.07,否
ORD2024082907408,2024-08-29,P0279,华北,线上官网,3,147.43,0.0,否
ORD2024060104621,2024-06-01,P0176,西南,线上官网,3,237.06,0.0,否
ORD2024020201000,2024-02-02,P0153,华中,企业团购,5,1724.68,0.0,否
ORD2024011400390,2024-01-14,P0355,华东,企业团购,1,13.97,0.0,否
ORD2024042203408,2024-04-22,P0060,华中,线上第三方,2,1007.57,0.0,否
ORD2024072706427,2024-07-27,P0143,华东,线上官网,3,833.17,0.0,否
ORD2024021801477,2024-02-18,P0383,东北,企业团购,1,32.06,0.17,否
ORD2024031302241,2024-03-13,P0420,华东,线上官网,5,1167.75,0.0,否
ORD2024031902387,2024-03-19,P0497,华南,线上第三方,3,450.99,0.19,否
ORD2024112810356,2024-11-28,P0493,华中,线上官网,1,1282.54,0.21,否
ORD2024020200993,2024-02-02,P0014,华中,线上官网,2,4949.48,0.0,否
ORD2024081607033,2024-08-16,P0354,东北,线下直营店,4,75.63,0.0,否
ORD2024061304998,2024-06-13,P0223,华南,线下经销商,4,496.46,0.0,否
ORD2024050903923,2024-05-09,P0116,华南,线下经销商,2,3622.17,0.0,否
ORD2024040702973,2024-04-07,P0022,华北,企业团购,1,4587.09,0.0,否
ORD2024042103387,2024-04-21,P0054,东北,线下经销商,2,4909.2,0.0,否
ORD2024081106872,2024-08-11,P0311,华南,线下直营店,1,67.81,0.0,否
ORD2024120810616,2024-12-08,P0352,华南,线下直营店,1,101.08,0.21,否
ORD2024120510533,2024-12-05,P0039,西南,线上第三方,4,315.44,0.19,否
ORD2024100608577,2024-10-06,P0045,华东,线上第三方,1,2083.66,0.0,否
ORD2024060604770,2024-06-06,P0414,华东,线下直营店,4,365.74,0.16,否
ORD2024021201294,2024-02-12,P0422,西北,线上第三方,5,1123.1,0.0,否
ORD2024022901825,2024-02-29,P0476,西南,企业团购,1,1532.08,0.0,否
ORD2024040402874,2024-04-04,P0466,东北,线下直营店,4,903.56,0.29,否
ORD2024051604174,2024-05-16,P0454,华东,线上官网,4,1103.07,0.0,否
ORD2024032402536,2024-03-24,P0030,西北,线上官网,2,3811.78,0.24,否
ORD2024112810348,2024-11-28,P0373,西北,线上第三方,1,1443.45,0.13,否
ORD2024030301908,2024-03-03,P0030,西北,企业团购,1,3907.55,0.09,否
ORD2024010200043,2024-01-02,P0180,华北,线上第三方,2,1277.45,0.16,否
ORD2024121310757,2024-12-13,P0461,华南,线上官网,1,143.87,0.11,否
ORD2024011300369,2024-01-13,P0376,华中,企业团购,1,1321.32,0.0,否
ORD2024071306034,2024-07-13,P0217,西南,线下经销商,1,1129.58,0.0,否
ORD2024020801152,2024-02-08,P0496,华中,线下经销商,5,1305.63,0.0,否
ORD2024081507008,2024-08-15,P0424,西南,企业团购,4,140.29,0.17,否
ORD2024022101568,2024-02-21,P0099,华中,线下经销商,1,2107.91,0.0,否
ORD2024122411120,2024-12-24,P0051,东北,线上官网,1,3076.06,0.0,否
ORD2024090407600,2024-09-04,P0261,华中,企业团购,1,93.9,0.0,否
ORD2024092608276,2024-09-26,P0404,西北,线上官网,1,110.94,0.16,否
ORD2024081807107,2024-08-18,P0020,东北,线下经销商,2,3795.32,0.0,否
ORD2024101808904,2024-10-18,P0171,华中,线上官网,1,1205.77,0.0,否
ORD2024051604161,2024-05-16,P0027,华中,线上官网,2,3889.78,0.0,否
ORD2024052104288,2024-05-21,P0255,西南,线上第三方,5,192.55,0.25,否
ORD2024031302231,2024-03-13,P0446,西北,企业团购,2,389.99,0.0,否
ORD2024121210745,2024-12-12,P0349,华北,线上官网,2,166.63,0.0,否
ORD2024010700175,2024-01-07,P0031,华东,企业团购,1,2919.5,0.0,否
ORD2024030301904,2024-03-03,P0289,华南,线上官网,3,81.2,0.0,否
ORD2024020601100,2024-02-06,P0184,西南,线上官网,3,725.99,0.0,否
ORD2024102909235,2024-10-29,P0463,华中,线上官网,4,469.37,0.0,否
ORD2024042203409,2024-04-22,P0045,西北,线下直营店,6,2061.48,0.13,否
ORD2024022001539,2024-02-20,P0409,西北,线上官网,1,1274.11,0.0,否
ORD2024031502293,2024-03-15,P0461,华中,企业团购,5,148.79,0.15,否
ORD2024120510539,2024-12-05,P0035,华中,线下经销商,1,3357.08,0.0,否
ORD2024021501364,2024-02-15,P0352,华北,线下经销商,4,101.18,0.0,否
ORD2024052304358,2024-05-23,P0329,华东,企业团购,3,146.19,0.0,否
ORD2024060304678,2024-06-03,P0076,华中,线上第三方,5,3075.59,0.0,否
ORD2024061805261,2024-06-18,P0182,西北,线下直营店,2,1136.38,0.0,是
ORD2024100308482,2024-10-03,P0412,华中,企业团购,4,989.28,0.0,否
ORD2024100808626,2024-10-08,P0203,华北,线上官网,1,1823.32,0.0,否
ORD2024012300681,2024-01-23,P0086,西南,线上第三方,2,2553.78,0.11,否
ORD2024120610560,2024-12-06,P0326,华南,线上第三方,1,157.66,0.0,否
ORD2024102008974,2024-10-20,P0259,华北,线上第三方,1,199.22,0.0,否
ORD2024043003665,2024-04-30,P0457,华东,线下经销商,2,727.15,0.0,否
ORD2024112410211,2024-11-24,P0007,华中,线下经销商,1,1868.27,0.0,否
ORD2024022401662,2024-02-24,P0107,华东,企业团购,1,1291.78,0.11,否
ORD2024011800509,2024-01-18,P0440,西南,线下经销商,1,1235.54,0.0,否
ORD2024010600167,2024-01-06,P0354,西北,线上第三方,3,78.44,0.14,是
ORD2024062505498,2024-06-25,P0362,华中,企业团购,1,1211.69,0.0,否
ORD2024110409396,2024-11-04,P0003,西南,线下直营店,1,499.83,0.14,否
ORD2024020301007,2024-02-03,P0391,西北,线下直营店,3,974.19,0.0,否
ORD2024110609457,2024-11-06,P0443,华中,线下经销商,3,841.13,0.28,否
ORD2024082707366,2024-08-27,P0002,东北,线上官网,1,3422.1,0.0,否
ORD2024030301915,2024-03-03,P0080,华南,线下直营店,3,4672.23,0.0,否
ORD2024042503495,2024-04-25,P0071,华中,线下经销商,6,4653.58,0.29,否
ORD2024082307264,2024-08-23,P0421,华东,线上第三方,3,280.22,0.0,否
ORD2024121810917,2024-12-18,P0048,华东,线上第三方,4,1662.85,0.17,否
ORD2024122211045,2024-12-22,P0132,华南,线下直营店,2,1604.57,0.27,否
ORD2024082707362,2024-08-27,P0239,西南,线上官网,2,1898.41,0.0,是
ORD2024112110126,2024-11-21,P0009,华北,线上官网,1,3111.15,0.0,否
ORD2024061304991,2024-06-13,P0318,华中,线下经销商,5,114.05,0.0,否
ORD2024032402537,2024-03-24,P0237,华东,线上第三方,3,553.48,0.0,是
ORD2024020601105,2024-02-06,P0426,东北,线下经销商,5,134.23,0.21,否
ORD2024050703876,2024-05-07,P0284,华北,线上官网,5,80.73,0.0,否
ORD2024101808901,2024-10-18,P0244,华北,线下直营店,2,1986.56,0.0,否
ORD2024022701753,2024-02-27,P0007,西南,线上第三方,3,1752.19,0.0,否
ORD2024061905311,2024-06-19,P0484,东北,线上官网,3,243.19,0.0,否
ORD2024071005953,2024-07-10,P0464,华南,线上官网,1,1061.92,0.0,否
ORD2024100708584,2024-10-07,P0249,西南,企业团购,2,19.65,0.0,否
ORD2024092908363,2024-09-29,P0280,华中,线上第三方,1,81.72,0.0,否
ORD2024040502917,2024-04-05,P0089,华南,线下直营店,1,3471.73,0.19,否
ORD2024122711198,2024-12-27,P0342,华东,线上第三方,2,69.31,0.0,否
ORD2024070405755,2024-07-04,P0277,西南,企业团购,3,115.21,0.0,否
ORD2024010600153,2024-01-06,P0048,华东,线上官网,2,1658.82,0.0,否
ORD2024061705231,2024-06-17,P0101,华中,线下直营店,3,4508.96,0.06,是
ORD2024102209016,2024-10-22,P0128,华北,线下经销商,1,2076.77,0.0,否
ORD2024070105680,2024-07-01,P0291,西北,线上第三方,2,33.89,0.0,否
ORD2024050803908,2024-05-08,P0179,华东,线上官网,1,231.05,0.0,否
ORD2024112810352,2024-11-28,P0293,华中,企业团购,4,50.81,0.0,否
ORD2024032402553,2024-03-24,P0187,华北,线上官网,3,2825.23,0.0,否
ORD2024040102774,2024-04-01,P0426,华东,线上第三方,4,132.04,0.0,否
ORD2024091207832,2024-09-12,P0406,华东,线上第三方,3,1422.08,0.12,否
ORD2024042703552,2024-04-27,P0165,华南,企业团购,2,897.62,0.0,否
ORD2024050203723,2024-05-02,P0310,东北,线下直营店,3,128.11,0.0,否
ORD2024020200977,2024-02-02,P0251,东北,线上第三方,1,97.54,0.0,否
ORD2024011800521,2024-01-18,P0134,华南,线上官网,4,70.25,0.0,否
ORD2024102809190,2024-10-28,P0376,东北,企业团购,1,1369.69,0.0,否
ORD2024102309057,2024-10-23,P0368,西南,线上官网,2,997.35,0.0,否
ORD2024112210145,2024-11-22,P0416,华中,线下经销商,1,936.21,0.0,否
ORD2024052904539,2024-05-29,P0444,华南,线下直营店,3,1064.88,0.0,否
ORD2024071806176,2024-07-18,P0030,华北,线下直营店,4,3694.3,0.0,否
ORD2024100208458,2024-10-02,P0386,西北,线上第三方,1,902.59,0.18,否
ORD2024081807082,2024-08-18,P0111,华南,线上官网,1,147.96,0.0,否
ORD2024022901823,2024-02-29,P0064,西南,企业团购,4,235.73,0.0,否
ORD2024051404087,2024-05-14,P0409,东北,线下直营店,1,1320.46,0.0,否
ORD2024120810630,2024-12-08,P0442,华北,线下经销商,2,1012.06,0.0,否
ORD2024111409914,2024-11-14,P0421,西南,线上官网,2,286.79,0.0,否
ORD2024081206897,2024-08-12,P0039,华北,线下直营店,3,314.9,0.0,否
ORD2024030501992,2024-03-05,P0312,西南,线上官网,4,97.6,0.0,否
ORD2024111609981,2024-11-16,P0298,华东,线下经销商,1,110.73,0.3,否
ORD2024011100310,2024-01-11,P0500,西南,线下直营店,4,743.56,0.21,否
ORD2024052104309,2024-05-21,P0311,华北,线下直营店,5,70.08,0.16,否
ORD2024061505142,2024-06-15,P0039,东北,线上第三方,5,319.65,0.0,否
ORD2024111109701,2024-11-11,P0349,华东,线下经销商,8,158.34,0.0,否
ORD2024042803600,2024-04-28,P0027,西北,线下经销商,1,3714.71,0.0,否
ORD2024042903623,2024-04-29,P0077,西南,线下经销商,1,2670.91,0.0,否
ORD2024050503812,2024-05-05,P0307,东北,企业团购,1,67.58,0.0,否
ORD2024071206006,2024-07-12,P0181,华南,线下直营店,1,2074.05,0.0,否
ORD2024111209864,2024-11-12,P0414,华中,线下经销商,4,369.44,0.0,否
ORD2024042303451,2024-04-23,P0213,华北,企业团购,6,728.96,0.0,否
ORD2024053104592,2024-05-31,P0055,西南,线下直营店,4,701.56,0.0,否
ORD2024090207550,2024-09-02,P0068,西北,企业团购,3,5086.68,0.0,否
ORD2024082707353,2024-08-27,P0062,华南,线上第三方,1,645.53,0.17,否
ORD2024010800206,2024-01-08,P0102,西南,线上官网,3,4180.93,0.0,否
ORD2024122511142,2024-12-25,P0392,东北,线下直营店,4,262.04,0.0,否
ORD2024020701136,2024-02-07,P0122,华中,线上第三方,4,3931.28,0.0,是
ORD2024080506681,2024-08-05,P0238,西北,线下经销商,3,567.33,0.0,否
ORD2024120810638,2024-12-08,P0366,东北,线下经销商,2,952.11,0.0,否
ORD2024033102750,2024-03-31,P0446,华北,企业团购,3,421.52,0.0,否
ORD2024042803614,2024-04-28,P0225,西南,企业团购,3,1221.86,0.0,否
ORD2024011100306,2024-01-11,P0172,华东,企业团购,1,2088.11,0.0,否
ORD2024030101850,2024-03-01,P0213,华北,线下直营店,1,758.13,0.0,是
ORD2024042203415,2024-04-22,P0120,华南,线上官网,6,896.76,0.18,否
ORD2024112610273,2024-11-26,P0277,华北,线上官网,1,110.54,0.0,否
ORD2024030501989,2024-03-05,P0062,西南,线下直营店,2,683.22,0.0,否
ORD2024041603241,2024-04-16,P0142,西南,线上官网,1,1977.29,0.12,否
ORD2024040202799,2024-04-02,P0032,华北,企业团购,6,3529.73,0.0,否
ORD2024052804516,2024-05-28,P0469,华东,线下直营店,2,301.81,0.0,否
ORD2024063005631,2024-06-30,P0467,华东,线下直营店,1,1583.23,0.19,否
ORD2024110509428,2024-11-05,P0375,华东,线上官网,1,236.16,0.0,否
ORD2024041203110,2024-04-12,P0052,东北,线上第三方,2,1320.28,0.0,否
ORD2024061104940,2024-06-11,P0092,华中,线上官网,3,4511.02,0.0,否
ORD2024051304060,2024-05-13,P0335,东北,线下直营店,1,35.75,0.0,否
ORD2024030501988,2024-03-05,P0245,华东,线下直营店,2,2973.09,0.0,否
ORD2024071005935,2024-07-10,P0078,华中,线下直营店,2,2269.48,0.24,否
ORD2024111910062,2024-11-19,P0047,华中,线上官网,1,1592.33,0.0,否
ORD2024070605811,2024-07-06,P0062,华中,企业团购,1,675.08,0.0,否
ORD2024011400384,2024-01-14,P0044,华中,企业团购,1,1084.81,0.0,否
ORD2024063005635,2024-06-30,P0244,华北,线下经销商,1,2000.61,0.0,否
ORD2024052104308,2024-05-21,P0318,西南,线下经销商,5,120.65,0.1,否
ORD2024042103389,2024-04-21,P0393,东北,线上第三方,1,1048.62,0.0,否
ORD2024041303157,2024-04-13,P0376,东北,企业团购,1,1378.56,0.08,否
ORD2024071406054,2024-07-14,P0126,华北,企业团购,3,491.6,0.0,否
ORD2024123111321,2024-12-31,P0440,华北,企业团购,3,1298.78,0.0,否
ORD2024073106535,2024-07-31,P0143,华北,线下经销商,2,816.81,0.0,否
ORD2024033002728,2024-03-30,P0006,东北,企业团购,1,769.7,0.28,否
ORD2024092108133,2024-09-21,P0134,华中,线下直营店,1,67.36,0.0,否
ORD2024091908066,2024-09-19,P0274,华北,线上第三方,1,23.65,0.0,否
ORD2024111109848,2024-11-11,P0249,西北,线上官网,24,20.34,0.0,否
ORD2024110409400,2024-11-04,P0135,华东,线下经销商,2,2223.65,0.0,否
ORD2024122411113,2024-12-24,P0029,华南,线上第三方,1,1242.44,0.0,否
ORD2024090907761,2024-09-09,P0023,东北,线上官网,2,3774.74,0.0,否
ORD2024050603833,2024-05-06,P0177,华北,企业团购,5,265.14,0.0,否
ORD2024090607677,2024-09-06,P0295,东北,线下经销商,2,126.08,0.0,否
ORD2024111209871,2024-11-12,P0117,西北,企业团购,3,4026.32,0.0,否
ORD2024060604777,2024-06-06,P0223,华中,线下经销商,3,473.85,0.0,否
ORD2024052004277,2024-05-20,P0459,华北,线上第三方,5,1141.72,0.0,否
ORD2024010900254,2024-01-09,P0021,西南,线上官网,4,2082.75,0.0,否
ORD2024091507925,2024-09-15,P0028,西北,线下经销商,2,611.11,0.0,否
ORD2024121610871,2024-12-16,P0041,西南,线下经销商,3,721.27,0.17,否
ORD2024040602925,2024-04-06,P0257,华东,线上官网,3,195.42,0.0,否
ORD2024011000279,2024-01-10,P0343,华东,线下经销商,2,78.41,0.0,否
ORD2024080806772,2024-08-08,P0247,西北,线下经销商,1,75.69,0.0,否
ORD2024082907416,2024-08-29,P0340,华南,企业团购,1,87.94,0.0,否
ORD2024041703253,2024-04-17,P0392,华北,线上官网,6,259.45,0.0,否
ORD2024091808029,2024-09-18,P0203,西南,线下经销商,2,1847.96,0.0,否
ORD2024032202481,2024-03-22,P0044,华北,线下直营店,3,1076.52,0.0,否
ORD2024011100290,2024-01-11,P0076,华中,线上官网,3,3177.18,0.0,否
ORD2024091107818,2024-09-11,P0176,东北,企业团购,2,236.52,0.0,否
ORD2024041103076,2024-04-11,P0366,东北,线下直营店,6,937.64,0.0,否
ORD2024051304074,2024-05-13,P0105,西南,线上官网,2,4423.78,0.0,否
ORD2024032502584,2024-03-25,P0395,华东,线下直营店,4,1132.24,0.0,否
ORD2024092408207,2024-09-24,P0141,东北,线下经销商,1,946.45,0.0,否
ORD2024071606109,2024-07-16,P0412,西北,线上官网,4,1027.81,0.23,否
ORD2024061505090,2024-06-15,P0255,东北,线下直营店,15,189.84,0.0,否
ORD2024082607332,2024-08-26,P0059,华南,线上第三方,4,3770.78,0.0,否
ORD2024072306333,2024-07-23,P0258,西北,线上第三方,2,135.62,0.0,否
ORD2024120910657,2024-12-09,P0201,西南,线下直营店,1,1691.94,0.0,否
ORD2024101308759,2024-10-13,P0117,华南,线上官网,1,4062.01,0.0,否
ORD2024122111010,2024-12-21,P0111,华北,企业团购,1,147.6,0.21,否
ORD2024083007448,2024-08-30,P0012,华南,企业团购,1,1085.63,0.0,否
ORD2024110709514,2024-11-07,P0048,华中,企业团购,4,1595.06,0.0,否
ORD2024081006851,2024-08-10,P0357,西北,线下经销商,1,86.14,0.0,否
ORD2024121010683,2024-12-10,P0173,华南,线上官网,1,1979.79,0.0,否
ORD2024122711183,2024-12-27,P0356,华中,企业团购,2,32.4,0.0,否
ORD2024051304067,2024-05-13,P0434,西北,企业团购,1,647.15,0.0,否
ORD2024011000271,2024-01-10,P0385,西南,线下直营店,1,689.09,0.0,否
ORD2024071206010,2024-07-12,P0177,华北,线下直营店,2,276.72,0.0,否
ORD2024102309060,2024-10-23,P0145,华南,线下经销商,4,2050.01,0.0,否
ORD2024053004571,2024-05-30,P0484,西北,线下经销商,4,248.68,0.0,否
ORD2024042703577,2024-04-27,P0339,西北,线上官网,1,137.22,0.0,否
ORD2024042703566,2024-04-27,P0165,西南,线上官网,1,881.54,0.0,否
ORD2024040702972,2024-04-07,P0408,华中,企业团购,3,191.51,0.0,否
ORD2024091607955,2024-09-16,P0354,西南,线上第三方,4,79.15,0.0,否
ORD2024111509944,2024-11-15,P0288,华中,线下直营店,3,48.18,0.14,否
ORD2024051804208,2024-05-18,P0460,华中,企业团购,3,558.65,0.0,否
ORD2024041603219,2024-04-16,P0212,华南,线下直营店,3,675.1,0.0,否
ORD2024021501392,2024-02-15,P0232,西南,企业团购,4,2293.71,0.0,否
ORD2024080506697,2024-08-05,P0469,西北,线上第三方,1,310.34,0.0,否
ORD2024051003976,2024-05-10,P0289,华北,线上第三方,5,81.94,0.0,否
ORD2024052204317,2024-05-22,P0483,西南,线上官网,5,1680.24,0.0,否
ORD2024041403181,2024-04-14,P0401,华东,线上官网,3,728.03,0.21,否
ORD2024032902676,2024-03-29,P0004,华东,线上官网,3,3196.07,0.0,否
ORD2024081206898,2024-08-12,P0453,东北,企业团购,1,69.52,0.12,否
ORD2024021601423,2024-02-16,P0083,华北,线下直营店,5,931.99,0.08,否
ORD2024010300084,2024-01-03,P0243,西南,线下直营店,3,630.8,0.23,否
ORD2024012900874,2024-01-29,P0122,西北,线上第三方,4,4152.84,0.0,否
ORD2024121710887,2024-12-17,P0171,西北,企业团购,1,1173.5,0.0,否
ORD2024102008962,2024-10-20,P0040,东北,线下直营店,1,1648.61,0.0,否
ORD2024052904558,2024-05-29,P0233,东北,线上第三方,2,640.37,0.0,否
ORD2024052804501,2024-05-28,P0411,东北,企业团购,3,265.82,0.0,否
ORD2024060204648,2024-06-02,P0464,西南,线下直营店,3,1147.22,0.0,否
ORD2024091407898,2024-09-14,P0300,华中,企业团购,2,75.77,0.0,否
ORD2024072806471,2024-07-28,P0278,西南,线下直营店,1,155.9,0.0,否
ORD2024030702039,2024-03-07,P0026,西南,线下直营店,1,3233.47,0.17,否
ORD2024092808313,2024-09-28,P0329,华中,线上第三方,1,155.38,0.0,否
ORD2024101608853,2024-10-16,P0135,东北,线下经销商,1,2130.58,0.0,否
ORD2024122010985,2024-12-20,P0107,华北,线下经销商,1,1293.37,0.0,否
ORD2024020701133,2024-02-07,P0409,华北,线下经销商,2,1349.16,0.0,否
ORD2024032102451,2024-03-21,P0324,华南,线下直营店,5,115.25,0.0,否
ORD2024051003955,2024-05-10,P0397,华东,线下经销商,2,865.06,0.0,否
ORD2024031702330,2024-03-17,P0034,华南,企业团购,1,155.01,0.0,否
ORD2024112810338,2024-11-28,P0104,华北,线下经销商,1,1717.12,0.0,否
ORD2024072106243,2024-07-21,P0324,西南,线下经销商,1,109.96,0.0,否
ORD2024100808621,2024-10-08,P0322,华东,企业团购,1,95.7,0.0,否
ORD2024061505043,2024-06-15,P0434,华北,线下经销商,10,632.64,0.22,否
ORD2024120810617,2024-12-08,P0146,西北,企业团购,1,864.03,0.0,否
ORD2024060504747,2024-06-05,P0491,华南,线上第三方,4,1042.46,0.0,否
ORD2024082907424,2024-08-29,P0219,华东,企业团购,1,2225.57,0.0,否
ORD2024120810621,2024-12-08,P0074,西北,线上官网,1,2031.38,0.0,否
ORD2024110109314,2024-11-01,P0005,西北,线上第三方,1,4064.94,0.0,否
ORD2024101808913,2024-10-18,P0246,华南,线上官网,1,63.96,0.0,否
ORD2024093008372,2024-09-30,P0338,东北,企业团购,3,47.31,0.0,否
ORD2024092308161,2024-09-23,P0486,华南,企业团购,3,650.65,0.26,否
ORD2024082007160,2024-08-20,P0220,华南,线上第三方,3,1932.67,0.0,否
ORD2024031902402,2024-03-19,P0049,华南,线下经销商,4,4611.11,0.0,否
ORD2024083007446,2024-08-30,P0146,东北,线上官网,3,818.6,0.05,否
ORD2024062605521,2024-06-26,P0371,东北,企业团购,1,1095.23,0.0,否
ORD2024021001217,2024-02-10,P0223,西南,线下直营店,1,472.05,0.0,否
ORD2024120710593,2024-12-07,P0128,西北,线上第三方,1,2172.01,0.17,否
ORD2024071306021,2024-07-13,P0445,东北,企业团购,1,826.64,0.0,否
ORD2024100408515,2024-10-04,P0313,华南,企业团购,1,93.79,0.0,否
ORD2024020501065,2024-02-05,P0110,西北,线下经销商,5,4054.81,0.0,否
ORD2024050403787,2024-05-04,P0323,东北,线上官网,1,188.13,0.0,否
ORD2024052504411,2024-05-25,P0260,西北,企业团购,2,61.18,0.0,否
ORD2024062105386,2024-06-21,P0365,华南,线下经销商,2,1098.82,0.0,是
ORD2024100208449,2024-10-02,P0007,华北,线上官网,1,1725.1,0.0,否
ORD2024062605524,2024-06-26,P0250,东北,线下经销商,4,84.54,0.0,否
ORD2024071205997,2024-07-12,P0296,东北,线下直营店,3,131.17,0.0,否
ORD2024112110141,2024-11-21,P0412,西北,线上第三方,1,991.05,0.0,是
ORD2024082207226,2024-08-22,P0351,华北,线下经销商,4,80.39,0.0,否
ORD2024070805889,2024-07-08,P0142,东北,线上第三方,3,1842.91,0.05,否
ORD2024031102162,2024-03-11,P0426,东北,线上官网,4,122.68,0.0,否
ORD2024040903009,2024-04-09,P0323,西北,企业团购,6,197.45,0.0,否
ORD2024111309899,2024-11-13,P0082,西南,线上官网,2,727.95,0.0,否
ORD2024020601106,2024-02-06,P0261,华北,线下经销商,3,91.68,0.0,否
ORD2024093008381,2024-09-30,P0465,华东,线上官网,3,801.26,0.0,否
ORD2024012400693,2024-01-24,P0402,华南,企业团购,2,627.47,0.15,否
ORD2024030602004,2024-03-06,P0114,西南,企业团购,1,2974.25,0.0,否
ORD2024061204957,2024-06-12,P0476,华南,线下直营店,2,1582.03,0.0,否
ORD2024092908343,2024-09-29,P0463,西北,线上第三方,1,441.76,0.17,否
ORD2024111009604,2024-11-10,P0376,西北,线下经销商,1,1359.07,0.0,否
ORD2024052304370,2024-05-23,P0338,东北,线下直营店,3,44.35,0.15,否
ORD2024111910067,2024-11-19,P0498,华南,线上第三方,4,1655.47,0.0,否
ORD2024040102766,2024-04-01,P0057,东北,线下直营店,6,3909.59,0.0,否
ORD2024050903930,2024-05-09,P0108,华北,企业团购,2,1455.82,0.0,否
ORD2024100908673,2024-10-09,P0131,西北,线下经销商,3,2228.78,0.0,否
ORD2024111309906,2024-11-13,P0235,西南,线上第三方,3,2726.79,0.0,否
ORD2024122411125,2024-12-24,P0194,东北,线下经销商,4,1945.04,0.0,否
ORD2024091007779,2024-09-10,P0422,华南,线下经销商,1,1063.84,0.0,否
ORD2024022301630,2024-02-23,P0271,西南,线上第三方,3,32.44,0.0,否
ORD2024012200629,2024-01-22,P0243,华南,线下经销商,3,632.82,0.0,否
ORD2024032102452,2024-03-21,P0185,东北,企业团购,2,775.51,0.0,否
ORD2024091808019,2024-09-18,P0466,西北,线下直营店,3,903.22,0.0,否
ORD2024092808325,2024-09-28,P0031,华北,企业团购,1,2870.85,0.0,否
ORD2024050603825,2024-05-06,P0349,华中,企业团购,4,172.99,0.0,否
ORD2024122111022,2024-12-21,P0339,东北,线上官网,1,127.53,0.0,否
ORD2024032802653,2024-03-28,P0221,华中,线上第三方,2,2081.17,0.07,否
ORD2024112710318,2024-11-27,P0390,华南,企业团购,3,1058.77,0.13,否
ORD2024050303744,2024-05-03,P0201,华东,线下经销商,5,1619.56,0.14,否
ORD2024031102177,2024-03-11,P0449,华东,线上官网,3,898.84,0.0,是
ORD2024122811218,2024-12-28,P0246,华中,线上官网,1,62.68,0.0,否
ORD2024080506690,2024-08-05,P0012,华中,线下经销商,2,1172.33,0.0,是
ORD2024120410499,2024-12-04,P0262,西南,线下直营店,2,180.26,0.0,否
ORD2024041903319,2024-04-19,P0459,华东,线上官网,4,1171.31,0.0,否
ORD2024092208145,2024-09-22,P0274,华南,线上第三方,2,23.92,0.0,否
ORD2024082907433,2024-08-29,P0057,西南,企业团购,4,4212.91,0.0,否
ORD2024040102788,2024-04-01,P0329,华北,线上官网,3,145.08,0.05,否
ORD2024051404106,2024-05-14,P0308,东北,线下经销商,2,192.57,0.0,否
ORD2024092308162,2024-09-23,P0351,华北,线下直营店,4,76.76,0.2,是
ORD2024022501677,2024-02-25,P0044,华中,线上第三方,1,1103.56,0.0,是
ORD2024050903948,2024-05-09,P0279,华北,企业团购,1,157.03,0.0,否
ORD2024090507619,2024-09-05,P0089,华北,线下经销商,1,3414.1,0.0,否
ORD2024052604445,2024-05-26,P0169,华南,线上官网,2,1507.74,0.0,否
ORD2024040602937,2024-04-06,P0147,西南,线上第三方,3,696.31,0.0,否
ORD2024082607323,2024-08-26,P0440,华北,线上官网,2,1347.03,0.28,否
ORD2024093008384,2024-09-30,P0311,西北,线上第三方,1,66.57,0.0,否
ORD2024040302838,2024-04-03,P0487,华东,线下经销商,4,1530.26,0.0,否
ORD2024070305723,2024-07-03,P0055,华东,线下经销商,4,707.36,0.0,否
ORD2024112110117,2024-11-21,P0203,西北,线上官网,1,1771.92,0.0,否
ORD2024032302504,2024-03-23,P0242,华中,线上官网,2,851.43,0.0,否
ORD2024111009607,2024-11-10,P0176,东北,线下直营店,1,255.73,0.0,否
ORD2024031802370,2024-03-18,P0277,华南,线上第三方,5,112.3,0.06,否
ORD2024061204968,2024-06-12,P0239,华北,线上第三方,1,1926.14,0.0,否
ORD2024070805884,2024-07-08,P0110,华中,线下经销商,3,3982.25,0.0,否
ORD2024031302218,2024-03-13,P0099,华东,线上官网,1,2049.1,0.0,否
ORD2024070705848,2024-07-07,P0025,华中,线上官网,1,3593.03,0.0,否
ORD2024031302219,2024-03-13,P0185,华南,线上第三方,5,815.63,0.0,否
ORD2024041903327,2024-04-19,P0176,华北,线下直营店,4,242.98,0.0,否
ORD2024102809212,2024-10-28,P0084,西南,线下经销商,4,1066.95,0.0,否
ORD2024082607324,2024-08-26,P0227,东北,线下直营店,4,1019.14,0.0,否
ORD2024042703584,2024-04-27,P0188,西北,企业团购,1,1086.62,0.0,否
ORD2024122511126,2024-12-25,P0095,华北,线下直营店,4,3642.55,0.0,否
ORD2024042903620,2024-04-29,P0088,西南,线下经销商,3,2935.62,0.0,否
ORD2024072006218,2024-07-20,P0101,华南,线上第三方,1,4218.62,0.0,否
ORD2024032102469,2024-03-21,P0412,华中,线上第三方,4,1059.23,0.0,否
ORD2024092508219,2024-09-25,P0374,华东,企业团购,4,698.63,0.0,否
ORD2024041203116,2024-04-12,P0174,华东,线下直营店,3,1849.93,0.23,否
ORD2024010300086,2024-01-03,P0082,华中,线下直营店,2,743.81,0.0,否
ORD2024111009590,2024-11-10,P0332,华南,线上官网,1,103.76,0.0,否
ORD2024071105974,2024-07-11,P0074,华中,线上官网,2,1955.3,0.15,否
ORD2024040202802,2024-04-02,P0466,华中,线下直营店,6,977.77,0.17,否
ORD2024043003672,2024-04-30,P0251,华东,线下经销商,3,96.95,0.0,否
ORD2024043003668,2024-04-30,P0201,西南,线下直营店,3,1664.01,0.0,否
ORD2024122311093,2024-12-23,P0116,东北,企业团购,4,3565.19,0.0,否
ORD2024122811217,2024-12-28,P0037,华北,线下直营店,1,3009.78,0.0,否
ORD2024061505159,2024-06-15,P0117,东北,线下直营店,5,3709.05,0.14,否
ORD2024090407595,2024-09-04,P0434,西北,线下直营店,4,652.54,0.0,是
ORD2024081406977,2024-08-14,P0246,东北,线下经销商,3,59.77,0.0,否
ORD2024070305726,2024-07-03,P0073,华东,线下经销商,3,1709.55,0.0,否
ORD2024053104591,2024-05-31,P0053,华中,企业团购,3,3475.76,0.2,否
ORD2024030602020,2024-03-06,P0147,华中,线下经销商,4,653.51,0.0,否
ORD2024042203424,2024-04-22,P0436,西南,企业团购,3,1228.1,0.23,否
ORD2024032302526,2024-03-23,P0353,华中,线上官网,2,26.5,0.0,否
ORD2024111109787,2024-11-11,P0243,西北,线下直营店,8,687.84,0.0,否
ORD2024091808006,2024-09-18,P0059,华东,企业团购,1,3654.68,0.0,否
ORD2024041503213,2024-04-15,P0049,西北,线下直营店,1,4810.4,0.0,否
ORD2024011800520,2024-01-18,P0385,华中,企业团购,1,679.44,0.3,否
ORD2024062105367,2024-06-21,P0313,华南,线下经销商,4,92.52,0.25,否
ORD2024100208450,2024-10-02,P0107,华东,线上官网,1,1387.24,0.0,否
ORD2024080206594,2024-08-02,P0061,华北,线上第三方,4,518.83,0.24,否
ORD2024040502896,2024-04-05,P0144,西南,线上第三方,4,1199.51,0.0,否
ORD2024010900245,2024-01-09,P0222,华南,线下直营店,2,335.93,0.0,否
ORD2024071005931,2024-07-10,P0340,西北,线下直营店,2,86.78,0.0,否
ORD2024060404715,2024-06-04,P0419,华中,线上官网,3,694.66,0.0,否
ORD2024120110437,2024-12-01,P0460,西北,企业团购,2,569.33,0.0,否
ORD2024042203426,2024-04-22,P0398,华中,线上官网,1,1299.79,0.0,否
ORD2024100208433,2024-10-02,P0467,华中,线下经销商,1,1616.67,0.0,否
ORD2024042903643,2024-04-29,P0139,西北,线下直营店,6,272.24,0.0,否
ORD2024012700797,2024-01-27,P0372,华中,线下经销商,2,1327.38,0.23,否
ORD2024093008370,2024-09-30,P0216,西北,线上第三方,3,1566.35,0.0,否
ORD2024091507933,2024-09-15,P0191,西南,线上第三方,1,1491.54,0.0,否
ORD2024101708898,2024-10-17,P0265,西南,企业团购,2,96.5,0.0,否
ORD2024062605510,2024-06-26,P0283,西北,企业团购,3,194.6,0.0,否
ORD2024072206298,2024-07-22,P0392,华南,线下经销商,1,256.65,0.0,否
ORD2024030602002,2024-03-06,P0224,华南,线上第三方,5,959.71,0.17,否
ORD2024013000886,2024-01-30,P0112,华北,线下经销商,3,4402.22,0.0,否
ORD2024012900870,2024-01-29,P0466,西南,线下经销商,2,971.52,0.16,否
ORD2024072806455,2024-07-28,P0141,东北,线上官网,2,901.1,0.0,否
ORD2024122010978,2024-12-20,P0049,华中,企业团购,2,4824.94,0.0,否
ORD2024120310482,2024-12-03,P0091,华北,企业团购,3,931.25,0.0,否
ORD2024092208154,2024-09-22,P0340,华东,线下经销商,1,84.48,0.0,否
ORD2024070305721,2024-07-03,P0060,华北,线上第三方,4,1033.86,0.0,否
ORD2024011300357,2024-01-13,P0397,西北,企业团购,1,833.56,0.15,否
ORD2024122811219,2024-12-28,P0488,华南,线上第三方,2,802.87,0.07,否
ORD2024062405452,2024-06-24,P0162,华东,线下经销商,4,1724.19,0.0,否
ORD2024082007161,2024-08-20,P0020,西北,线上官网,1,3528.27,0.0,否
ORD2024103109279,2024-10-31,P0165,西北,线上官网,1,863.4,0.0,否
ORD2024082307258,2024-08-23,P0046,华北,线上第三方,4,4937.01,0.0,否
ORD2024091307867,2024-09-13,P0047,西南,企业团购,3,1546.89,0.0,否
ORD2024092508225,2024-09-25,P0291,东北,线上第三方,4,33.33,0.0,否
ORD2024033102744,2024-03-31,P0460,华中,线上第三方,2,538.35,0.0,否
ORD2024080506704,2024-08-05,P0330,华南,线上官网,1,93.03,0.0,是
ORD2024021201276,2024-02-12,P0210,华东,企业团购,4,1154.88,0.24,否
ORD2024030301891,2024-03-03,P0308,华北,线下经销商,1,195.94,0.0,否
ORD2024111109850,2024-11-11,P0412,西南,线下经销商,8,1033.5,0.0,否
ORD2024072606416,2024-07-26,P0244,华东,线下直营店,3,2109.95,0.0,否
ORD2024050303753,2024-05-03,P0202,西南,线下经销商,5,1182.4,0.0,否
ORD2024113010406,2024-11-30,P0041,华东,线下直营店,1,739.21,0.13,否
ORD2024042703564,2024-04-27,P0298,西南,线上官网,2,112.09,0.28,否
ORD2024070505788,2024-07-05,P0351,西北,线上第三方,5,77.06,0.0,否
ORD2024061204959,2024-06-12,P0180,华中,线下直营店,2,1305.92,0.0,否
ORD2024022001547,2024-02-20,P0159,西北,企业团购,2,1419.2,0.0,否
ORD2024071906194,2024-07-19,P0214,华中,线上官网,1,1769.07,0.0,否
ORD2024031902381,2024-03-19,P0404,华东,线上官网,1,119.51,0.0,否
ORD2024072906475,2024-07-29,P0310,华中,线上第三方,3,119.64,0.0,否
ORD2024050603824,2024-05-06,P0164,华中,线上官网,5,363.59,0.0,否
ORD2024091407889,2024-09-14,P0254,华中,线上第三方,1,27.67,0.24,否
ORD2024041603233,2024-04-16,P0324,西北,线上第三方,1,113.67,0.0,否
ORD2024112710314,2024-11-27,P0390,西南,线下经销商,1,1146.18,0.0,否
ORD2024041803307,2024-04-18,P0159,西北,线下经销商,1,1351.41,0.0,否
ORD2024011700493,2024-01-17,P0114,东北,企业团购,2,3026.76,0.0,否
ORD2024042503500,2024-04-25,P0249,华南,线上第三方,4,19.42,0.0,否
ORD2024093008386,2024-09-30,P0172,西北,企业团购,1,2060.71,0.0,否
ORD2024020701117,2024-02-07,P0288,华南,线上第三方,3,48.56,0.0,否
ORD2024063005638,2024-06-30,P0492,华东,线上官网,1,173.08,0.0,否
ORD2024111509951,2024-11-15,P0059,华东,线下经销商,1,3709.21,0.0,否
ORD2024071706147,2024-07-17,P0358,西北,线下直营店,5,765.0,0.11,是
ORD2024122611176,2024-12-26,P0499,华东,线下经销商,4,524.52,0.0,否
ORD2024111509952,2024-11-15,P0472,华中,线下直营店,1,734.38,0.0,否
ORD2024100108410,2024-10-01,P0104,华北,线下经销商,1,1725.93,0.0,否
ORD2024110109315,2024-11-01,P0302,华南,线下直营店,2,73.83,0.0,否
ORD2024081006858,2024-08-10,P0183,西北,线上官网,2,556.1,0.0,否
ORD2024090907758,2024-09-09,P0482,华中,线下直营店,1,1121.79,0.0,否
ORD2024111109758,2024-11-11,P0426,西南,线下经销商,24,132.68,0.0,否
ORD2024080206590,2024-08-02,P0346,华南,线下直营店,2,135.95,0.0,否
ORD2024112610277,2024-11-26,P0373,华中,线下经销商,1,1522.22,0.0,否
ORD2024042903646,2024-04-29,P0256,华中,线下经销商,6,45.85,0.0,否
ORD2024100308488,2024-10-03,P0133,华北,线上官网,1,2845.57,0.0,否
ORD2024090207558,2024-09-02,P0235,华中,线上官网,3,2651.46,0.0,否
ORD2024032202501,2024-03-22,P0088,东北,企业团购,3,3078.37,0.15,否
ORD2024070105678,2024-07-01,P0080,西南,线上官网,3,4493.85,0.09,否
ORD2024121710896,2024-12-17,P0290,华东,企业团购,1,11.32,0.18,否
ORD2024061705242,2024-06-17,P0118,东北,线上官网,1,3150.91,0.0,否
ORD2024120310472,2024-12-03,P0055,华南,线下经销商,4,652.55,0.0,否
ORD2024040102784,2024-04-01,P0141,东北,线下直营店,6,929.0,0.0,否
ORD2024071806159,2024-07-18,P0074,西北,线上第三方,2,2088.85,0.0,否
ORD2024050503810,2024-05-05,P0312,华北,线下经销商,1,91.52,0.21,否
ORD2024092908359,2024-09-29,P0466,华中,企业团购,2,927.22,0.0,是
ORD2024111109801,2024-11-11,P0122,华东,线上官网,24,4138.03,0.0,否
ORD2024040802994,2024-04-08,P0092,华北,线上官网,4,4551.88,0.0,否
ORD2024022501697,2024-02-25,P0472,东北,线上第三方,1,723.32,0.0,否
ORD2024070105686,2024-07-01,P0429,东北,企业团购,5,1001.88,0.0,否
ORD2024031602296,2024-03-16,P0416,西北,线上第三方,3,875.55,0.0,否
ORD2024110109316,2024-11-01,P0495,西南,线上第三方,3,1248.32,0.28,否
ORD2024073006505,2024-07-30,P0098,西南,线下经销商,4,451.44,0.0,否
ORD2024071005940,2024-07-10,P0153,西南,线上第三方,3,1732.39,0.27,否
ORD2024090907764,2024-09-09,P0006,西南,线下直营店,2,802.53,0.0,否
ORD2024030802053,2024-03-08,P0320,华南,线下直营店,3,106.47,0.0,否
ORD2024022801777,2024-02-28,P0383,华中,线上第三方,3,32.35,0.0,否
ORD2024092808311,2024-09-28,P0174,东北,线上第三方,1,1870.51,0.0,否
ORD2024041903314,2024-04-19,P0272,华北,线上第三方,2,28.01,0.0,否
ORD2024060604782,2024-06-06,P0095,西北,企业团购,4,3658.21,0.0,否
ORD2024080306633,2024-08-03,P0394,华北,线上官网,1,1422.69,0.0,否
ORD2024111009585,2024-11-10,P0209,华北,线下经销商,2,1175.18,0.0,否
ORD2024100208460,2024-10-02,P0443,华北,线下直营店,1,813.25,0.0,否
ORD2024022201593,2024-02-22,P0060,西南,线下直营店,2,1058.0,0.0,否
ORD2024022601724,2024-02-26,P0268,华南,线下直营店,2,71.18,0.0,否
ORD2024090407606,2024-09-04,P0114,西南,线下直营店,1,2913.82,0.0,否
ORD2024010800216,2024-01-08,P0169,西南,线上官网,1,1528.1,0.0,否
ORD2024102509103,2024-10-25,P0484,西南,线下经销商,3,245.07,0.0,否
ORD2024080606708,2024-08-06,P0469,华东,线上第三方,1,311.83,0.29,否
ORD2024091307855,2024-09-13,P0270,华北,线下经销商,1,132.21,0.0,否
ORD2024121410813,2024-12-14,P0308,西北,线上官网,1,180.35,0.0,否
ORD2024011700491,2024-01-17,P0130,华中,企业团购,5,781.96,0.0,否
ORD2024112810350,2024-11-28,P0126,东北,企业团购,3,490.0,0.0,否
ORD2024042403484,2024-04-24,P0280,东北,线下直营店,1,81.25,0.08,否
ORD2024081507007,2024-08-15,P0347,西北,线上第三方,2,173.09,0.0,否
ORD2024061505103,2024-06-15,P0278,华中,企业团购,5,151.35,0.0,否
ORD2024061505188,2024-06-15,P0354,西南,线上第三方,10,75.15,0.0,否
ORD2024042203432,2024-04-22,P0299,西北,线上官网,4,112.52,0.06,否
ORD2024080206600,2024-08-02,P0419,东北,企业团购,1,668.95,0.0,否
ORD2024092008085,2024-09-20,P0232,华北,线上官网,4,2284.45,0.0,否
ORD2024011600461,2024-01-16,P0165,东北,企业团购,3,853.17,0.0,否
ORD2024072606411,2024-07-26,P0230,西南,线上第三方,4,1050.83,0.07,否
ORD2024090107507,2024-09-01,P0093,西南,线上第三方,1,5087.9,0.0,否
ORD2024100808612,2024-10-08,P0360,西北,线上第三方,2,940.37,0.0,否
ORD2024080306651,2024-08-03,P0121,华中,线上第三方,1,2581.29,0.0,否
ORD2024062605514,2024-06-26,P0004,华南,线上官网,4,3254.25,0.0,否
ORD2024121210751,2024-12-12,P0426,西南,线上第三方,2,122.82,0.06,否
ORD2024010100026,2024-01-01,P0406,华中,线上官网,2,1332.5,0.0,否
ORD2024042503513,2024-04-25,P0292,华东,线下直营店,6,151.04,0.0,否
ORD2024031902410,2024-03-19,P0291,华北,线下直营店,4,33.16,0.09,否
ORD2024041703271,2024-04-17,P0138,西南,线下直营店,2,237.54,0.0,否
ORD2024090607660,2024-09-06,P0408,华南,线上官网,2,198.66,0.14,否
ORD2024061605210,2024-06-16,P0061,西北,企业团购,1,477.5,0.0,是
ORD2024111209878,2024-11-12,P0008,西南,线上第三方,4,2540.78,0.0,否
ORD2024022101553,2024-02-21,P0307,华北,线下经销商,4,65.94,0.08,否
ORD2024120110426,2024-12-01,P0016,华南,企业团购,1,390.38,0.07,否
ORD2024111109770,2024-11-11,P0017,华中,企业团购,32,2046.48,0.0,否
ORD2024080506684,2024-08-05,P0242,东北,企业团购,3,845.05,0.0,是
ORD2024050703872,2024-05-07,P0340,华中,线上第三方,3,88.43,0.0,否
ORD2024082507311,2024-08-25,P0427,西北,线下直营店,1,699.64,0.0,否
ORD2024042103403,2024-04-21,P0336,华南,线下经销商,2,192.73,0.0,否
ORD2024052904530,2024-05-29,P0115,华北,线下直营店,1,3539.06,0.0,否
ORD2024020200980,2024-02-02,P0122,华北,线上第三方,4,4099.37,0.0,否
ORD2024032802656,2024-03-28,P0132,东北,企业团购,4,1497.94,0.05,否
ORD2024030101848,2024-03-01,P0366,西北,线下直营店,3,936.22,0.28,否
ORD2024122011006,2024-12-20,P0357,华中,线下经销商,1,80.94,0.0,否
ORD2024110109333,2024-11-01,P0426,华南,线上第三方,1,127.06,0.0,否
ORD2024111609971,2024-11-16,P0429,华中,线上官网,1,1078.26,0.0,否
ORD2024101308768,2024-10-13,P0177,东北,线上第三方,2,281.5,0.0,否
ORD2024070305722,2024-07-03,P0036,华南,线上官网,3,1140.87,0.0,否
ORD2024011800516,2024-01-18,P0141,东北,企业团购,4,876.83,0.0,否
ORD2024110109313,2024-11-01,P0108,西北,线下直营店,3,1381.05,0.0,否
ORD2024121810931,2024-12-18,P0054,华南,企业团购,2,4756.96,0.0,否
ORD2024110309393,2024-11-03,P0143,东北,线下经销商,1,832.96,0.0,否
ORD2024020601103,2024-02-06,P0044,华北,线上官网,4,1024.31,0.0,否
ORD2024041703277,2024-04-17,P0354,西南,线下经销商,1,80.52,0.0,否
ORD2024092608248,2024-09-26,P0447,西北,线下直营店,4,386.33,0.0,否
ORD2024062005346,2024-06-20,P0234,华中,企业团购,1,1641.8,0.0,否
ORD2024032802658,2024-03-28,P0339,西北,线下经销商,4,134.01,0.0,否
ORD2024112610283,2024-11-26,P0259,华北,线上第三方,3,191.88,0.0,否
ORD2024110509442,2024-11-05,P0351,华北,线上第三方,4,78.61,0.18,否
ORD2024051103997,2024-05-11,P0164,东北,线上第三方,2,377.51,0.0,否
ORD2024010700195,2024-01-07,P0376,西北,企业团购,1,1338.72,0.0,否
ORD2024060404712,2024-06-04,P0289,华南,线上官网,2,77.53,0.08,否
ORD2024012200644,2024-01-22,P0490,华南,企业团购,4,1788.65,0.0,否
ORD2024120510546,2024-12-05,P0176,华东,企业团购,2,256.39,0.0,否
ORD2024041803286,2024-04-18,P0109,西北,线上官网,6,3864.62,0.0,否
ORD2024041203117,2024-04-12,P0348,华中,线下经销商,2,45.21,0.0,否
ORD2024092608251,2024-09-26,P0482,西北,企业团购,2,1149.65,0.06,否
ORD2024042703576,2024-04-27,P0205,华东,线上第三方,2,354.16,0.0,否
ORD2024081106873,2024-08-11,P0032,西南,企业团购,1,3475.46,0.11,否
ORD2024112410224,2024-11-24,P0124,西北,企业团购,1,935.05,0.06,否
ORD2024052204321,2024-05-22,P0030,华中,线下经销商,1,3751.07,0.0,否
ORD2024092508241,2024-09-25,P0398,华中,线下经销商,3,1301.56,0.0,否
ORD2024123111318,2024-12-31,P0406,西北,线下直营店,1,1336.9,0.0,否
ORD2024031202208,2024-03-12,P0230,华中,企业团购,2,1122.24,0.0,否
ORD2024052904553,2024-05-29,P0080,华东,企业团购,4,4724.71,0.0,否
ORD2024052504403,2024-05-25,P0331,华中,线上第三方,3,39.89,0.28,否
ORD2024111810030,2024-11-18,P0421,华东,线上第三方,2,278.14,0.19,否
ORD2024082807396,2024-08-28,P0009,东北,线下经销商,3,3199.35,0.22,否
ORD2024050203719,2024-05-02,P0315,东北,线上官网,4,34.66,0.0,否
ORD2024020100973,2024-02-01,P0171,西南,线上第三方,4,1141.23,0.0,是
ORD2024053004580,2024-05-30,P0254,华南,线下直营店,2,28.38,0.0,否
ORD2024073006517,2024-07-30,P0324,华南,线下直营店,5,114.05,0.0,否
ORD2024080506699,2024-08-05,P0033,东北,线下直营店,3,2064.9,0.0,否
ORD2024012500720,2024-01-25,P0135,西南,企业团购,2,2173.59,0.0,否
ORD2024092708284,2024-09-27,P0096,华中,线上第三方,3,1370.43,0.0,否
ORD2024071806156,2024-07-18,P0031,西北,线下经销商,3,2664.52,0.0,否
ORD2024121010689,2024-12-10,P0334,华南,线上第三方,1,60.33,0.0,否
ORD2024050803897,2024-05-08,P0064,东北,企业团购,3,237.48,0.0,否
ORD2024040202804,2024-04-02,P0350,西北,线下经销商,6,88.26,0.0,否
ORD2024032502567,2024-03-25,P0422,华北,线下经销商,3,1080.86,0.0,否
ORD2024051204026,2024-05-12,P0014,华南,线上官网,3,4993.96,0.0,否
ORD2024071906199,2024-07-19,P0191,华中,线下直营店,3,1422.77,0.0,否
ORD2024010100033,2024-01-01,P0383,华南,线下直营店,5,33.13,0.0,否
ORD2024110409406,2024-11-04,P0439,东北,线下直营店,1,1296.47,0.0,否
ORD2024111710014,2024-11-17,P0486,东北,线下经销商,1,684.29,0.25,否
ORD2024122411119,2024-12-24,P0236,东北,企业团购,3,1643.8,0.17,否
ORD2024051304064,2024-05-13,P0292,西南,线下直营店,1,161.1,0.0,否
ORD2024112110140,2024-11-21,P0029,华南,线上官网,1,1211.7,0.0,否
ORD2024082507302,2024-08-25,P0088,华北,线下直营店,1,2971.39,0.0,否
ORD2024062705541,2024-06-27,P0147,华中,线下直营店,4,658.32,0.0,否
ORD2024022501698,2024-02-25,P0357,西北,线上官网,1,80.34,0.0,否
ORD2024040102793,2024-04-01,P0477,华南,企业团购,1,1948.89,0.0,否
ORD2024092808314,2024-09-28,P0389,华北,线上官网,2,687.86,0.0,否
ORD2024031302223,2024-03-13,P0059,华东,线上官网,2,3514.58,0.08,否
ORD2024070605819,2024-07-06,P0376,华东,线上官网,1,1294.86,0.0,否
ORD2024121910950,2024-12-19,P0014,华南,企业团购,1,5081.59,0.0,否
ORD2024050303765,2024-05-03,P0170,华东,线下直营店,2,1180.65,0.0,否
ORD2024090607670,2024-09-06,P0400,西南,线下经销商,3,1344.08,0.0,否
ORD2024050703867,2024-05-07,P0368,华北,线上官网,1,974.46,0.0,否
ORD2024111109760,2024-11-11,P0188,华南,企业团购,8,1110.59,0.0,否
ORD2024121410808,2024-12-14,P0342,华北,线上第三方,1,68.77,0.0,否
ORD2024112110130,2024-11-21,P0494,西南,企业团购,1,349.34,0.0,否
ORD2024093008389,2024-09-30,P0390,华南,线下直营店,3,1142.47,0.19,否
ORD2024032302513,2024-03-23,P0096,西南,企业团购,2,1479.91,0.0,否
ORD2024050303759,2024-05-03,P0224,华中,企业团购,3,978.62,0.0,否
ORD2024040302832,2024-04-03,P0044,西南,线上官网,3,1085.13,0.0,否
ORD2024041603228,2024-04-16,P0409,东北,线上第三方,6,1261.75,0.17,否
ORD2024051804215,2024-05-18,P0248,西北,企业团购,1,17.58,0.0,否
ORD2024050903924,2024-05-09,P0458,西南,企业团购,4,139.54,0.27,否
ORD2024050803905,2024-05-08,P0036,东北,线上官网,2,1204.88,0.0,否
ORD2024031502278,2024-03-15,P0409,华中,企业团购,5,1263.21,0.0,否
ORD2024081507002,2024-08-15,P0017,东北,企业团购,3,2013.28,0.21,否
ORD2024100308480,2024-10-03,P0084,华东,线上第三方,4,1104.18,0.0,否
ORD2024021601402,2024-02-16,P0394,华南,企业团购,5,1400.71,0.0,是
ORD2024012500740,2024-01-25,P0457,华北,线下直营店,1,742.71,0.0,否
ORD2024073106553,2024-07-31,P0445,西南,企业团购,1,800.06,0.0,否
ORD2024052004267,2024-05-20,P0349,东北,线上第三方,4,164.01,0.0,否
ORD2024122611170,2024-12-26,P0243,华北,线上官网,2,639.38,0.0,是
ORD2024090707704,2024-09-07,P0498,华东,线下经销商,1,1626.07,0.0,否
ORD2024061304980,2024-06-13,P0480,西南,企业团购,2,292.86,0.0,否
ORD2024041703254,2024-04-17,P0418,西南,线上官网,4,116.22,0.0,否
ORD2024050603852,2024-05-06,P0497,华东,线上第三方,3,456.94,0.0,否
ORD2024111109782,2024-11-11,P0089,华南,线下经销商,8,3571.12,0.0,否
ORD2024032802662,2024-03-28,P0490,西南,企业团购,4,1940.09,0.0,否
ORD2024031102159,2024-03-11,P0204,华北,企业团购,5,227.73,0.29,否
ORD2024100408505,2024-10-04,P0249,西北,企业团购,1,19.51,0.0,否
ORD2024092008089,2024-09-20,P0446,西北,线下经销商,4,391.8,0.0,否
ORD2024012300675,2024-01-23,P0031,东北,线下经销商,1,2762.27,0.0,否
ORD2024082507306,2024-08-25,P0299,华北,线上官网,2,108.39,0.29,否
ORD2024100908645,2024-10-09,P0358,东北,线下直营店,4,777.16,0.1,否
ORD2024081507012,2024-08-15,P0353,华北,线下直营店,4,28.03,0.0,否
ORD2024111810040,2024-11-18,P0419,华南,线上第三方,1,666.39,0.0,否
ORD2024092308167,2024-09-23,P0296,华东,线上第三方,2,125.99,0.0,否
ORD2024050603842,2024-05-06,P0332,华东,线上官网,3,104.14,0.14,否
ORD2024022901816,2024-02-29,P0424,华南,线下直营店,4,137.4,0.0,否
ORD2024111109776,2024-11-11,P0047,华北,企业团购,24,1463.36,0.0,否
ORD2024122511140,2024-12-25,P0459,华东,线下直营店,1,1161.56,0.0,否
ORD2024120110431,2024-12-01,P0059,华东,企业团购,1,3513.47,0.0,是
ORD2024060204654,2024-06-02,P0267,华南,线上第三方,1,123.47,0.0,否
ORD2024043003658,2024-04-30,P0249,华东,企业团购,2,20.76,0.0,否
ORD2024030902101,2024-03-09,P0425,西南,线下经销商,1,313.78,0.0,否
ORD2024122311091,2024-12-23,P0417,西南,企业团购,3,1273.59,0.0,否
ORD2024061505164,2024-06-15,P0133,华南,线上官网,5,2862.89,0.0,否
ORD2024080606709,2024-08-06,P0463,华北,线下经销商,1,468.27,0.0,否
ORD2024022501674,2024-02-25,P0092,西北,线上第三方,2,4524.31,0.0,否
ORD2024030902102,2024-03-09,P0162,华南,线下经销商,1,1824.62,0.0,否
ORD2024051804214,2024-05-18,P0259,华南,线下直营店,2,183.6,0.0,否
ORD2024101708894,2024-10-17,P0435,华南,线下直营店,3,400.71,0.0,否
ORD2024092608258,2024-09-26,P0424,华中,线下直营店,1,140.18,0.11,否
ORD2024022001549,2024-02-20,P0074,华北,线上官网,2,1982.71,0.0,否
ORD2024101008688,2024-10-10,P0383,华中,线上第三方,2,32.31,0.0,否
ORD2024092408208,2024-09-24,P0459,西南,企业团购,2,1183.14,0.18,否
ORD2024041903324,2024-04-19,P0248,华南,企业团购,3,18.31,0.0,否
ORD2024101208743,2024-10-12,P0452,华南,企业团购,1,93.1,0.0,否
ORD2024011300356,2024-01-13,P0106,华中,线上第三方,3,3389.21,0.0,否
ORD2024061505185,2024-06-15,P0169,华中,线上第三方,10,1440.23,0.0,否
ORD2024021801462,2024-02-18,P0453,华南,线上第三方,1,65.0,0.0,否
ORD2024102809213,2024-10-28,P0400,华南,线下经销商,1,1297.8,0.0,否
ORD2024080306632,2024-08-03,P0049,西北,企业团购,1,4793.12,0.0,否
ORD2024120810639,2024-12-08,P0451,西南,线下经销商,2,372.26,0.26,否
ORD2024041603221,2024-04-16,P0390,华北,线上官网,2,1090.97,0.06,否
ORD2024013100940,2024-01-31,P0261,华北,线下经销商,2,95.46,0.0,否
ORD2024112910381,2024-11-29,P0459,西北,线下经销商,1,1131.03,0.0,否
ORD2024061505148,2024-06-15,P0196,东北,线上第三方,5,455.56,0.23,否
ORD2024082007171,2024-08-20,P0184,华东,线下经销商,1,696.36,0.0,否
ORD2024072706418,2024-07-27,P0144,华北,线上官网,1,1220.07,0.0,否
ORD2024070905924,2024-07-09,P0047,东北,线下经销商,1,1459.32,0.07,否
ORD2024082907431,2024-08-29,P0323,东北,线下经销商,3,201.9,0.0,否
ORD2024102509098,2024-10-25,P0051,华北,线上第三方,4,3004.33,0.0,否
ORD2024022701752,2024-02-27,P0470,华中,企业团购,5,181.37,0.24,否
ORD2024051003977,2024-05-10,P0271,东北,线下经销商,2,32.79,0.0,否
ORD2024101908941,2024-10-19,P0122,华中,线下经销商,1,4162.81,0.0,否
ORD2024022801773,2024-02-28,P0153,华东,企业团购,4,1628.77,0.0,否
ORD2024020901197,2024-02-09,P0406,华东,线上第三方,2,1373.15,0.0,否
ORD2024030201879,2024-03-02,P0420,华北,企业团购,1,1188.05,0.0,否
ORD2024032802669,2024-03-28,P0106,西北,企业团购,1,3162.03,0.27,否
ORD2024041403172,2024-04-14,P0369,华东,线下经销商,1,475.3,0.07,否
ORD2024030602017,2024-03-06,P0399,华北,线上第三方,5,761.7,0.0,否
ORD2024030602006,2024-03-06,P0496,华南,企业团购,2,1298.11,0.0,否
ORD2024110309365,2024-11-03,P0444,西北,线下直营店,1,1072.59,0.0,否
ORD2024050803894,2024-05-08,P0402,西北,线下经销商,2,634.52,0.0,否
ORD2024123111317,2024-12-31,P0071,东北,企业团购,4,4507.74,0.0,否
ORD2024041603238,2024-04-16,P0453,华南,线上第三方,2,64.05,0.0,否
ORD2024052504425,2024-05-25,P0401,华中,线下经销商,2,666.74,0.0,否
ORD2024060504745,2024-06-05,P0269,华东,线下经销商,2,69.92,0.0,否
ORD2024090707696,2024-09-07,P0451,东北,线下经销商,1,351.78,0.0,否
ORD2024120610568,2024-12-06,P0272,华南,企业团购,3,27.67,0.0,否
ORD2024030802079,2024-03-08,P0283,东北,企业团购,1,186.16,0.0,否
ORD2024061605220,2024-06-16,P0072,华中,线上官网,1,4156.78,0.0,否
ORD2024011400397,2024-01-14,P0210,华北,线上官网,1,1151.6,0.08,否
ORD2024040102789,2024-04-01,P0174,西南,线上第三方,6,1794.65,0.0,否
ORD2024031402258,2024-03-14,P0181,华东,线上官网,1,1992.54,0.14,否
ORD2024102509101,2024-10-25,P0043,华中,企业团购,1,4813.79,0.0,否
ORD2024051304073,2024-05-13,P0075,华北,线下经销商,2,5299.1,0.0,否
ORD2024062805575,2024-06-28,P0156,华北,线上第三方,2,1028.48,0.27,是
ORD2024122511146,2024-12-25,P0446,华中,线下经销商,4,396.8,0.0,否
ORD2024121310774,2024-12-13,P0037,东北,线上官网,4,2841.43,0.0,否
ORD2024062105356,2024-06-21,P0212,东北,线上官网,4,679.55,0.0,否
ORD2024101108728,2024-10-11,P0014,华中,线上官网,4,4867.53,0.0,否
ORD2024071506094,2024-07-15,P0022,东北,企业团购,3,4487.39,0.0,否
ORD2024091507936,2024-09-15,P0497,华北,线上官网,1,448.58,0.16,否
ORD2024102809196,2024-10-28,P0461,西南,线下直营店,3,146.24,0.0,否
ORD2024022001520,2024-02-20,P0186,华南,线下经销商,3,468.2,0.0,否
ORD2024103109283,2024-10-31,P0302,西南,线上官网,1,76.08,0.0,否
ORD2024021501379,2024-02-15,P0135,华北,线下直营店,4,2189.67,0.0,否
ORD2024070105673,2024-07-01,P0415,华中,企业团购,2,1260.97,0.0,否
ORD2024032602588,2024-03-26,P0456,华东,企业团购,2,614.03,0.0,否
ORD2024122211062,2024-12-22,P0253,华南,线上官网,1,151.68,0.0,否
ORD2024062905622,2024-06-29,P0434,东北,线上官网,1,600.29,0.0,否
ORD2024102008964,2024-10-20,P0297,华北,线下直营店,1,126.19,0.0,否
ORD2024110209347,2024-11-02,P0114,东北,企业团购,1,2848.94,0.0,否
ORD2024070705843,2024-07-07,P0205,华南,线上官网,3,347.07,0.0,否
ORD2024081907123,2024-08-19,P0130,华南,线下经销商,2,811.17,0.09,否
ORD2024070605833,2024-07-06,P0255,西北,线上第三方,1,186.93,0.0,否
ORD2024061004889,2024-06-10,P0164,华北,线下经销商,3,376.84,0.0,否
ORD2024070905905,2024-07-09,P0280,华北,线上官网,4,76.15,0.0,否
ORD2024011800523,2024-01-18,P0295,东北,企业团购,2,125.76,0.17,否
ORD2024091908044,2024-09-19,P0183,华东,线上第三方,1,597.15,0.0,否
ORD2024042803608,2024-04-28,P0121,西南,线下直营店,1,2819.71,0.0,否
ORD2024010900235,2024-01-09,P0418,东北,线上第三方,2,117.34,0.09,否
ORD2024050503797,2024-05-05,P0084,华中,企业团购,2,1091.73,0.0,否
ORD2024072306319,2024-07-23,P0462,华中,线下经销商,4,437.8,0.05,否
ORD2024081807095,2024-08-18,P0496,东北,企业团购,2,1235.4,0.0,否
ORD2024030401949,2024-03-04,P0040,华北,线上官网,3,1620.13,0.0,否
ORD2024072406362,2024-07-24,P0303,东北,线上官网,2,140.87,0.0,否
ORD2024071506092,2024-07-15,P0267,华南,线下经销商,5,129.69,0.15,是
ORD2024031302225,2024-03-13,P0122,华中,线上官网,5,4159.78,0.0,否
ORD2024062805572,2024-06-28,P0086,华南,线下经销商,5,2648.5,0.0,否
ORD2024052804524,2024-05-28,P0293,东北,线上官网,2,48.22,0.0,否
ORD2024070505794,2024-07-05,P0006,华中,线下经销商,5,785.81,0.0,否
ORD2024111509958,2024-11-15,P0062,东北,线下直营店,2,694.19,0.0,否
ORD2024070305739,2024-07-03,P0249,华北,企业团购,2,19.96,0.0,否
ORD2024032702625,2024-03-27,P0286,西北,线下经销商,5,142.87,0.1,否
ORD2024060404729,2024-06-04,P0433,华北,线下直营店,4,1118.81,0.0,否
ORD2024091107819,2024-09-11,P0366,东北,线下经销商,2,946.0,0.0,否
ORD2024122811228,2024-12-28,P0436,华东,线上第三方,1,1227.62,0.0,否
ORD2024112810332,2024-11-28,P0205,西北,线上官网,1,361.81,0.0,否
ORD2024100208451,2024-10-02,P0292,西南,线下经销商,1,149.09,0.13,否
ORD2024032002438,2024-03-20,P0132,华东,线上官网,2,1508.82,0.0,否
ORD2024071406057,2024-07-14,P0348,东北,线上第三方,1,45.97,0.0,否
ORD2024072406353,2024-07-24,P0046,华东,企业团购,4,4875.02,0.0,否
ORD2024041403168,2024-04-14,P0133,华东,线上第三方,1,2960.47,0.13,否
ORD2024022901810,2024-02-29,P0279,华北,线上第三方,4,154.78,0.0,否
ORD2024102809191,2024-10-28,P0399,西南,企业团购,3,784.49,0.0,否
ORD2024082007162,2024-08-20,P0408,华东,线上第三方,2,201.89,0.0,否
ORD2024061505087,2024-06-15,P0297,西北,线上官网,15,124.3,0.0,是
ORD2024102609146,2024-10-26,P0225,华东,线上官网,1,1318.47,0.0,是
ORD2024081507017,2024-08-15,P0118,华南,线上官网,4,3124.92,0.0,否
ORD2024101608856,2024-10-16,P0463,华南,线下经销商,3,482.92,0.0,否
ORD2024061104946,2024-06-11,P0358,西南,线下经销商,3,793.6,0.0,否
ORD2024071406047,2024-07-14,P0427,华北,线上官网,1,686.29,0.0,否
ORD2024120310491,2024-12-03,P0030,华中,线上官网,1,3696.02,0.22,否
ORD2024081206920,2024-08-12,P0489,东北,线下经销商,2,1888.21,0.0,否
ORD2024062805591,2024-06-28,P0303,华中,企业团购,2,144.2,0.0,否
ORD2024082207227,2024-08-22,P0415,华东,企业团购,2,1290.94,0.0,否
ORD2024021001229,2024-02-10,P0084,华东,企业团购,3,1156.89,0.0,否
ORD2024101208751,2024-10-12,P0042,西南,线上第三方,1,4163.54,0.0,否
ORD2024081006847,2024-08-10,P0390,华北,企业团购,2,1150.78,0.14,否
ORD2024092608245,2024-09-26,P0417,东北,线下直营店,4,1267.04,0.0,否
ORD2024073106556,2024-07-31,P0298,华北,企业团购,3,116.28,0.0,否
ORD2024010600160,2024-01-06,P0203,华东,线下直营店,3,1868.95,0.07,否
ORD2024022201590,2024-02-22,P0054,华中,线下直营店,2,4736.91,0.0,否
ORD2024122511143,2024-12-25,P0404,西南,企业团购,2,118.79,0.0,否
ORD2024122911265,2024-12-29,P0180,华中,线下经销商,2,1279.24,0.09,否
ORD2024121910958,2024-12-19,P0060,华南,线上第三方,1,1076.23,0.0,否
ORD2024120610578,2024-12-06,P0205,华中,线下直营店,1,362.12,0.19,否
ORD2024080506688,2024-08-05,P0482,华北,线上官网,3,1068.16,0.0,否
ORD2024120710590,2024-12-07,P0135,华北,线下直营店,2,2278.02,0.0,是
ORD2024100608557,2024-10-06,P0223,西南,企业团购,2,467.77,0.0,否
ORD2024083107481,2024-08-31,P0030,华东,线下直营店,2,3914.38,0.21,否
ORD2024120310494,2024-12-03,P0300,华南,线上第三方,1,78.88,0.0,否
ORD2024022101557,2024-02-21,P0201,华东,线下经销商,5,1655.64,0.14,否
ORD2024040302829,2024-04-03,P0132,华南,线上第三方,2,1529.63,0.0,否
ORD2024011500437,2024-01-15,P0216,华北,企业团购,3,1587.08,0.08,否
ORD2024070505790,2024-07-05,P0138,华北,线上官网,5,245.46,0.0,否
ORD2024103009266,2024-10-30,P0229,西北,线下直营店,2,229.97,0.0,否
ORD2024022201589,2024-02-22,P0052,西南,线上第三方,3,1379.52,0.0,否
ORD2024082807399,2024-08-28,P0486,华北,线下直营店,1,658.59,0.0,否
ORD2024040102781,2024-04-01,P0194,华北,线上第三方,2,2006.95,0.0,否
ORD2024112310180,2024-11-23,P0112,东北,线下经销商,1,4402.89,0.0,否
ORD2024070105687,2024-07-01,P0174,华中,企业团购,2,1884.87,0.29,否
ORD2024051003966,2024-05-10,P0417,西北,企业团购,3,1295.82,0.0,否
ORD2024060404728,2024-06-04,P0355,华北,线上第三方,5,13.51,0.0,否
ORD2024021001239,2024-02-10,P0254,华中,企业团购,3,29.38,0.0,否
ORD2024040602952,2024-04-06,P0324,西南,线上官网,2,111.93,0.19,否
ORD2024092708288,2024-09-27,P0486,华南,线下经销商,4,661.26,0.0,否
ORD2024101308779,2024-10-13,P0246,华中,线下直营店,1,59.14,0.0,否
ORD2024021901498,2024-02-19,P0483,华南,企业团购,2,1712.61,0.0,否
ORD2024072806466,2024-07-28,P0401,华中,线下直营店,1,720.25,0.0,否
ORD2024082707356,2024-08-27,P0437,西南,线下直营店,1,1207.24,0.0,否
ORD2024091107824,2024-09-11,P0059,西北,线上第三方,3,3651.74,0.0,否
ORD2024090207548,2024-09-02,P0092,华南,企业团购,2,4245.55,0.0,否
ORD2024091407914,2024-09-14,P0318,华中,线上第三方,2,111.23,0.0,否
ORD2024111109705,2024-11-11,P0033,西北,线上官网,32,2067.27,0.0,否
ORD2024061505186,2024-06-15,P0213,华北,线上第三方,5,741.47,0.0,否
ORD2024063005648,2024-06-30,P0118,华中,线上官网,2,3166.87,0.0,否
ORD2024061705243,2024-06-17,P0396,东北,线下经销商,1,1134.63,0.0,否
ORD2024031002131,2024-03-10,P0292,西北,线上第三方,2,161.38,0.0,否
ORD2024030902093,2024-03-09,P0451,华中,线下经销商,1,352.86,0.0,否
ORD2024062205410,2024-06-22,P0049,西南,线上第三方,1,4695.83,0.0,否
ORD2024010700188,2024-01-07,P0114,西南,线上第三方,3,2877.53,0.0,否
ORD2024091507939,2024-09-15,P0208,华东,线上第三方,1,1911.83,0.0,否
ORD2024043003656,2024-04-30,P0484,华东,线下经销商,2,245.57,0.0,否
ORD2024042203427,2024-04-22,P0033,华南,线下直营店,1,2144.22,0.05,否
ORD2024111109702,2024-11-11,P0369,华南,线下直营店,16,466.99,0.0,否
ORD2024021501382,2024-02-15,P0311,东北,线下直营店,4,66.22,0.0,是
ORD2024101608870,2024-10-16,P0436,华东,线下直营店,2,1285.09,0.0,否
ORD2024082907428,2024-08-29,P0250,西北,线上第三方,1,83.11,0.0,否
ORD2024061505038,2024-06-15,P0266,华东,线下直营店,15,38.29,0.0,否
ORD2024061004898,2024-06-10,P0001,华南,线下直营店,1,588.35,0.0,否
ORD2024041403176,2024-04-14,P0115,华北,线上官网,1,3533.95,0.0,否
ORD2024102309054,2024-10-23,P0099,东北,线上官网,4,2140.27,0.0,否
ORD2024102109000,2024-10-21,P0114,西南,线下直营店,4,2943.51,0.0,否
ORD2024031302236,2024-03-13,P0088,华南,线下经销商,4,2921.83,0.0,否
ORD2024092008069,2024-09-20,P0299,西南,企业团购,2,112.81,0.0,否
ORD2024051904237,2024-05-19,P0425,西南,线上第三方,3,320.79,0.0,否
ORD2024100108426,2024-10-01,P0042,西南,线上官网,3,3978.9,0.0,否
ORD2024101008697,2024-10-10,P0401,东北,企业团购,3,680.11,0.0,否
ORD2024010100025,2024-01-01,P0218,华东,线下直营店,2,405.4,0.0,否
ORD2024042003364,2024-04-20,P0099,华中,企业团购,2,2166.79,0.12,否
ORD2024020601089,2024-02-06,P0078,华东,线下直营店,5,2335.58,0.0,否
ORD2024112910376,2024-11-29,P0385,华东,线上官网,1,673.25,0.0,否
ORD2024040302842,2024-04-03,P0291,华东,线上第三方,1,34.95,0.0,否
ORD2024090207538,2024-09-02,P0110,东北,线下经销商,2,3892.72,0.0,否
ORD2024083107471,2024-08-31,P0229,华北,线上官网,1,217.94,0.07,否
ORD2024120610561,2024-12-06,P0415,华南,线下经销商,4,1314.31,0.28,否
ORD2024051604153,2024-05-16,P0189,西南,线下经销商,3,873.3,0.0,否
ORD2024012400696,2024-01-24,P0016,西南,线下直营店,4,370.96,0.0,否
ORD2024113010401,2024-11-30,P0478,华北,线上第三方,1,1105.75,0.14,否
ORD2024072406338,2024-07-24,P0074,华中,线上官网,4,1981.28,0.0,否
ORD2024021001228,2024-02-10,P0120,华南,企业团购,2,960.32,0.0,否
ORD2024030602000,2024-03-06,P0422,华东,线下经销商,5,1091.81,0.15,否
ORD2024011000277,2024-01-10,P0352,西北,线上第三方,3,99.57,0.0,否
ORD2024071005930,2024-07-10,P0496,西南,线上第三方,1,1255.16,0.0,否
ORD2024040702954,2024-04-07,P0235,西南,线下经销商,3,2558.69,0.1,否
ORD2024042903638,2024-04-29,P0402,西北,线上第三方,2,650.77,0.0,否
ORD2024050803907,2024-05-08,P0299,华南,线下经销商,2,113.9,0.0,否
ORD2024060604779,2024-06-06,P0313,华中,线下经销商,2,93.85,0.0,否
ORD2024070705846,2024-07-07,P0028,华北,线上第三方,3,637.35,0.0,否
ORD2024122010989,2024-12-20,P0307,华中,线上官网,3,65.39,0.22,否
ORD2024051504118,2024-05-15,P0457,西南,企业团购,1,700.2,0.0,否
ORD2024020701138,2024-02-07,P0112,西北,企业团购,2,4820.4,0.0,否
ORD2024040102768,2024-04-01,P0276,西北,线上第三方,1,199.81,0.0,否
ORD2024092308183,2024-09-23,P0347,西南,线上官网,3,166.23,0.0,否
ORD2024102109010,2024-10-21,P0338,西南,线上官网,2,44.63,0.0,否
ORD2024090607662,2024-09-06,P0045,西南,企业团购,1,2001.43,0.25,否
ORD2024100208445,2024-10-02,P0362,东北,企业团购,4,1152.39,0.0,否
ORD2024032202491,2024-03-22,P0433,西南,线下经销商,3,1173.07,0.0,否
ORD2024121910968,2024-12-19,P0328,西北,企业团购,2,17.45,0.0,否
ORD2024090907743,2024-09-09,P0418,华东,线上第三方,1,112.61,0.0,否
ORD2024050903936,2024-05-09,P0298,华中,线下直营店,3,114.88,0.29,否
ORD2024031902385,2024-03-19,P0263,华南,线上第三方,2,118.86,0.0,否
ORD2024091808017,2024-09-18,P0184,华中,线下经销商,2,695.79,0.28,否
ORD2024081807085,2024-08-18,P0372,西北,线下经销商,2,1331.39,0.0,否
ORD2024010400116,2024-01-04,P0109,华北,线上第三方,4,3787.61,0.0,是
ORD2024030201864,2024-03-02,P0355,西北,企业团购,3,13.18,0.0,否
ORD2024041203120,2024-04-12,P0139,西北,线上官网,2,279.81,0.0,否
ORD2024052004259,2024-05-20,P0270,华北,企业团购,3,133.94,0.0,否
ORD2024120210461,2024-12-02,P0051,西南,线上第三方,4,3054.73,0.2,否
ORD2024040202820,2024-04-02,P0311,华北,线下经销商,3,65.21,0.0,否
ORD2024100908665,2024-10-09,P0374,华南,企业团购,1,767.31,0.0,否
ORD2024100508532,2024-10-05,P0185,东北,线下经销商,1,812.83,0.0,否
ORD2024112710298,2024-11-27,P0085,华东,企业团购,3,2205.13,0.0,否
ORD2024060304700,2024-06-03,P0472,华中,企业团购,2,725.44,0.11,否
ORD2024050503803,2024-05-05,P0059,华南,企业团购,1,3648.55,0.0,否
ORD2024071506069,2024-07-15,P0332,华中,线下经销商,3,102.77,0.13,否
ORD2024042603537,2024-04-26,P0236,华南,线下经销商,3,1768.12,0.0,否
ORD2024050603826,2024-05-06,P0243,西南,线上官网,3,632.71,0.0,否
ORD2024080306643,2024-08-03,P0479,华中,企业团购,1,1753.55,0.0,是
ORD2024120110429,2024-12-01,P0115,西南,线上官网,1,3497.02,0.05,否
ORD2024030401947,2024-03-04,P0343,西南,线下直营店,4,79.02,0.0,否
ORD2024111309891,2024-11-13,P0200,华北,线上官网,2,2791.24,0.0,否
ORD2024100908674,2024-10-09,P0074,华北,线上第三方,2,2045.27,0.1,否
ORD2024111309911,2024-11-13,P0220,东北,企业团购,4,1928.13,0.0,否
ORD2024082407270,2024-08-24,P0389,华东,线下直营店,1,721.07,0.0,否
ORD2024101608865,2024-10-16,P0006,华东,线上官网,1,839.95,0.28,是
ORD2024091507930,2024-09-15,P0211,华南,线下直营店,1,631.93,0.0,否
ORD2024082007167,2024-08-20,P0269,西北,线上官网,2,71.05,0.15,否
ORD2024081406964,2024-08-14,P0008,东北,线上第三方,4,2619.36,0.25,否
ORD2024070705868,2024-07-07,P0070,东北,线上官网,1,4330.2,0.0,否
ORD2024060504762,2024-06-05,P0337,西南,企业团购,2,10.4,0.13,否
ORD2024013000883,2024-01-30,P0022,华南,线上官网,1,4599.67,0.0,否
ORD2024011900558,2024-01-19,P0205,华东,线上第三方,5,352.06,0.0,是
ORD2024102809210,2024-10-28,P0219,东北,线下直营店,1,2286.12,0.0,否
ORD2024020901208,2024-02-09,P0465,西北,线下直营店,1,779.09,0.0,否
ORD2024090707685,2024-09-07,P0120,华中,线下直营店,1,944.87,0.0,否
ORD2024101308778,2024-10-13,P0118,西南,线下经销商,1,3275.48,0.0,否
ORD2024073106539,2024-07-31,P0014,华北,线上第三方,1,4831.77,0.0,否
ORD2024041503212,2024-04-15,P0452,华南,企业团购,6,93.37,0.0,否
ORD2024042903631,2024-04-29,P0170,西南,线下经销商,3,1237.02,0.0,否
ORD2024022601709,2024-02-26,P0481,华北,线上第三方,3,1676.47,0.0,否
ORD2024020701141,2024-02-07,P0351,华北,线下直营店,3,83.27,0.25,否
ORD2024041403163,2024-04-14,P0107,华南,线上第三方,3,1301.36,0.0,否
ORD2024071906208,2024-07-19,P0202,华东,线上第三方,3,1151.23,0.0,否
ORD2024050203731,2024-05-02,P0165,东北,线上第三方,2,864.51,0.0,否
ORD2024032802661,2024-03-28,P0442,西南,线下经销商,3,1003.28,0.0,否
ORD2024021301308,2024-02-13,P0156,东北,线下经销商,5,1027.64,0.0,否
ORD2024032502568,2024-03-25,P0219,西南,线上官网,4,2195.67,0.0,否
ORD2024040302835,2024-04-03,P0164,西南,企业团购,3,366.48,0.0,否
ORD2024121610845,2024-12-16,P0205,华南,线下直营店,1,367.5,0.0,否
ORD2024031102152,2024-03-11,P0185,西北,线上第三方,5,806.13,0.0,否
ORD2024101608863,2024-10-16,P0046,东北,线上第三方,1,4896.43,0.0,否
ORD2024050603836,2024-05-06,P0414,华北,线上第三方,1,374.21,0.0,否
ORD2024122010986,2024-12-20,P0335,西南,线上第三方,2,35.02,0.0,否
ORD2024101108709,2024-10-11,P0232,华北,线下直营店,4,2156.48,0.0,否
ORD2024111409925,2024-11-14,P0266,西南,线下经销商,1,40.28,0.0,否
ORD2024061305005,2024-06-13,P0170,华东,线下经销商,1,1150.15,0.0,否
ORD2024080306627,2024-08-03,P0187,华北,线下经销商,2,2943.37,0.0,否
ORD2024022301628,2024-02-23,P0003,华中,线下经销商,4,538.17,0.0,否
ORD2024102409084,2024-10-24,P0110,华北,线下经销商,3,3821.73,0.0,否
ORD2024122411109,2024-12-24,P0195,华南,线下直营店,2,415.32,0.0,是
ORD2024011300359,2024-01-13,P0045,西南,线上官网,1,2074.14,0.0,否
ORD2024010500139,2024-01-05,P0406,华中,线下直营店,3,1416.57,0.0,否
ORD2024011400383,2024-01-14,P0365,华北,线下经销商,2,1095.73,0.11,否
ORD2024100608569,2024-10-06,P0120,华南,线下经销商,1,905.56,0.0,否
ORD2024060804858,2024-06-08,P0111,东北,线下经销商,1,142.19,0.0,否
ORD2024120510531,2024-12-05,P0258,华南,线上官网,3,139.92,0.23,否
ORD2024021701440,2024-02-17,P0118,华东,线上第三方,2,3184.82,0.29,否
ORD2024020100947,2024-02-01,P0268,西南,企业团购,2,76.64,0.0,否
ORD2024062505499,2024-06-25,P0261,西南,线上官网,4,93.02,0.0,否
ORD2024061004917,2024-06-10,P0313,华东,线上官网,4,89.29,0.27,否
ORD2024030401933,2024-03-04,P0435,东北,企业团购,4,393.0,0.0,否
ORD2024031802353,2024-03-18,P0274,华北,企业团购,5,23.7,0.13,否
ORD2024041603237,2024-04-16,P0495,西南,线上第三方,3,1351.26,0.0,否
ORD2024110309384,2024-11-03,P0444,西北,企业团购,1,1060.37,0.0,否
ORD2024050503808,2024-05-05,P0438,华中,线上官网,1,1345.03,0.0,否
ORD2024030401937,2024-03-04,P0468,华南,企业团购,2,340.56,0.0,否
ORD2024112010093,2024-11-20,P0444,华东,线上第三方,1,1095.59,0.0,否
ORD2024051604155,2024-05-16,P0183,华中,线上第三方,3,582.8,0.0,否
ORD2024032002417,2024-03-20,P0261,华东,线下直营店,1,90.62,0.15,否
ORD2024101008699,2024-10-10,P0458,华中,线下经销商,4,135.53,0.0,否
ORD2024071706140,2024-07-17,P0127,华东,线上第三方,2,3441.12,0.0,否
ORD2024012700786,2024-01-27,P0163,华东,企业团购,2,1246.29,0.3,否
ORD2024080806790,2024-08-08,P0048,西北,线下直营店,4,1630.82,0.25,否
ORD2024091908037,2024-09-19,P0202,华南,线下直营店,2,1160.88,0.28,否
ORD2024092808316,2024-09-28,P0227,华东,线上第三方,1,1027.84,0.0,否
ORD2024121110723,2024-12-11,P0100,华中,线上官网,4,2129.79,0.0,否
ORD2024070105669,2024-07-01,P0374,东北,线下经销商,1,723.77,0.0,否
ORD2024031102173,2024-03-11,P0123,西南,线下经销商,5,2359.76,0.0,否
ORD2024031102170,2024-03-11,P0376,东北,企业团购,5,1328.78,0.0,否
ORD2024080306629,2024-08-03,P0311,华中,线上第三方,1,71.3,0.0,否
ORD2024051104010,2024-05-11,P0016,华东,线下直营店,1,395.62,0.0,否
ORD2024052204341,2024-05-22,P0394,华东,线上第三方,1,1467.09,0.08,否
ORD2024013000911,2024-01-30,P0374,华东,线下直营店,4,764.81,0.0,否
ORD2024072106269,2024-07-21,P0083,华中,线下经销商,1,907.91,0.0,否
ORD2024031602310,2024-03-16,P0331,东北,线上第三方,3,38.71,0.0,否
ORD2024080206592,2024-08-02,P0121,华东,线下直营店,4,2681.76,0.26,否
ORD2024052604459,2024-05-26,P0479,华东,线下直营店,2,1757.64,0.0,否
ORD2024090407598,2024-09-04,P0173,华南,企业团购,4,2063.1,0.09,否
ORD2024101208730,2024-10-12,P0102,华东,线下经销商,1,4435.29,0.0,否
ORD2024121110716,2024-12-11,P0143,华南,线下直营店,4,756.7,0.0,否
ORD2024060204653,2024-06-02,P0218,华北,线上官网,1,386.94,0.0,否
ORD2024072006219,2024-07-20,P0108,华北,企业团购,1,1422.41,0.0,否
ORD2024011500443,2024-01-15,P0121,西北,线上官网,1,2746.49,0.0,否
ORD2024042203416,2024-04-22,P0414,华中,线上第三方,6,381.77,0.0,否
ORD2024111309909,2024-11-13,P0406,华北,企业团购,2,1378.71,0.0,否
ORD2024111109741,2024-11-11,P0109,东北,企业团购,8,4042.54,0.0,是
ORD2024111609976,2024-11-16,P0443,华北,线下经销商,1,847.63,0.0,否
ORD2024070305745,2024-07-03,P0176,华南,企业团购,3,234.45,0.0,否
ORD2024020401055,2024-02-04,P0071,华中,线下经销商,1,4641.73,0.0,否
ORD2024050103700,2024-05-01,P0393,华东,线下经销商,4,1061.07,0.0,否
ORD2024013100930,2024-01-31,P0336,西北,线下直营店,1,191.0,0.0,否
ORD2024072806469,2024-07-28,P0290,华东,线上第三方,1,10.78,0.12,否
ORD2024030101830,2024-03-01,P0391,西南,线下直营店,5,959.63,0.0,否
ORD2024101308785,2024-10-13,P0062,东北,线上官网,1,685.51,0.0,否
ORD2024102909241,2024-10-29,P0127,东北,线上官网,3,3410.79,0.0,否
ORD2024030602012,2024-03-06,P0147,华南,线上官网,5,714.64,0.0,否
ORD2024013100914,2024-01-31,P0481,西北,线下经销商,1,1708.4,0.0,否
ORD2024090407612,2024-09-04,P0460,华东,企业团购,4,566.43,0.0,否
ORD2024110209341,2024-11-02,P0452,西南,企业团购,1,90.96,0.0,否
ORD2024101208748,2024-10-12,P0337,西北,线上官网,1,10.44,0.0,否
ORD2024032602607,2024-03-26,P0424,西南,线下经销商,1,136.2,0.18,否
ORD2024061104929,2024-06-11,P0191,西北,线上官网,3,1521.83,0.0,否
ORD2024080106565,2024-08-01,P0092,华北,企业团购,2,4624.06,0.0,否
ORD2024102909244,2024-10-29,P0361,华北,线上官网,1,1045.72,0.27,否
ORD2024010100007,2024-01-01,P0354,西南,线下直营店,5,73.45,0.0,否
ORD2024091207836,2024-09-12,P0200,华南,线下直营店,3,3000.25,0.0,否
ORD2024080106584,2024-08-01,P0121,华东,线下经销商,3,2714.5,0.0,否
ORD2024042003362,2024-04-20,P0026,东北,线上第三方,2,3144.51,0.0,否
ORD2024101608858,2024-10-16,P0009,西北,线下经销商,4,3110.33,0.2,否
ORD2024022301636,2024-02-23,P0454,华北,线下直营店,3,1142.46,0.0,否
ORD2024020701142,2024-02-07,P0300,华南,企业团购,1,80.28,0.0,否
ORD2024011300360,2024-01-13,P0070,西南,线上第三方,1,4041.73,0.0,否
ORD2024030802071,2024-03-08,P0091,西北,线下经销商,1,906.23,0.19,否
ORD2024041303135,2024-04-13,P0457,华中,线上第三方,3,759.98,0.0,否
ORD2024061505161,2024-06-15,P0096,华南,线下经销商,5,1351.81,0.0,否
ORD2024081406991,2024-08-14,P0470,西北,线下经销商,4,182.4,0.0,否
ORD2024041603244,2024-04-16,P0480,西南,线上官网,1,305.08,0.07,否
ORD2024031302243,2024-03-13,P0007,华东,企业团购,5,1794.47,0.0,否
ORD2024021801475,2024-02-18,P0416,东北,线下经销商,2,885.2,0.23,否
ORD2024111109732,2024-11-11,P0064,西南,线上第三方,8,225.53,0.0,是
ORD2024041703260,2024-04-17,P0054,华中,线上第三方,4,5007.49,0.0,否
ORD2024051204021,2024-05-12,P0243,西北,线上第三方,1,674.91,0.0,否
ORD2024111710013,2024-11-17,P0315,华南,线下经销商,1,34.69,0.0,否
ORD2024042503501,2024-04-25,P0093,华中,线下经销商,3,5012.0,0.0,否
ORD2024032802659,2024-03-28,P0498,东北,企业团购,2,1652.17,0.0,否
ORD2024110909574,2024-11-09,P0457,东北,线上官网,1,721.8,0.0,否
ORD2024020701131,2024-02-07,P0014,华中,线上官网,5,4902.74,0.0,否
ORD2024022901820,2024-02-29,P0085,华北,线上官网,4,2129.64,0.14,否
ORD2024083007462,2024-08-30,P0121,华南,企业团购,2,2598.74,0.0,否
ORD2024101808911,2024-10-18,P0026,华北,线下经销商,3,3169.46,0.08,否
ORD2024101708879,2024-10-17,P0202,华北,企业团购,2,1130.78,0.0,否
ORD2024103009271,2024-10-30,P0411,华东,线上官网,4,265.0,0.0,否
ORD2024081707065,2024-08-17,P0205,华东,线下经销商,1,349.56,0.0,否
ORD2024052204319,2024-05-22,P0268,西南,线上官网,5,70.99,0.0,否
ORD2024060304670,2024-06-03,P0114,华东,线下直营店,2,2820.43,0.0,否
ORD2024062405477,2024-06-24,P0111,华中,线上第三方,2,140.18,0.0,否
ORD2024122511138,2024-12-25,P0342,西南,企业团购,1,63.32,0.0,否
ORD2024111409937,2024-11-14,P0332,华北,线下直营店,4,97.49,0.0,否
ORD2024030201857,2024-03-02,P0362,西南,企业团购,1,1200.23,0.0,否
ORD2024031502283,2024-03-15,P0145,华东,线上官网,3,2198.71,0.09,否
ORD2024111209858,2024-11-12,P0188,华东,企业团购,2,1175.94,0.0,否
ORD2024051104009,2024-05-11,P0183,华南,线上第三方,1,590.52,0.0,否
ORD2024072606402,2024-07-26,P0454,华东,企业团购,1,1103.32,0.0,否
ORD2024122911241,2024-12-29,P0229,华东,线下直营店,1,220.3,0.0,否
ORD2024120410506,2024-12-04,P0138,华中,线下直营店,2,250.21,0.0,否
ORD2024011400387,2024-01-14,P0439,华东,线下经销商,3,1299.21,0.0,是
ORD2024022301629,2024-02-23,P0394,华南,线下经销商,1,1483.83,0.0,否
ORD2024110909550,2024-11-09,P0106,华北,线下经销商,1,3193.61,0.15,否
ORD2024120610567,2024-12-06,P0383,华南,企业团购,2,31.11,0.0,否
ORD2024090807719,2024-09-08,P0491,华南,线上官网,1,1012.67,0.0,否
ORD2024101108725,2024-10-11,P0249,华东,线下直营店,1,20.96,0.0,否
ORD2024123011290,2024-12-30,P0362,西北,线上第三方,1,1232.79,0.2,否
ORD2024030101843,2024-03-01,P0192,华东,线上官网,4,1095.67,0.0,否
ORD2024032202498,2024-03-22,P0191,华北,线上第三方,1,1508.09,0.0,否
ORD2024010700202,2024-01-07,P0490,华北,企业团购,1,1816.4,0.0,否
ORD2024102509115,2024-10-25,P0085,华北,企业团购,3,2296.69,0.12,否
ORD2024050703869,2024-05-07,P0347,华中,线上官网,5,172.04,0.0,否
ORD2024061505055,2024-06-15,P0462,华中,线上官网,10,438.69,0.16,否
ORD2024070805890,2024-07-08,P0319,东北,线上第三方,2,181.49,0.0,否
ORD2024032902703,2024-03-29,P0196,西北,企业团购,1,456.77,0.0,否
ORD2024091507923,2024-09-15,P0374,华中,线下经销商,2,703.48,0.0,否
ORD2024011200332,2024-01-12,P0497,西南,线上官网,2,467.61,0.0,否
ORD2024050503809,2024-05-05,P0448,西南,线下直营店,2,1180.92,0.0,否
ORD2024013100936,2024-01-31,P0423,西南,线上官网,1,631.15,0.0,否
ORD2024022801775,2024-02-28,P0100,东北,企业团购,4,2082.91,0.16,否
ORD2024101908940,2024-10-19,P0316,西北,线上官网,2,50.25,0.0,否
ORD2024112910366,2024-11-29,P0099,华中,线下直营店,2,2003.82,0.0,否
ORD2024020200990,2024-02-02,P0248,西南,企业团购,3,17.67,0.0,否
ORD2024062305444,2024-06-23,P0092,华南,线下经销商,1,4609.04,0.0,否
ORD2024110509453,2024-11-05,P0275,东北,企业团购,4,42.21,0.0,否
ORD2024081506994,2024-08-15,P0033,华北,线上官网,1,2219.93,0.0,是
ORD2024122811220,2024-12-28,P0233,华南,线下经销商,1,615.48,0.0,否
ORD2024070605807,2024-07-06,P0276,华北,线下直营店,2,196.13,0.0,否
ORD2024111309904,2024-11-13,P0072,华北,线上第三方,4,3876.9,0.0,否
ORD2024111209863,2024-11-12,P0362,华东,线上官网,2,1184.35,0.0,否
ORD2024080106575,2024-08-01,P0110,东北,线下直营店,2,3828.54,0.0,否
ORD2024041003053,2024-04-10,P0256,华中,线下经销商,4,44.96,0.0,否
ORD2024111109791,2024-11-11,P0278,东北,线上第三方,8,155.39,0.06,否
ORD2024093008366,2024-09-30,P0362,华东,线上官网,3,1152.21,0.0,否
ORD2024060104616,2024-06-01,P0458,西南,企业团购,1,138.25,0.0,否
ORD2024041903322,2024-04-19,P0135,华北,线下直营店,3,2200.08,0.0,否
ORD2024111910073,2024-11-19,P0458,西北,企业团购,2,128.29,0.28,否
ORD2024072106247,2024-07-21,P0255,华南,线上第三方,1,180.74,0.0,否
ORD2024071406049,2024-07-14,P0192,华南,线上官网,1,1080.05,0.24,否
ORD2024041803312,2024-04-18,P0144,华中,线下直营店,6,1249.79,0.0,否
ORD2024113010388,2024-11-30,P0112,西南,企业团购,1,4518.85,0.29,否
ORD2024120810631,2024-12-08,P0365,西北,线上第三方,2,1108.87,0.0,否
ORD2024092408211,2024-09-24,P0082,西南,线下直营店,3,683.18,0.0,否
ORD2024042903629,2024-04-29,P0108,东北,企业团购,6,1453.88,0.0,否
ORD2024121110714,2024-12-11,P0453,西南,线上第三方,4,67.42,0.0,否
ORD2024021401357,2024-02-14,P0093,华北,线上官网,4,4929.33,0.0,否
ORD2024061305003,2024-06-13,P0410,华南,线上第三方,3,857.82,0.0,否
ORD2024111509960,2024-11-15,P0389,西南,企业团购,1,673.65,0.0,否
ORD2024070605824,2024-07-06,P0016,华东,线下经销商,3,380.42,0.0,否
ORD2024121310769,2024-12-13,P0241,华东,线下经销商,1,2751.18,0.0,否
ORD2024070105671,2024-07-01,P0496,华中,线上官网,4,1254.99,0.0,否
ORD2024041203113,2024-04-12,P0312,东北,线下直营店,3,95.48,0.0,否
ORD2024010700183,2024-01-07,P0346,华东,企业团购,2,140.06,0.0,否
ORD2024111810044,2024-11-18,P0267,华南,线上第三方,2,131.67,0.0,否
ORD2024012900856,2024-01-29,P0297,西南,线下经销商,3,119.69,0.16,否
ORD2024110909557,2024-11-09,P0458,华中,线上第三方,1,133.4,0.0,否
ORD2024061004913,2024-06-10,P0309,华东,企业团购,1,182.17,0.0,否
ORD2024111109678,2024-11-11,P0390,华北,线上第三方,32,1164.87,0.0,否
ORD2024022801801,2024-02-28,P0077,华东,线上官网,2,2626.81,0.0,否
ORD2024120310486,2024-12-03,P0405,华南,线上第三方,2,1184.26,0.0,否
ORD2024062505483,2024-06-25,P0019,东北,线上第三方,2,2107.52,0.0,否
ORD2024110509451,2024-11-05,P0001,华中,线下经销商,3,573.6,0.0,否
ORD2024030501969,2024-03-05,P0246,西南,线上第三方,3,59.25,0.0,否
ORD2024110509444,2024-11-05,P0176,华南,线上官网,4,239.37,0.0,否
ORD2024103009251,2024-10-30,P0284,华北,企业团购,1,82.56,0.0,是
ORD2024060304698,2024-06-03,P0456,东北,线上官网,4,603.37,0.05,否
ORD2024061304988,2024-06-13,P0357,西南,线上第三方,4,80.33,0.0,否
ORD2024060204651,2024-06-02,P0337,西北,线上官网,1,10.52,0.15,否
ORD2024020801160,2024-02-08,P0307,华南,线上官网,2,66.16,0.2,否
ORD2024101408795,2024-10-14,P0057,西北,线下经销商,1,4065.36,0.06,否
ORD2024021301326,2024-02-13,P0103,华北,线下经销商,3,4195.94,0.0,否
ORD2024121710890,2024-12-17,P0086,华东,企业团购,2,2601.57,0.0,否
ORD2024060604797,2024-06-06,P0390,华北,线下经销商,2,1113.49,0.0,否
ORD2024080806797,2024-08-08,P0398,西北,线上第三方,1,1325.24,0.0,否
ORD2024070605809,2024-07-06,P0261,华中,企业团购,1,94.47,0.17,否
ORD2024122611173,2024-12-26,P0415,西北,企业团购,1,1348.08,0.0,否
ORD2024021701456,2024-02-17,P0099,华南,企业团购,1,2034.72,0.0,否
ORD2024062205411,2024-06-22,P0108,华中,企业团购,2,1465.1,0.0,否
ORD2024092908334,2024-09-29,P0372,华北,线上官网,1,1277.33,0.0,否
ORD2024040202801,2024-04-02,P0496,华东,线下直营店,2,1283.45,0.0,否
ORD2024090507617,2024-09-05,P0094,西北,线下直营店,3,3694.76,0.1,否
ORD2024112110144,2024-11-21,P0307,华北,企业团购,2,66.96,0.0,否
ORD2024091107816,2024-09-11,P0098,华南,线上官网,4,433.94,0.22,否
ORD2024052404379,2024-05-24,P0298,华北,线上官网,1,117.15,0.0,否
ORD2024102209031,2024-10-22,P0490,华中,线下经销商,3,1824.87,0.0,否
ORD2024080606717,2024-08-06,P0237,东北,线下直营店,2,559.03,0.0,否
ORD2024050203737,2024-05-02,P0189,东北,线上官网,2,898.12,0.0,否
ORD2024031402262,2024-03-14,P0237,西北,线上官网,5,544.7,0.29,否
ORD2024082907430,2024-08-29,P0153,华北,线上第三方,4,1692.34,0.21,否
ORD2024051104006,2024-05-11,P0326,华北,线下直营店,1,157.94,0.0,否
ORD2024031902395,2024-03-19,P0055,西北,线上官网,4,644.51,0.0,否
ORD2024020901186,2024-02-09,P0086,西南,线下直营店,3,2449.81,0.0,否
ORD2024030602008,2024-03-06,P0369,西北,线上官网,4,497.87,0.0,否
ORD2024010700194,2024-01-07,P0400,东北,线下经销商,1,1314.94,0.0,是
ORD2024062605526,2024-06-26,P0404,东北,企业团购,3,111.88,0.0,否
ORD2024012600772,2024-01-26,P0491,华中,线上官网,2,969.66,0.0,否
ORD2024021801479,2024-02-18,P0312,东北,线下经销商,3,97.61,0.0,否
ORD2024030101847,2024-03-01,P0192,东北,线下经销商,1,1103.02,0.26,否
ORD2024050303741,2024-05-03,P0211,华中,线上官网,5,619.89,0.0,是
ORD2024091707987,2024-09-17,P0342,华中,线上官网,1,63.47,0.0,否
ORD2024011400406,2024-01-14,P0330,西北,企业团购,2,91.53,0.0,否
ORD2024121410809,2024-12-14,P0237,西南,企业团购,2,531.05,0.0,否
ORD2024111109690,2024-11-11,P0221,华东,线上官网,24,2086.37,0.0,否
ORD2024072306318,2024-07-23,P0084,西南,线下经销商,2,1144.4,0.0,否
ORD2024080106582,2024-08-01,P0390,华中,线上官网,3,1114.62,0.23,是
ORD2024021701448,2024-02-17,P0057,华东,线上第三方,1,4072.52,0.0,否
ORD2024011200343,2024-01-12,P0229,西北,线下直营店,3,222.45,0.0,否
ORD2024083107469,2024-08-31,P0495,华北,线上第三方,2,1328.64,0.0,否
ORD2024012500728,2024-01-25,P0225,华中,线下经销商,4,1254.9,0.0,否
ORD2024053004578,2024-05-30,P0418,西北,线上官网,5,115.26,0.0,否
ORD2024042503517,2024-04-25,P0284,华东,线下直营店,3,84.97,0.0,否
ORD2024111910079,2024-11-19,P0269,西南,企业团购,1,71.05,0.0,否
ORD2024102609155,2024-10-26,P0178,西北,企业团购,1,1044.63,0.0,否
ORD2024082007157,2024-08-20,P0418,华中,线上第三方,2,109.42,0.0,否
ORD2024091207852,2024-09-12,P0227,东北,线下经销商,1,1047.02,0.09,否
ORD2024021401349,2024-02-14,P0245,华北,线下经销商,4,2749.79,0.0,否
ORD2024012300661,2024-01-23,P0418,西北,线下直营店,2,109.01,0.0,否
ORD2024021901493,2024-02-19,P0153,西北,线上第三方,3,1624.31,0.0,否
ORD2024111109664,2024-11-11,P0343,西南,企业团购,32,75.95,0.17,否
ORD2024061505155,2024-06-15,P0057,西北,线上第三方,10,4055.59,0.26,否
ORD2024121610856,2024-12-16,P0375,华南,线下经销商,2,224.47,0.0,否
ORD2024032302525,2024-03-23,P0176,华北,线下直营店,3,253.91,0.15,否
ORD2024101208746,2024-10-12,P0390,西南,线上第三方,2,1100.76,0.0,否
ORD2024111009601,2024-11-10,P0122,西北,线上官网,2,4190.09,0.0,否
ORD2024062105375,2024-06-21,P0068,华南,线下经销商,2,4992.79,0.0,否
ORD2024041503199,2024-04-15,P0358,华东,线上第三方,1,755.19,0.0,否
ORD2024070305718,2024-07-03,P0041,华北,线上第三方,3,771.22,0.0,否
ORD2024100908654,2024-10-09,P0400,华中,线下经销商,1,1318.19,0.25,是
ORD2024112710312,2024-11-27,P0233,华北,线下直营店,2,651.26,0.0,否
ORD2024110109330,2024-11-01,P0406,华东,线下经销商,3,1400.8,0.29,否
ORD2024092608260,2024-09-26,P0019,西北,线上第三方,4,2143.56,0.16,否
ORD2024102509124,2024-10-25,P0229,西南,线上第三方,2,212.56,0.2,否
ORD2024010200041,2024-01-02,P0309,西南,线下直营店,1,187.19,0.0,否
ORD2024111710021,2024-11-17,P0320,西北,线下经销商,1,107.98,0.14,否
ORD2024080906817,2024-08-09,P0342,东北,线下直营店,1,63.58,0.0,否
ORD2024101108727,2024-10-11,P0028,华北,企业团购,2,627.93,0.08,否
ORD2024103009265,2024-10-30,P0169,东北,线下经销商,4,1444.62,0.22,否
ORD2024033002724,2024-03-30,P0447,华东,企业团购,2,356.44,0.0,否
ORD2024113010408,2024-11-30,P0039,华中,线下直营店,1,335.8,0.0,否
ORD2024111109719,2024-11-11,P0267,华南,线下直营店,8,130.35,0.0,否
ORD2024122111031,2024-12-21,P0255,华东,线上官网,1,184.51,0.0,否
ORD2024082007156,2024-08-20,P0460,华北,线上官网,1,558.3,0.0,否
ORD2024101108723,2024-10-11,P0124,华东,线上第三方,1,948.93,0.08,否
ORD2024120210451,2024-12-02,P0456,华东,线下经销商,4,586.83,0.0,否
ORD2024082207231,2024-08-22,P0238,华中,线下直营店,3,597.65,0.16,否
ORD2024061505076,2024-06-15,P0460,西北,线下直营店,5,554.31,0.0,否
ORD2024091307881,2024-09-13,P0443,华南,线上第三方,4,841.8,0.0,否
ORD2024062205395,2024-06-22,P0211,华北,线下直营店,1,598.72,0.0,否
ORD2024111109692,2024-11-11,P0089,西南,企业团购,32,3434.84,0.0,否
ORD2024091007790,2024-09-10,P0050,西北,线下经销商,2,1972.27,0.0,否
ORD2024120710586,2024-12-07,P0158,西北,线上官网,2,2439.87,0.0,否
ORD2024051404089,2024-05-14,P0128,华中,线下经销商,4,2094.72,0.28,否
ORD2024030501968,2024-03-05,P0276,华东,企业团购,5,200.73,0.0,否
ORD2024112310188,2024-11-23,P0454,华南,企业团购,1,1148.28,0.0,否
ORD2024111609980,2024-11-16,P0283,西南,线上官网,1,196.52,0.0,否
ORD2024121610866,2024-12-16,P0383,华中,线上第三方,1,30.81,0.17,否
ORD2024081507000,2024-08-15,P0410,华南,线上官网,4,857.31,0.06,否
ORD2024011500424,2024-01-15,P0395,华东,线下直营店,2,1110.51,0.0,否
ORD2024120410502,2024-12-04,P0008,华东,企业团购,4,2731.9,0.09,否
ORD2024111109721,2024-11-11,P0072,华北,企业团购,8,3947.12,0.0,否
ORD2024071706143,2024-07-17,P0170,东北,线上第三方,5,1191.22,0.13,否
ORD2024070105662,2024-07-01,P0093,华东,企业团购,4,5105.13,0.0,否
ORD2024053104597,2024-05-31,P0103,华中,线下直营店,1,4266.56,0.26,否
ORD2024032802660,2024-03-28,P0145,西北,线下直营店,4,2170.75,0.0,否
ORD2024010500142,2024-01-05,P0354,华北,线下经销商,3,76.4,0.0,否
ORD2024032602598,2024-03-26,P0406,西北,线下经销商,4,1350.63,0.09,否
ORD2024080506702,2024-08-05,P0182,华南,线下直营店,2,1091.72,0.0,是
ORD2024021501378,2024-02-15,P0265,东北,线上第三方,1,94.98,0.0,否
ORD2024043003675,2024-04-30,P0491,西南,线上第三方,6,1010.84,0.0,否
ORD2024122711206,2024-12-27,P0405,西北,线上官网,1,1163.11,0.0,否
ORD2024072506363,2024-07-25,P0398,华北,企业团购,1,1390.62,0.12,否
ORD2024120810614,2024-12-08,P0343,东北,线下直营店,1,77.49,0.0,否
ORD2024060504742,2024-06-05,P0371,东北,线下直营店,4,1106.12,0.0,否
ORD2024020701139,2024-02-07,P0019,华北,线下直营店,4,2231.58,0.0,否
ORD2024082807375,2024-08-28,P0202,西南,线上第三方,2,1158.3,0.13,否
ORD2024022801788,2024-02-28,P0115,华南,线上官网,4,3767.28,0.0,否
ORD2024113010395,2024-11-30,P0004,华南,线上官网,2,3123.87,0.0,否
ORD2024060204647,2024-06-02,P0263,华东,线上第三方,2,119.51,0.0,否
ORD2024090307569,2024-09-03,P0045,东北,线上第三方,4,2123.71,0.0,否
ORD2024011600460,2024-01-16,P0419,华北,线下直营店,4,679.92,0.0,否
ORD2024071606116,2024-07-16,P0373,东北,企业团购,1,1557.39,0.0,否
ORD2024092308180,2024-09-23,P0043,华北,线上官网,3,5136.46,0.0,否
ORD2024020100949,2024-02-01,P0259,华中,线下经销商,2,184.96,0.0,否
ORD2024072506371,2024-07-25,P0121,华南,线上第三方,5,2612.67,0.0,否
ORD2024060104629,2024-06-01,P0222,西北,企业团购,2,332.27,0.0,否
ORD2024082707359,2024-08-27,P0417,西南,线下直营店,3,1378.01,0.0,是
ORD2024070905926,2024-07-09,P0297,华东,企业团购,5,121.42,0.0,否
ORD2024071406041,2024-07-14,P0497,华北,线上官网,1,465.66,0.0,否
ORD2024011500442,2024-01-15,P0073,华东,企业团购,3,1762.76,0.0,否
ORD2024080406660,2024-08-04,P0251,华中,线下经销商,1,89.86,0.0,否
ORD2024050603831,2024-05-06,P0253,西南,企业团购,1,161.73,0.0,否
ORD2024120910649,2024-12-09,P0346,华北,线下经销商,1,137.31,0.0,否
ORD2024071706145,2024-07-17,P0049,西北,线上第三方,4,4501.44,0.0,否
ORD2024112510255,2024-11-25,P0005,东北,线上官网,2,4351.53,0.0,否
ORD2024072406345,2024-07-24,P0071,西北,线下直营店,3,4504.99,0.09,否
ORD2024030401959,2024-03-04,P0261,西南,线上第三方,4,94.47,0.0,否
ORD2024010600156,2024-01-06,P0368,西南,企业团购,1,1026.36,0.0,否
ORD2024053004579,2024-05-30,P0310,华中,企业团购,2,126.3,0.0,否
ORD2024020601090,2024-02-06,P0390,华中,线上第三方,2,1081.88,0.0,否
ORD2024071406050,2024-07-14,P0359,华南,线下直营店,2,995.49,0.0,否
ORD2024091607951,2024-09-16,P0335,华东,线上官网,3,37.34,0.0,否
ORD2024022501675,2024-02-25,P0224,华北,线上官网,2,1023.0,0.0,否
ORD2024080706764,2024-08-07,P0350,东北,线上官网,2,87.95,0.0,否
ORD2024110709499,2024-11-07,P0406,华中,线上官网,1,1326.13,0.0,否
ORD2024072706417,2024-07-27,P0093,西北,线上第三方,1,5196.88,0.23,否
ORD2024031702327,2024-03-17,P0059,西南,线上第三方,2,3605.73,0.3,否
ORD2024081807097,2024-08-18,P0250,华南,企业团购,1,84.41,0.0,否
ORD2024111109734,2024-11-11,P0011,华南,线上官网,16,1998.64,0.0,否
ORD2024101908934,2024-10-19,P0152,华中,线上第三方,1,2587.88,0.0,否
ORD2024072806451,2024-07-28,P0293,华中,线上官网,3,49.79,0.0,否
ORD2024022601716,2024-02-26,P0486,华南,线上官网,3,654.65,0.0,否
ORD2024093008382,2024-09-30,P0104,西北,线上第三方,3,1773.11,0.0,是
ORD2024050603832,2024-05-06,P0216,华北,企业团购,5,1590.91,0.0,否
ORD2024072206300,2024-07-22,P0322,华中,线下经销商,1,89.26,0.0,否
ORD2024042003349,2024-04-20,P0070,华中,线下经销商,1,4275.58,0.0,否
ORD2024121410787,2024-12-14,P0047,西南,线下直营店,1,1531.39,0.15,否
ORD2024012000588,2024-01-20,P0316,东北,线下经销商,2,49.21,0.0,否
ORD2024121410791,2024-12-14,P0078,东北,线上官网,2,2348.04,0.0,否
ORD2024040802991,2024-04-08,P0123,东北,线下经销商,1,2427.5,0.0,否
ORD2024120410517,2024-12-04,P0401,华南,线上官网,3,661.38,0.17,否
ORD2024102008972,2024-10-20,P0046,西南,企业团购,2,4615.5,0.0,否
ORD2024111910059,2024-11-19,P0055,华东,线下直营店,4,708.43,0.0,否
ORD2024011000265,2024-01-10,P0070,华东,线上第三方,5,3995.0,0.0,否
ORD2024102008958,2024-10-20,P0323,华东,线下直营店,1,203.32,0.0,否
ORD2024080806789,2024-08-08,P0340,华南,企业团购,2,84.0,0.0,否
ORD2024111109648,2024-11-11,P0276,东北,线下经销商,8,188.17,0.0,否
ORD2024050703865,2024-05-07,P0477,西北,线上第三方,5,1889.04,0.0,否
ORD2024072206275,2024-07-22,P0412,华东,企业团购,2,993.88,0.0,否
ORD2024122411102,2024-12-24,P0174,华东,线下经销商,1,1929.83,0.0,否
ORD2024050203712,2024-05-02,P0369,东北,线上官网,3,465.76,0.0,否
ORD2024100208439,2024-10-02,P0017,华中,线下直营店,1,1929.47,0.15,否
ORD2024022001530,2024-02-20,P0476,西北,线下直营店,3,1532.4,0.0,否
ORD2024110109312,2024-11-01,P0172,华东,线上官网,1,2133.07,0.0,否
ORD2024013100924,2024-01-31,P0100,西北,企业团购,2,2104.8,0.0,否
ORD2024101808920,2024-10-18,P0112,西南,线下直营店,3,4808.24,0.0,否
ORD2024082607330,2024-08-26,P0152,西北,线下直营店,1,2531.32,0.0,否
ORD2024052304365,2024-05-23,P0121,华南,企业团购,3,2716.07,0.2,否
ORD2024012300670,2024-01-23,P0107,华东,线下经销商,4,1335.34,0.0,否
ORD2024042803605,2024-04-28,P0361,东北,线下直营店,3,1063.97,0.0,否
ORD2024061505109,2024-06-15,P0036,华北,企业团购,5,1199.53,0.0,否
ORD2024061705249,2024-06-17,P0229,西北,线上第三方,1,212.22,0.0,否
ORD2024082107184,2024-08-21,P0409,华东,线下直营店,3,1258.96,0.0,否
ORD2024032602592,2024-03-26,P0053,西南,线上第三方,2,3450.32,0.22,否
ORD2024070905907,2024-07-09,P0117,华东,线下直营店,1,3726.71,0.0,否
ORD2024073006510,2024-07-30,P0007,华中,线下直营店,5,1734.47,0.0,否
ORD2024081907134,2024-08-19,P0209,西南,线上第三方,4,1202.32,0.0,否
ORD2024031602308,2024-03-16,P0078,东北,线上官网,1,2379.35,0.0,否
ORD2024050103691,2024-05-01,P0052,华南,线上官网,3,1363.51,0.0,否
ORD2024012400688,2024-01-24,P0451,华中,线上官网,4,381.26,0.21,否
ORD2024012100613,2024-01-21,P0494,西北,线下直营店,1,362.11,0.0,否
ORD2024082007168,2024-08-20,P0214,东北,企业团购,2,1705.29,0.0,否
ORD2024112010114,2024-11-20,P0294,华南,企业团购,4,26.36,0.0,否
ORD2024041503201,2024-04-15,P0048,东北,企业团购,2,1569.63,0.0,否
ORD2024080306630,2024-08-03,P0356,华北,企业团购,1,33.09,0.0,否
ORD2024051504136,2024-05-15,P0360,华南,线上官网,3,930.69,0.0,否
ORD2024030301899,2024-03-03,P0374,华北,线下经销商,3,764.78,0.0,否
ORD2024011000283,2024-01-10,P0280,华中,线上官网,4,83.11,0.14,否
ORD2024011000259,2024-01-10,P0214,西南,线下经销商,2,1713.46,0.0,否
ORD2024121010681,2024-12-10,P0499,华北,线上官网,2,544.19,0.0,否
ORD2024061104944,2024-06-11,P0217,华北,线上第三方,3,1098.42,0.0,否
ORD2024040302823,2024-04-03,P0328,东北,线下直营店,3,17.55,0.0,否
ORD2024042603526,2024-04-26,P0131,东北,企业团购,2,2265.04,0.0,否
ORD2024121910943,2024-12-19,P0110,华南,线上官网,1,4091.02,0.23,否
ORD2024061705224,2024-06-17,P0109,华南,企业团购,3,4048.93,0.0,否
ORD2024031502286,2024-03-15,P0068,西南,线上官网,1,5202.75,0.0,否
ORD2024071406064,2024-07-14,P0167,西北,企业团购,2,855.78,0.0,否
ORD2024092008079,2024-09-20,P0132,华东,线下经销商,3,1566.38,0.0,否
ORD2024060204655,2024-06-02,P0330,东北,线下经销商,1,87.96,0.0,否
ORD2024061305001,2024-06-13,P0392,东北,线下直营店,4,275.06,0.0,否
ORD2024080606711,2024-08-06,P0237,华中,线上第三方,1,555.7,0.0,否
ORD2024120610572,2024-12-06,P0470,西北,线上第三方,1,179.56,0.0,否
ORD2024101008677,2024-10-10,P0232,华中,线上官网,3,2179.2,0.09,否
ORD2024062305417,2024-06-23,P0239,东北,线下经销商,1,1942.93,0.16,否
ORD2024011600476,2024-01-16,P0030,东北,线上第三方,2,3652.86,0.0,否
ORD2024032402556,2024-03-24,P0259,东北,线下经销商,3,197.65,0.0,否
ORD2024092008088,2024-09-20,P0243,西北,线上第三方,4,641.63,0.0,否
ORD2024010100008,2024-01-01,P0132,西南,线上官网,2,1581.22,0.0,否
ORD2024072606412,2024-07-26,P0350,华北,线上官网,1,89.09,0.0,否
ORD2024113010386,2024-11-30,P0223,东北,线上官网,1,468.15,0.0,否
ORD2024112010105,2024-11-20,P0329,西北,线上第三方,1,143.75,0.0,否
ORD2024062705547,2024-06-27,P0275,华北,线上第三方,2,40.38,0.0,否
ORD2024032002427,2024-03-20,P0212,华东,线下经销商,4,665.41,0.0,否
ORD2024080706745,2024-08-07,P0112,华南,企业团购,1,4515.03,0.0,否
ORD2024121810908,2024-12-18,P0183,西南,线下经销商,4,580.4,0.0,否
ORD2024031502275,2024-03-15,P0457,华东,线下直营店,3,742.08,0.0,否
ORD2024022201578,2024-02-22,P0045,华中,线上第三方,4,2128.27,0.0,否
ORD2024082407265,2024-08-24,P0488,华中,线下直营店,1,787.07,0.0,否
ORD2024051003971,2024-05-10,P0270,西北,线下直营店,3,140.22,0.0,是
ORD2024070805880,2024-07-08,P0275,华南,线下经销商,4,41.73,0.0,否
ORD2024110809545,2024-11-08,P0293,华南,线下直营店,4,50.11,0.0,否
ORD2024120610576,2024-12-06,P0201,华东,线上第三方,3,1591.06,0.06,否
ORD2024082107194,2024-08-21,P0169,华中,线上官网,1,1427.78,0.0,否
ORD2024050703868,2024-05-07,P0229,华东,线下经销商,3,229.34,0.0,否
ORD2024121010671,2024-12-10,P0209,华东,线上官网,2,1128.23,0.0,否
ORD2024080906824,2024-08-09,P0303,华中,线下经销商,2,147.88,0.0,否
ORD2024090207549,2024-09-02,P0462,华北,线下直营店,1,447.18,0.0,否
ORD2024012700782,2024-01-27,P0012,华中,企业团购,1,1166.89,0.0,否
ORD2024022701750,2024-02-27,P0391,东北,线下经销商,2,923.39,0.22,否
ORD2024073006520,2024-07-30,P0461,华东,线下直营店,5,157.2,0.0,否
ORD2024070405775,2024-07-04,P0267,华南,线上第三方,5,128.42,0.0,否
ORD2024031702325,2024-03-17,P0204,华北,线上第三方,2,223.48,0.0,否
ORD2024061505056,2024-06-15,P0203,华南,线下直营店,5,1876.23,0.0,否
ORD2024112410221,2024-11-24,P0461,华中,线上官网,2,153.2,0.0,否
ORD2024022601728,2024-02-26,P0110,华东,线下经销商,2,4056.45,0.0,否
ORD2024012100611,2024-01-21,P0457,华中,线上第三方,1,754.9,0.0,否
ORD2024060204667,2024-06-02,P0220,华北,企业团购,3,1922.26,0.0,否
ORD2024062205414,2024-06-22,P0449,西北,线上官网,3,958.63,0.0,否
ORD2024092108104,2024-09-21,P0395,华东,线上官网,1,1115.95,0.0,否
ORD2024092308175,2024-09-23,P0093,东北,线上官网,1,5369.1,0.22,否
ORD2024100508536,2024-10-05,P0272,华南,线上官网,1,29.16,0.05,否
ORD2024050303751,2024-05-03,P0101,西北,线下直营店,1,4288.73,0.17,否
ORD2024010400098,2024-01-04,P0460,西北,企业团购,5,564.04,0.08,否
ORD2024081406986,2024-08-14,P0330,华中,线下直营店,1,91.3,0.0,否
ORD2024041303138,2024-04-13,P0094,华中,线上第三方,2,3846.9,0.0,否
ORD2024022001538,2024-02-20,P0486,华北,线下经销商,3,635.51,0.0,否
ORD2024043003649,2024-04-30,P0249,东北,企业团购,4,20.11,0.0,否
ORD2024022001518,2024-02-20,P0181,东北,线下直营店,3,1975.63,0.0,否
ORD2024120710601,2024-12-07,P0237,西北,线下直营店,1,571.14,0.0,是
ORD2024060104625,2024-06-01,P0453,西北,线上第三方,1,66.0,0.0,否
ORD2024080106567,2024-08-01,P0012,西北,线上第三方,3,1171.35,0.24,否
ORD2024030902091,2024-03-09,P0447,华南,线上第三方,2,357.19,0.0,否
ORD2024081807098,2024-08-18,P0054,华中,线下经销商,2,4799.74,0.0,否
ORD2024071806172,2024-07-18,P0278,华南,线上第三方,5,145.15,0.0,否
ORD2024090107522,2024-09-01,P0185,华东,线上官网,1,805.36,0.13,否
ORD2024012000573,2024-01-20,P0180,华中,线下经销商,1,1326.49,0.0,是
ORD2024112610280,2024-11-26,P0374,西北,线下直营店,1,763.85,0.0,否
ORD2024041103063,2024-04-11,P0479,西南,企业团购,1,1790.0,0.2,否
ORD2024012100598,2024-01-21,P0419,西北,线下直营店,3,652.71,0.0,否
ORD2024080306634,2024-08-03,P0451,华东,线下经销商,2,373.22,0.0,否
ORD2024091307876,2024-09-13,P0355,华北,线下直营店,2,13.08,0.0,否
ORD2024082607346,2024-08-26,P0043,华中,线上官网,2,4824.75,0.0,否
ORD2024072306305,2024-07-23,P0208,西北,线上第三方,1,1998.94,0.0,否
ORD2024110609481,2024-11-06,P0108,西北,线下直营店,1,1468.19,0.0,否
ORD2024121110700,2024-12-11,P0308,西北,企业团购,1,187.0,0.0,否
ORD2024071105977,2024-07-11,P0300,华东,线下经销商,5,77.02,0.07,否
ORD2024100608563,2024-10-06,P0303,东北,线下经销商,1,142.46,0.0,否
ORD2024030401939,2024-03-04,P0466,东北,线上官网,1,897.93,0.0,否
ORD2024092108101,2024-09-21,P0213,华北,企业团购,1,789.25,0.0,是
ORD2024022701754,2024-02-27,P0366,华中,线上第三方,3,946.58,0.26,否
ORD2024043003671,2024-04-30,P0354,华中,线上第三方,4,76.31,0.0,否
ORD2024102509117,2024-10-25,P0174,华中,线上官网,1,1850.2,0.12,否
ORD2024031802362,2024-03-18,P0179,华北,线上第三方,3,248.62,0.0,否
ORD2024052004261,2024-05-20,P0213,华中,线上官网,4,747.82,0.0,否
ORD2024062305433,2024-06-23,P0132,东北,企业团购,1,1611.44,0.0,否
ORD2024072206286,2024-07-22,P0015,华南,线上官网,5,3788.93,0.0,否
ORD2024111009606,2024-11-10,P0346,西北,线上官网,1,142.97,0.21,否
ORD2024121210728,2024-12-12,P0453,华北,线上官网,3,68.71,0.0,否
ORD2024101708899,2024-10-17,P0401,西北,企业团购,4,712.54,0.0,否
ORD2024111109698,2024-11-11,P0308,西南,线上官网,16,196.86,0.17,否
ORD2024062805592,2024-06-28,P0092,华南,企业团购,3,4321.38,0.0,否
ORD2024020801172,2024-02-08,P0092,西北,线下直营店,5,4515.35,0.0,否
ORD2024091507928,2024-09-15,P0089,东北,线上第三方,1,3410.61,0.0,否
ORD2024102609134,2024-10-26,P0032,华东,线上第三方,1,3597.71,0.0,否
ORD2024120710602,2024-12-07,P0124,华东,线下直营店,1,951.21,0.25,否
ORD2024102709181,2024-10-27,P0438,华北,企业团购,1,1332.81,0.0,否
ORD2024113010385,2024-11-30,P0005,西南,线上官网,1,4115.92,0.0,否
ORD2024012900875,2024-01-29,P0023,华南,线上第三方,2,3701.63,0.0,否
ORD2024031602298,2024-03-16,P0204,华南,线下直营店,1,215.4,0.0,否
ORD2024120510544,2024-12-05,P0498,西北,线下直营店,2,1544.12,0.18,是
ORD2024032702644,2024-03-27,P0100,华北,企业团购,2,2213.21,0.0,否
ORD2024062005348,2024-06-20,P0342,华中,线下经销商,4,63.71,0.0,否
ORD2024122911250,2024-12-29,P0417,西南,线下直营店,2,1282.98,0.0,否
ORD2024012000582,2024-01-20,P0157,华东,线上官网,3,1573.48,0.0,否
ORD2024010800205,2024-01-08,P0442,华南,线下直营店,5,964.92,0.0,否
ORD2024091407897,2024-09-14,P0492,华北,线上官网,1,173.26,0.0,否
ORD2024030602015,2024-03-06,P0039,华东,线上第三方,2,320.54,0.0,否
ORD2024013000906,2024-01-30,P0127,东北,线下经销商,1,3358.36,0.0,否
ORD2024012200632,2024-01-22,P0489,东北,企业团购,2,1993.45,0.0,否
ORD2024100308462,2024-10-03,P0256,西北,线下直营店,1,45.46,0.27,否
ORD2024110609454,2024-11-06,P0145,华东,线上官网,4,2055.66,0.0,否
ORD2024030501975,2024-03-05,P0279,西南,线上第三方,2,147.55,0.0,否
ORD2024010600163,2024-01-06,P0073,西南,线下直营店,1,1667.14,0.21,否
ORD2024061304999,2024-06-13,P0446,西北,线上第三方,3,412.83,0.0,否
ORD2024060404714,2024-06-04,P0278,华南,企业团购,4,154.88,0.0,否
ORD2024021701432,2024-02-17,P0323,华北,线下经销商,3,196.99,0.0,否
ORD2024081106869,2024-08-11,P0128,华东,线下经销商,2,2068.42,0.0,否
ORD2024112810355,2024-11-28,P0133,西北,线下直营店,4,2972.52,0.0,否
ORD2024090807711,2024-09-08,P0460,华中,线下经销商,1,562.96,0.0,否
ORD2024090907737,2024-09-09,P0484,华中,线上官网,1,247.85,0.0,否
ORD2024052004284,2024-05-20,P0268,华北,企业团购,3,75.72,0.0,否
ORD2024090207532,2024-09-02,P0320,西北,线下直营店,1,114.48,0.0,否
ORD2024102209036,2024-10-22,P0074,东北,线上第三方,3,2117.83,0.0,否
ORD2024042103385,2024-04-21,P0222,华北,线上官网,1,354.83,0.0,否
ORD2024121510839,2024-12-15,P0043,东北,企业团购,2,4950.46,0.0,否
ORD2024102909222,2024-10-29,P0324,华中,线上官网,4,109.72,0.0,否
ORD2024110509452,2024-11-05,P0473,华东,线上官网,2,1659.0,0.0,否
ORD2024083007463,2024-08-30,P0070,华南,线下直营店,4,4369.2,0.14,否
ORD2024041903332,2024-04-19,P0394,华南,线下直营店,2,1463.27,0.0,否
ORD2024072606405,2024-07-26,P0444,华北,线上第三方,4,1050.96,0.0,否
ORD2024030902097,2024-03-09,P0272,华北,线上官网,2,29.69,0.24,否
ORD2024110809519,2024-11-08,P0033,西北,企业团购,3,2064.48,0.0,否
ORD2024091708000,2024-09-17,P0145,华南,线上官网,2,2148.63,0.17,否
ORD2024061405018,2024-06-14,P0484,华中,线下经销商,4,249.14,0.0,否
ORD2024101208739,2024-10-12,P0495,华北,线上第三方,2,1332.56,0.0,否
ORD2024021701450,2024-02-17,P0110,西北,企业团购,2,4078.39,0.0,否
ORD2024081206901,2024-08-12,P0153,华中,线上第三方,1,1703.91,0.24,否
ORD2024032602611,2024-03-26,P0137,华东,线上第三方,4,775.19,0.0,否
ORD2024030301901,2024-03-03,P0499,华南,线上官网,1,554.43,0.0,否
ORD2024092408187,2024-09-24,P0436,华东,线下直营店,1,1229.53,0.0,否
ORD2024050903921,2024-05-09,P0180,华中,线下经销商,2,1312.06,0.0,否
ORD2024033102758,2024-03-31,P0099,华中,企业团购,3,2176.73,0.0,否
ORD2024072606398,2024-07-26,P0090,西北,线上第三方,3,76.92,0.0,否
ORD2024121510843,2024-12-15,P0421,华东,线上官网,2,289.22,0.0,否
ORD2024030902098,2024-03-09,P0191,华东,企业团购,3,1500.06,0.0,否
ORD2024092808330,2024-09-28,P0400,华南,线上官网,2,1307.86,0.0,否
ORD2024121110712,2024-12-11,P0128,西南,线上官网,1,2149.48,0.0,否
ORD2024063005625,2024-06-30,P0481,华北,企业团购,1,1726.97,0.12,否
ORD2024042403472,2024-04-24,P0234,华东,线下经销商,2,1661.93,0.28,否
ORD2024092608267,2024-09-26,P0338,东北,企业团购,1,45.71,0.0,否
ORD2024031102172,2024-03-11,P0077,西南,线下经销商,3,2633.2,0.0,否
ORD2024120210462,2024-12-02,P0095,西北,线下经销商,1,3534.86,0.0,否
ORD2024121010697,2024-12-10,P0480,华中,线下直营店,4,286.46,0.23,否
ORD2024100708591,2024-10-07,P0339,华中,线下经销商,2,127.11,0.19,否
ORD2024030602011,2024-03-06,P0308,华东,线下直营店,3,184.73,0.3,否
ORD2024122311090,2024-12-23,P0074,西南,线上官网,1,2135.67,0.0,否
ORD2024021201284,2024-02-12,P0211,华南,线下经销商,5,594.08,0.0,否
ORD2024121610878,2024-12-16,P0360,西南,线上第三方,1,955.59,0.0,否
ORD2024020301020,2024-02-03,P0275,华南,线上第三方,1,41.38,0.07,否
ORD2024100908668,2024-10-09,P0427,西南,线上官网,3,683.17,0.0,否
ORD2024040202811,2024-04-02,P0144,华东,企业团购,2,1291.88,0.19,是
ORD2024111109783,2024-11-11,P0115,西南,线上官网,8,3774.97,0.13,否
ORD2024022401652,2024-02-24,P0339,西北,线下经销商,2,131.36,0.0,否
ORD2024121710893,2024-12-17,P0071,华南,线下直营店,1,4337.83,0.0,否
ORD2024020801170,2024-02-08,P0467,华南,线下直营店,3,1598.83,0.0,否
ORD2024072106257,2024-07-21,P0271,华南,线下直营店,1,34.46,0.0,否
ORD2024062405470,2024-06-24,P0261,华中,线上官网,4,95.61,0.1,否
ORD2024111309895,2024-11-13,P0137,华东,线上官网,2,737.81,0.0,否
ORD2024012900868,2024-01-29,P0469,西南,线上第三方,3,313.65,0.0,否
ORD2024061505094,2024-06-15,P0141,华中,线下经销商,15,870.39,0.05,否
ORD2024062305434,2024-06-23,P0028,华北,线下直营店,3,648.08,0.0,否
ORD2024011900542,2024-01-19,P0131,华北,线上第三方,2,2201.68,0.3,否
ORD2024122511139,2024-12-25,P0461,华中,线下经销商,4,146.12,0.06,否
ORD2024072406355,2024-07-24,P0409,华北,企业团购,3,1251.87,0.0,否
ORD2024120710583,2024-12-07,P0495,华南,线下经销商,2,1269.97,0.0,否
ORD2024042103391,2024-04-21,P0076,华中,线上第三方,1,3183.6,0.0,否
ORD2024102509121,2024-10-25,P0372,华南,线下直营店,2,1263.49,0.21,否
ORD2024122911249,2024-12-29,P0047,东北,线上第三方,1,1580.61,0.21,否
ORD2024051003960,2024-05-10,P0020,华南,线上官网,5,3686.28,0.0,否
ORD2024080306644,2024-08-03,P0002,西北,线下直营店,1,3251.48,0.0,否
ORD2024081006842,2024-08-10,P0013,华中,线上官网,1,3261.74,0.0,否
ORD2024110309394,2024-11-03,P0095,西北,线上官网,1,3667.59,0.06,否
ORD2024042803587,2024-04-28,P0354,华南,线上官网,1,78.23,0.0,否
ORD2024121810933,2024-12-18,P0338,华南,线下经销商,2,44.54,0.0,否
ORD2024032502564,2024-03-25,P0248,西南,线上官网,2,18.15,0.0,否
ORD2024061505037,2024-06-15,P0385,华东,企业团购,10,687.7,0.0,是
ORD2024020501081,2024-02-05,P0132,华中,线下直营店,3,1490.95,0.0,否
ORD2024070805892,2024-07-08,P0330,东北,线上官网,3,88.75,0.0,否
ORD2024061204967,2024-06-12,P0266,西北,线上第三方,5,37.34,0.0,否
ORD2024030702024,2024-03-07,P0189,华中,线上官网,4,884.21,0.26,否
ORD2024112310186,2024-11-23,P0035,西北,线上官网,1,3250.97,0.0,否
ORD2024091407910,2024-09-14,P0234,华南,线下经销商,1,1598.59,0.0,否
ORD2024111309887,2024-11-13,P0338,西南,线下经销商,1,45.1,0.27,否
ORD2024082607322,2024-08-26,P0276,华北,线下经销商,1,204.24,0.29,否
ORD2024010800227,2024-01-08,P0336,东北,线上第三方,3,194.36,0.0,否
ORD2024020301014,2024-02-03,P0386,华南,线下直营店,3,939.13,0.0,否
ORD2024030401930,2024-03-04,P0378,东北,线下直营店,4,632.31,0.0,否
ORD2024061705252,2024-06-17,P0408,华东,线下直营店,1,197.01,0.0,否
ORD2024031102180,2024-03-11,P0127,华东,线上官网,5,3368.83,0.0,否
ORD2024012400698,2024-01-24,P0044,西南,线上官网,4,1108.14,0.0,否
ORD2024020701125,2024-02-07,P0487,华东,线下直营店,1,1486.58,0.06,否
ORD2024082807379,2024-08-28,P0373,东北,线下直营店,1,1544.29,0.0,否
ORD2024103109306,2024-10-31,P0217,华北,企业团购,1,1082.37,0.0,否
ORD2024061505111,2024-06-15,P0167,西北,线上第三方,5,811.67,0.0,否
ORD2024091407903,2024-09-14,P0392,西南,线下经销商,1,273.44,0.0,否
ORD2024022801779,2024-02-28,P0271,华中,线上官网,3,32.58,0.0,否
ORD2024102309047,2024-10-23,P0089,华北,线下经销商,3,3637.35,0.0,否
ORD2024032702635,2024-03-27,P0445,华南,线上第三方,4,832.56,0.0,否
ORD2024090207545,2024-09-02,P0235,华南,线下经销商,1,2740.79,0.0,否
ORD2024090407605,2024-09-04,P0479,华南,线下直营店,1,1689.92,0.0,否
ORD2024042403490,2024-04-24,P0068,东北,企业团购,6,5030.83,0.13,是
ORD2024020401038,2024-02-04,P0409,西南,线下经销商,2,1281.29,0.0,否
ORD2024103009276,2024-10-30,P0107,华南,线下经销商,1,1387.4,0.0,否
ORD2024100408506,2024-10-04,P0480,华北,线下直营店,2,308.74,0.11,否
ORD2024032802650,2024-03-28,P0106,华北,线上第三方,4,3343.76,0.0,否
ORD2024040802980,2024-04-08,P0390,西南,线上第三方,4,1161.46,0.0,否
ORD2024032402548,2024-03-24,P0237,华东,线上官网,1,527.46,0.0,否
ORD2024061505133,2024-06-15,P0132,华东,线上官网,15,1609.89,0.0,否
ORD2024031102160,2024-03-11,P0133,华南,线下直营店,4,2891.6,0.0,否
ORD2024072706446,2024-07-27,P0278,华东,线上官网,2,145.03,0.0,否
ORD2024051003968,2024-05-10,P0243,东北,企业团购,5,628.1,0.0,否
ORD2024021701429,2024-02-17,P0052,西北,线上第三方,2,1250.83,0.0,否
ORD2024110809536,2024-11-08,P0334,华南,线下经销商,3,56.62,0.23,否
ORD2024032302521,2024-03-23,P0214,华北,线下经销商,2,1725.77,0.0,否
ORD2024091808034,2024-09-18,P0098,东北,线上官网,1,459.33,0.0,否
ORD2024111109784,2024-11-11,P0321,华中,企业团购,8,125.92,0.08,否
ORD2024122611177,2024-12-26,P0240,华北,线上第三方,1,1108.06,0.0,否
ORD2024011600449,2024-01-16,P0011,华中,线下直营店,1,2068.27,0.0,否
ORD2024111109615,2024-11-11,P0296,华北,线上官网,32,127.72,0.25,否
ORD2024071205996,2024-07-12,P0179,华北,线下直营店,4,239.69,0.0,否
ORD2024111109764,2024-11-11,P0329,西北,线上官网,16,152.37,0.21,否
ORD2024050203728,2024-05-02,P0261,华中,企业团购,3,96.63,0.0,否
ORD2024082707354,2024-08-27,P0290,西北,线上官网,4,10.99,0.0,否
ORD2024100608554,2024-10-06,P0103,华中,线上官网,1,4594.25,0.06,否
ORD2024072206280,2024-07-22,P0299,华南,线下直营店,2,114.55,0.0,否
ORD2024112110134,2024-11-21,P0026,华北,线下经销商,4,3074.24,0.0,否
ORD2024082507296,2024-08-25,P0439,华东,线上官网,2,1337.68,0.0,否
ORD2024072106252,2024-07-21,P0092,西北,线上第三方,2,4464.14,0.14,否
ORD2024071005927,2024-07-10,P0025,华北,线上官网,5,3842.1,0.0,否
ORD2024032102461,2024-03-21,P0424,华南,线上官网,2,136.98,0.0,否
ORD2024010100023,2024-01-01,P0274,华南,线下经销商,1,23.53,0.0,否
ORD2024030802067,2024-03-08,P0308,华东,企业团购,4,181.47,0.0,否
ORD2024022401654,2024-02-24,P0014,华中,线上官网,3,5103.96,0.18,否
ORD2024101708895,2024-10-17,P0347,西南,企业团购,2,167.81,0.0,否
ORD2024101108707,2024-10-11,P0016,华北,线下经销商,3,374.6,0.0,是
ORD2024021501377,2024-02-15,P0225,东北,线上官网,4,1318.84,0.0,否
ORD2024022601725,2024-02-26,P0446,华东,线上第三方,4,392.29,0.0,否
ORD2024050303755,2024-05-03,P0158,华中,线下直营店,3,2471.33,0.25,否
ORD2024100908653,2024-10-09,P0007,华北,线上第三方,1,1773.62,0.26,否
ORD2024051704184,2024-05-17,P0383,华中,线下直营店,2,32.38,0.11,否
ORD2024051404083,2024-05-14,P0340,华南,线上官网,4,86.25,0.0,否
ORD2024100308475,2024-10-03,P0371,华南,线上官网,1,1111.03,0.0,否
ORD2024080106580,2024-08-01,P0456,西北,企业团购,4,590.68,0.0,否
ORD2024052904559,2024-05-29,P0050,西南,线上官网,4,2122.3,0.0,否
ORD2024042603538,2024-04-26,P0394,东北,线上第三方,4,1471.5,0.0,否
ORD2024081507004,2024-08-15,P0315,华南,企业团购,1,32.38,0.0,否
ORD2024121210735,2024-12-12,P0337,华中,线上官网,4,10.37,0.0,否
ORD2024122010983,2024-12-20,P0233,西北,线上官网,2,675.69,0.0,否
ORD2024101408790,2024-10-14,P0171,华南,企业团购,1,1112.41,0.0,否
ORD2024012200647,2024-01-22,P0292,华北,企业团购,5,150.97,0.06,否
ORD2024072506382,2024-07-25,P0159,华北,线下经销商,5,1433.63,0.0,否
ORD2024090207528,2024-09-02,P0187,西北,线下经销商,1,2991.06,0.06,否
ORD2024122010988,2024-12-20,P0318,西南,线下经销商,2,114.14,0.21,否
ORD2024082007166,2024-08-20,P0419,华东,线下经销商,1,712.48,0.0,否
ORD2024102309055,2024-10-23,P0086,华南,企业团购,1,2507.47,0.0,否
ORD2024090707698,2024-09-07,P0046,华中,线下直营店,1,4736.83,0.0,否
ORD2024120910662,2024-12-09,P0466,西南,企业团购,1,953.32,0.0,否
ORD2024060904876,2024-06-09,P0360,华中,线下直营店,1,916.07,0.0,否
ORD2024111109738,2024-11-11,P0130,西南,线上官网,32,819.06,0.0,否
ORD2024062005342,2024-06-20,P0194,东北,线下直营店,4,1882.4,0.0,否
ORD2024081607032,2024-08-16,P0103,西北,线上第三方,1,4535.69,0.0,否
ORD2024031102161,2024-03-11,P0292,西南,线上官网,4,154.42,0.0,否
ORD2024012400686,2024-01-24,P0099,东北,线下经销商,4,2099.23,0.0,否
ORD2024032102462,2024-03-21,P0163,西南,线上官网,2,1230.78,0.0,否
ORD2024081907129,2024-08-19,P0162,东北,线上官网,3,1756.59,0.0,否
ORD2024072106268,2024-07-21,P0483,东北,线下经销商,1,1661.43,0.15,否
ORD2024061104942,2024-06-11,P0006,华中,线下经销商,2,829.62,0.0,否
ORD2024071005947,2024-07-10,P0107,西南,线下经销商,4,1328.62,0.0,否
ORD2024053004584,2024-05-30,P0244,华东,线上第三方,2,2095.71,0.21,否
ORD2024070505785,2024-07-05,P0152,西南,线下经销商,1,2632.28,0.0,是
ORD2024090307570,2024-09-03,P0316,西南,线上第三方,3,51.45,0.16,否
ORD2024011800522,2024-01-18,P0229,华北,线下直营店,5,225.63,0.0,否
ORD2024101108715,2024-10-11,P0422,华东,企业团购,3,1093.48,0.0,否
ORD2024051003984,2024-05-10,P0272,西南,线下经销商,5,28.5,0.0,否
ORD2024121510835,2024-12-15,P0353,华东,线下直营店,1,27.6,0.0,否
ORD2024012700781,2024-01-27,P0131,华南,线上第三方,1,2280.5,0.0,否
ORD2024110109320,2024-11-01,P0133,西北,企业团购,1,2917.67,0.0,否
ORD2024062905608,2024-06-29,P0005,华东,线下经销商,1,4371.47,0.0,否
ORD2024071105979,2024-07-11,P0227,华南,线上官网,4,985.72,0.0,否
ORD2024101508844,2024-10-15,P0171,西北,线下直营店,2,1102.03,0.0,否
ORD2024050303748,2024-05-03,P0308,华南,线下直营店,3,183.22,0.0,否
ORD2024031202197,2024-03-12,P0117,华南,线下经销商,2,3907.15,0.0,否
ORD2024100608562,2024-10-06,P0005,西北,线上官网,2,4075.42,0.0,否
ORD2024122711193,2024-12-27,P0278,西南,线下直营店,1,145.96,0.0,否
ORD2024052104286,2024-05-21,P0424,华南,企业团购,1,134.26,0.08,否
ORD2024100608570,2024-10-06,P0142,华东,线上官网,2,1873.88,0.0,否
ORD2024081406980,2024-08-14,P0082,西南,线下直营店,2,730.75,0.0,否
ORD2024030101828,2024-03-01,P0470,西南,企业团购,4,172.31,0.06,否
ORD2024121910961,2024-12-19,P0301,华东,企业团购,1,149.08,0.11,否
ORD2024031802377,2024-03-18,P0240,西南,线上第三方,2,1028.09,0.22,否
ORD2024100608552,2024-10-06,P0259,华东,企业团购,1,188.45,0.18,否
ORD2024050603840,2024-05-06,P0223,华南,线下经销商,1,470.61,0.0,否
ORD2024021101247,2024-02-11,P0015,华北,线上第三方,2,3984.76,0.0,否
ORD2024090107505,2024-09-01,P0163,华北,企业团购,2,1263.95,0.21,否
ORD2024073006512,2024-07-30,P0464,华中,线下直营店,5,1071.62,0.0,否
ORD2024062305440,2024-06-23,P0410,华东,线下直营店,1,869.92,0.0,否
ORD2024120310475,2024-12-03,P0128,华北,线下经销商,2,1985.1,0.0,否
ORD2024102008965,2024-10-20,P0393,华北,线下经销商,2,1046.33,0.15,否
ORD2024122111013,2024-12-21,P0156,华东,线上第三方,1,1005.41,0.0,否
ORD2024062605511,2024-06-26,P0350,西南,企业团购,2,93.21,0.0,否
ORD2024062005331,2024-06-20,P0399,东北,线上第三方,1,782.78,0.0,否
ORD2024052904532,2024-05-29,P0309,华中,线上官网,4,190.0,0.06,否
ORD2024011300366,2024-01-13,P0163,华东,线上官网,1,1321.27,0.0,否
ORD2024123111307,2024-12-31,P0025,华中,线上官网,1,3581.97,0.14,否
ORD2024010500148,2024-01-05,P0337,华北,线上第三方,2,10.17,0.23,否
ORD2024022401669,2024-02-24,P0254,华南,企业团购,1,28.76,0.0,否
ORD2024111810029,2024-11-18,P0394,西南,线下直营店,1,1389.09,0.0,否
ORD2024090607651,2024-09-06,P0152,东北,企业团购,2,2685.65,0.29,否
ORD2024100708600,2024-10-07,P0360,华南,线下经销商,1,956.4,0.09,否
ORD2024091007789,2024-09-10,P0233,华中,线下经销商,4,624.36,0.0,否
ORD2024042303457,2024-04-23,P0422,华东,线下直营店,1,1091.0,0.0,否
ORD2024041703272,2024-04-17,P0419,华中,线上官网,3,653.28,0.0,否
ORD2024061104941,2024-06-11,P0436,华东,企业团购,5,1298.66,0.19,否
ORD2024072006231,2024-07-20,P0447,西北,线上官网,1,380.73,0.0,否
ORD2024112010095,2024-11-20,P0290,西北,线下经销商,4,10.59,0.0,否
ORD2024110709498,2024-11-07,P0283,东北,线上官网,4,186.41,0.0,否
ORD2024102309048,2024-10-23,P0375,西南,线下经销商,4,215.79,0.1,否
ORD2024050903927,2024-05-09,P0188,华南,线上第三方,5,1134.31,0.29,否
ORD2024111109683,2024-11-11,P0302,华北,线上第三方,8,74.83,0.0,否
ORD2024092008081,2024-09-20,P0068,华中,线下直营店,1,5231.41,0.0,否
ORD2024010300079,2024-01-03,P0076,华南,企业团购,2,3016.92,0.0,否
ORD2024081807089,2024-08-18,P0470,东北,线上第三方,1,169.79,0.0,否
ORD2024031402248,2024-03-14,P0355,华东,线下经销商,2,13.14,0.0,否
ORD2024110209356,2024-11-02,P0101,东北,线上第三方,1,4563.36,0.0,否
ORD2024122911264,2024-12-29,P0012,西南,线上第三方,2,1170.09,0.09,否
ORD2024110309390,2024-11-03,P0295,东北,线上第三方,1,119.09,0.0,否
ORD2024083007452,2024-08-30,P0042,华东,线下经销商,3,3977.59,0.0,是
ORD2024102008981,2024-10-20,P0132,华北,线上第三方,1,1555.91,0.09,否
ORD2024031502280,2024-03-15,P0044,西北,企业团购,4,1011.9,0.0,是
ORD2024092108124,2024-09-21,P0157,华北,线下经销商,1,1641.07,0.0,是
ORD2024050803898,2024-05-08,P0277,华东,线下直营店,2,114.59,0.0,否
ORD2024102609138,2024-10-26,P0269,华北,线下直营店,1,68.09,0.06,否
ORD2024082007178,2024-08-20,P0297,西南,线上第三方,4,125.12,0.0,否
ORD2024121110718,2024-12-11,P0492,华北,线下经销商,3,165.73,0.0,是
ORD2024042903632,2024-04-29,P0322,华北,线下经销商,4,97.15,0.0,否
ORD2024111109774,2024-11-11,P0331,东北,线上第三方,8,39.61,0.0,否
ORD2024072106273,2024-07-21,P0331,华东,线下直营店,3,41.29,0.0,否
ORD2024100808617,2024-10-08,P0163,华东,企业团购,1,1274.58,0.0,否
ORD2024011400393,2024-01-14,P0329,华南,线上官网,2,142.3,0.0,否
ORD2024041403192,2024-04-14,P0391,西北,线下经销商,2,907.5,0.0,否
ORD2024010100017,2024-01-01,P0062,西南,线下直营店,3,696.09,0.0,否
ORD2024051704201,2024-05-17,P0476,华北,企业团购,1,1590.74,0.0,否
ORD2024032902673,2024-03-29,P0196,华东,线下直营店,3,427.39,0.0,否
ORD2024071806165,2024-07-18,P0253,东北,线上官网,4,159.19,0.0,否
ORD2024042503494,2024-04-25,P0433,西北,企业团购,1,1139.07,0.0,否
ORD2024082807395,2024-08-28,P0072,华中,线上官网,1,3883.59,0.0,否
ORD2024060804840,2024-06-08,P0290,西南,线下直营店,1,11.04,0.0,否
ORD2024012000594,2024-01-20,P0330,华中,线上官网,1,94.13,0.0,否
ORD2024120610557,2024-12-06,P0017,西北,线下直营店,1,2072.21,0.0,否
ORD2024101208738,2024-10-12,P0194,东北,线下直营店,1,1900.83,0.22,否
ORD2024070605828,2024-07-06,P0108,华北,线上第三方,1,1403.02,0.29,否
ORD2024091607962,2024-09-16,P0037,华南,线上第三方,1,2865.38,0.0,否
ORD2024070805888,2024-07-08,P0014,华中,线下经销商,3,5098.76,0.0,否
ORD2024031802356,2024-03-18,P0128,西南,线上官网,4,2162.62,0.0,否
ORD2024071306037,2024-07-13,P0360,华南,线上官网,3,913.31,0.0,否
ORD2024060704799,2024-06-07,P0290,华北,线上第三方,4,10.44,0.24,否
ORD2024111109800,2024-11-11,P0033,东北,线下直营店,8,2043.04,0.23,否
ORD2024053104593,2024-05-31,P0122,西南,线下直营店,3,3891.95,0.0,否
ORD2024100908657,2024-10-09,P0138,东北,企业团购,2,250.39,0.0,否
ORD2024010600164,2024-01-06,P0046,华中,线下直营店,1,4754.09,0.0,否
ORD2024120410497,2024-12-04,P0108,华北,企业团购,4,1426.72,0.0,否
ORD2024121010693,2024-12-10,P0433,华北,线上官网,4,1127.55,0.0,否
ORD2024122211075,2024-12-22,P0177,西北,线上官网,2,266.44,0.0,否
ORD2024082807381,2024-08-28,P0405,华北,企业团购,1,1145.12,0.1,否
ORD2024123011276,2024-12-30,P0214,华中,企业团购,3,1768.65,0.0,否
ORD2024072406357,2024-07-24,P0156,华南,线上第三方,4,1024.46,0.0,否
ORD2024102409093,2024-10-24,P0192,西南,线上第三方,1,1128.82,0.0,否
ORD2024062705543,2024-06-27,P0295,东北,线下经销商,3,128.34,0.0,否
ORD2024071206008,2024-07-12,P0391,华南,线上官网,1,961.79,0.0,否
ORD2024091707994,2024-09-17,P0261,西南,线上官网,3,97.93,0.0,否
ORD2024090507639,2024-09-05,P0492,西北,线上官网,3,169.4,0.0,否
ORD2024080806794,2024-08-08,P0245,西南,线上第三方,1,2832.95,0.0,否
ORD2024090907759,2024-09-09,P0108,西南,线上第三方,3,1412.36,0.0,否
ORD2024060804838,2024-06-08,P0022,华东,线上第三方,2,4447.83,0.0,否
ORD2024031502294,2024-03-15,P0094,西南,线上官网,5,3548.14,0.19,否
ORD2024073106549,2024-07-31,P0090,东北,线下经销商,5,82.53,0.15,否
ORD2024091407899,2024-09-14,P0027,东北,线上第三方,2,3705.41,0.0,否
ORD2024052704482,2024-05-27,P0371,华南,线上官网,1,1137.02,0.0,否
ORD2024050203717,2024-05-02,P0335,东北,企业团购,1,35.95,0.0,否
ORD2024071706141,2024-07-17,P0286,西南,企业团购,1,144.4,0.25,否
ORD2024022001550,2024-02-20,P0293,华东,企业团购,4,50.65,0.0,否
ORD2024030702045,2024-03-07,P0073,西北,企业团购,1,1801.54,0.15,否
ORD2024012600768,2024-01-26,P0343,华北,线下直营店,1,75.71,0.0,否
ORD2024070205694,2024-07-02,P0143,华东,线上第三方,5,816.67,0.0,否
ORD2024091307871,2024-09-13,P0102,西北,线下直营店,2,4231.43,0.0,否
ORD2024091307858,2024-09-13,P0433,华北,线上官网,3,1089.39,0.0,否
ORD2024041803303,2024-04-18,P0200,华东,线上第三方,2,2812.26,0.0,否
ORD2024052804518,2024-05-28,P0205,西北,线上官网,4,366.65,0.0,否
ORD2024112610284,2024-11-26,P0099,华南,线上官网,3,2034.73,0.0,否
ORD2024102709165,2024-10-27,P0133,东北,线下经销商,1,2823.07,0.1,否
ORD2024041803293,2024-04-18,P0391,西南,企业团购,1,950.7,0.0,否
ORD2024102109012,2024-10-21,P0026,华中,线上第三方,1,2997.1,0.28,否
ORD2024021601404,2024-02-16,P0401,华北,企业团购,4,701.65,0.14,否
ORD2024021501383,2024-02-15,P0332,华中,线下经销商,4,104.05,0.0,否
ORD2024081306929,2024-08-13,P0371,华南,线上官网,1,1174.35,0.26,否
ORD2024070105672,2024-07-01,P0497,西南,线上官网,1,463.48,0.24,否
ORD2024022401639,2024-02-24,P0011,华南,线上第三方,2,2053.41,0.0,否
ORD2024122311095,2024-12-23,P0255,东北,线上第三方,2,177.01,0.0,否
ORD2024081206908,2024-08-12,P0464,东北,企业团购,2,1060.25,0.0,否
ORD2024100708592,2024-10-07,P0192,华南,线下经销商,1,1067.72,0.0,否
ORD2024072606407,2024-07-26,P0160,华东,线上第三方,4,1835.94,0.0,否
ORD2024102409075,2024-10-24,P0429,华中,线下经销商,1,1057.91,0.0,是
ORD2024020901180,2024-02-09,P0386,华东,线下直营店,2,968.52,0.0,否
ORD2024062405449,2024-06-24,P0498,西北,企业团购,3,1537.83,0.0,是
ORD2024061505079,2024-06-15,P0425,西南,企业团购,10,301.93,0.0,否
ORD2024100908649,2024-10-09,P0317,华中,企业团购,2,35.8,0.0,否
ORD2024061505176,2024-06-15,P0478,华中,线上官网,15,1075.59,0.0,否
ORD2024012400690,2024-01-24,P0184,西北,线下经销商,5,744.07,0.0,否
ORD2024111810039,2024-11-18,P0107,华东,线上第三方,1,1283.96,0.27,否
ORD2024073006526,2024-07-30,P0051,西北,线上第三方,2,3218.06,0.0,否
ORD2024122411122,2024-12-24,P0465,华北,线上官网,1,780.11,0.23,否
ORD2024072906489,2024-07-29,P0305,西南,线上官网,1,64.84,0.0,是
ORD2024082007155,2024-08-20,P0463,西北,企业团购,1,468.17,0.0,否
ORD2024110809538,2024-11-08,P0376,东北,线上第三方,1,1386.41,0.0,否
ORD2024080206611,2024-08-02,P0118,华东,线下直营店,2,3318.1,0.0,否
ORD2024111109708,2024-11-11,P0280,华南,线上第三方,8,76.97,0.0,否
ORD2024052304350,2024-05-23,P0488,华南,线上官网,3,785.86,0.0,否
ORD2024030201885,2024-03-02,P0275,西南,线下经销商,2,42.1,0.0,否
ORD2024111109793,2024-11-11,P0057,东北,线上第三方,8,4067.06,0.0,否
ORD2024032202495,2024-03-22,P0240,华中,企业团购,1,1021.88,0.0,否
ORD2024071005948,2024-07-10,P0431,华中,线上官网,2,563.4,0.3,否
ORD2024041003037,2024-04-10,P0495,西北,线下经销商,4,1250.77,0.0,否
ORD2024070405778,2024-07-04,P0284,华北,线上官网,3,80.07,0.0,否
ORD2024012900846,2024-01-29,P0324,西北,线上第三方,1,112.72,0.0,否
ORD2024101208735,2024-10-12,P0429,东北,线上第三方,1,1045.5,0.0,否
ORD2024091607968,2024-09-16,P0284,华中,线下经销商,4,87.68,0.05,否
ORD2024111009610,2024-11-10,P0261,华南,线下直营店,2,92.84,0.0,否
ORD2024082607341,2024-08-26,P0017,西南,线下经销商,2,1978.08,0.0,否
ORD2024112410207,2024-11-24,P0322,华南,线下经销商,1,97.01,0.0,否
ORD2024110309385,2024-11-03,P0054,华中,企业团购,1,4915.75,0.0,否
ORD2024081907138,2024-08-19,P0143,西南,线上官网,1,782.49,0.16,否
ORD2024040702965,2024-04-07,P0400,华东,线上官网,1,1251.22,0.0,否
ORD2024032302530,2024-03-23,P0160,西北,企业团购,3,1844.9,0.22,否
ORD2024070405773,2024-07-04,P0014,西南,企业团购,3,5201.41,0.0,否
ORD2024020401049,2024-02-04,P0005,西北,线下经销商,1,4021.76,0.0,否
ORD2024081607046,2024-08-16,P0316,华中,企业团购,1,50.1,0.0,否
ORD2024030501961,2024-03-05,P0301,华北,线上第三方,3,157.96,0.18,否
ORD2024032302531,2024-03-23,P0340,西北,线上官网,3,83.52,0.0,否
ORD2024100208430,2024-10-02,P0256,华南,企业团购,1,42.38,0.0,否
ORD2024061004918,2024-06-10,P0046,西北,线上第三方,4,4799.69,0.0,否
ORD2024070905902,2024-07-09,P0362,华北,企业团购,5,1204.96,0.0,否
ORD2024092708287,2024-09-27,P0054,华东,线下经销商,4,4837.57,0.0,否
ORD2024052004260,2024-05-20,P0349,华北,线下直营店,3,172.64,0.0,否
ORD2024111109715,2024-11-11,P0390,西北,线上第三方,16,1163.16,0.06,否
ORD2024070105657,2024-07-01,P0347,华北,企业团购,4,174.47,0.15,否
ORD2024071506098,2024-07-15,P0114,华东,线上官网,2,2988.34,0.0,否
ORD2024070905908,2024-07-09,P0237,东北,线下经销商,1,557.01,0.0,否
ORD2024082707374,2024-08-27,P0309,华南,线上第三方,3,194.86,0.0,否
ORD2024040802979,2024-04-08,P0401,东北,线上第三方,3,661.54,0.0,否
ORD2024111810048,2024-11-18,P0467,华南,线下经销商,3,1618.98,0.21,否
ORD2024120510541,2024-12-05,P0060,西北,线下直营店,1,985.67,0.0,否
ORD2024080606722,2024-08-06,P0233,华北,线上官网,4,613.22,0.0,否
ORD2024091207843,2024-09-12,P0411,西南,线上第三方,1,256.37,0.0,否
ORD2024092608265,2024-09-26,P0109,华东,线下经销商,2,4061.4,0.0,否
ORD2024111509942,2024-11-15,P0249,东北,企业团购,1,20.79,0.0,否
ORD2024041303139,2024-04-13,P0308,华中,线下经销商,2,193.36,0.0,否
ORD2024092808326,2024-09-28,P0276,东北,线上官网,2,202.88,0.0,否
ORD2024122911245,2024-12-29,P0163,西南,线下直营店,1,1291.77,0.0,否
ORD2024022901827,2024-02-29,P0312,华南,线上官网,2,95.22,0.0,是
ORD2024062705549,2024-06-27,P0255,西北,线下经销商,5,190.81,0.23,否
ORD2024101308786,2024-10-13,P0144,华东,线下经销商,2,1236.68,0.0,否
ORD2024011900561,2024-01-19,P0250,东北,线下直营店,4,86.38,0.24,否
ORD2024111609986,2024-11-16,P0001,西北,线上第三方,1,603.97,0.0,否
ORD2024100208436,2024-10-02,P0002,华中,线下经销商,3,3372.65,0.28,否
ORD2024062305436,2024-06-23,P0253,华东,线下直营店,1,147.62,0.12,否
ORD2024052604438,2024-05-26,P0133,东北,线下直营店,1,2811.36,0.0,否
ORD2024100708598,2024-10-07,P0394,华南,线下经销商,3,1383.92,0.0,否
ORD2024021701443,2024-02-17,P0262,西北,线上官网,1,180.61,0.0,否
ORD2024100208454,2024-10-02,P0187,华中,线上第三方,1,2808.81,0.0,否
ORD2024052504407,2024-05-25,P0219,西南,线下经销商,2,2270.46,0.0,否
ORD2024121410803,2024-12-14,P0259,东北,线上第三方,1,190.0,0.0,否
ORD2024022501690,2024-02-25,P0100,西北,线上第三方,3,2237.45,0.0,否
ORD2024122611175,2024-12-26,P0308,华中,线上官网,1,190.04,0.0,否
ORD2024112310193,2024-11-23,P0297,西南,线下经销商,1,118.41,0.17,否
ORD2024071105963,2024-07-11,P0464,西北,企业团购,5,1102.62,0.0,否
ORD2024032202497,2024-03-22,P0310,华中,线下经销商,5,125.48,0.19,否
ORD2024103109287,2024-10-31,P0194,西南,企业团购,1,2024.67,0.21,否
ORD2024011200341,2024-01-12,P0049,华中,线下直营店,5,4609.05,0.0,否
ORD2024031902409,2024-03-19,P0272,东北,线下直营店,4,29.78,0.0,否
ORD2024110609464,2024-11-06,P0145,西南,企业团购,4,2044.57,0.0,否
ORD2024070505783,2024-07-05,P0347,华东,企业团购,2,164.14,0.0,否
ORD2024053004577,2024-05-30,P0392,西南,线下经销商,5,257.16,0.0,否
ORD2024050203726,2024-05-02,P0169,华南,线下经销商,1,1563.09,0.0,否
ORD2024040102786,2024-04-01,P0114,华东,线上官网,4,2881.68,0.0,否
ORD2024020301013,2024-02-03,P0334,西北,线下经销商,3,59.15,0.0,否
ORD2024061805281,2024-06-18,P0163,东北,企业团购,2,1263.75,0.0,否
ORD2024061004896,2024-06-10,P0104,华中,线上官网,5,1673.71,0.0,否
ORD2024081907122,2024-08-19,P0410,西南,线下经销商,3,856.13,0.0,否
ORD2024073106550,2024-07-31,P0022,西北,线上官网,4,4740.31,0.0,否
ORD2024051204038,2024-05-12,P0098,东北,线上第三方,1,436.28,0.0,否
ORD2024010600149,2024-01-06,P0054,华北,线下经销商,2,4780.9,0.0,否
ORD2024011000286,2024-01-10,P0234,华北,线下经销商,5,1619.05,0.16,否
ORD2024121810938,2024-12-18,P0096,华南,线下经销商,1,1370.17,0.0,否
ORD2024100608556,2024-10-06,P0425,华南,线下直营店,1,298.22,0.0,否
ORD2024110809523,2024-11-08,P0487,华中,企业团购,4,1463.28,0.14,否
ORD2024080806771,2024-08-08,P0429,西北,线下直营店,1,1065.38,0.0,否
ORD2024052604444,2024-05-26,P0390,华北,线上第三方,2,1127.13,0.0,否
ORD2024083007447,2024-08-30,P0035,华中,线下经销商,1,3373.56,0.0,否
ORD2024010900237,2024-01-09,P0184,华东,线上官网,2,719.96,0.0,否
ORD2024121610865,2024-12-16,P0005,西南,企业团购,1,4106.55,0.0,是
ORD2024081907124,2024-08-19,P0246,华南,线下经销商,4,63.64,0.0,否
ORD2024110909570,2024-11-09,P0185,华南,线下经销商,1,797.51,0.0,否
ORD2024041103084,2024-04-11,P0184,华北,线下直营店,2,695.32,0.26,否
ORD2024012200633,2024-01-22,P0238,东北,线上第三方,3,575.02,0.06,否
ORD2024080906814,2024-08-09,P0276,西南,线下直营店,2,196.76,0.0,否
ORD2024032202494,2024-03-22,P0405,西南,企业团购,5,1137.13,0.0,否
ORD2024032802666,2024-03-28,P0164,东北,线上第三方,3,390.36,0.0,否
ORD2024111109620,2024-11-11,P0227,华中,企业团购,8,986.16,0.0,否
ORD2024111109684,2024-11-11,P0084,华南,线下经销商,24,1049.41,0.0,否
ORD2024110809539,2024-11-08,P0352,西北,线下经销商,3,103.62,0.0,否
ORD2024111009596,2024-11-10,P0317,西南,线下直营店,2,33.91,0.0,否
ORD2024051804212,2024-05-18,P0192,华南,线上第三方,3,1134.87,0.0,否
ORD2024050703875,2024-05-07,P0201,华南,线上第三方,5,1670.42,0.0,否
ORD2024040202818,2024-04-02,P0092,西北,线下经销商,4,4416.87,0.15,否
ORD2024110209361,2024-11-02,P0152,华南,线上官网,1,2642.71,0.0,否
ORD2024122411116,2024-12-24,P0167,华东,线下直营店,4,807.62,0.0,否
ORD2024112310179,2024-11-23,P0233,华东,企业团购,2,669.69,0.0,否
ORD2024082907427,2024-08-29,P0461,华中,线下直营店,3,153.8,0.0,否
ORD2024111109748,2024-11-11,P0127,西北,线上官网,8,3456.62,0.08,否
ORD2024111009599,2024-11-10,P0095,华东,线上第三方,1,3479.12,0.26,否
ORD2024120110427,2024-12-01,P0416,东北,线下经销商,1,854.45,0.0,否
ORD2024022701736,2024-02-27,P0488,东北,线上第三方,3,788.56,0.0,否
ORD2024082807398,2024-08-28,P0481,华东,企业团购,4,1660.36,0.0,否
ORD2024051904256,2024-05-19,P0458,华北,企业团购,3,135.05,0.0,否
ORD2024110309382,2024-11-03,P0433,华北,企业团购,1,1159.61,0.0,否
ORD2024032202476,2024-03-22,P0423,华中,线下直营店,3,647.88,0.14,否
ORD2024123111308,2024-12-31,P0074,华东,企业团购,2,2055.62,0.0,否
ORD2024050203714,2024-05-02,P0071,华中,线上官网,4,4465.56,0.11,否
ORD2024112310176,2024-11-23,P0460,华北,企业团购,2,537.81,0.0,否
ORD2024022901805,2024-02-29,P0268,东北,线下经销商,5,69.38,0.0,否
ORD2024012400708,2024-01-24,P0088,西北,线下直营店,4,3032.08,0.0,否
ORD2024120110416,2024-12-01,P0014,华中,线下直营店,1,5136.3,0.0,是
ORD2024061505190,2024-06-15,P0453,华北,线上第三方,10,68.38,0.0,否
ORD2024062405473,2024-06-24,P0408,东北,线下经销商,3,201.8,0.0,否
ORD2024010300073,2024-01-03,P0008,华中,线下经销商,3,2657.06,0.2,否
ORD2024091207844,2024-09-12,P0440,华南,企业团购,1,1316.93,0.29,否
ORD2024061505102,2024-06-15,P0033,华南,企业团购,15,2119.3,0.26,否
ORD2024080706765,2024-08-07,P0462,东北,线上第三方,1,422.78,0.0,否
ORD2024020701126,2024-02-07,P0353,华南,线下直营店,2,28.94,0.0,否
ORD2024021001242,2024-02-10,P0362,东北,企业团购,2,1178.57,0.0,否
ORD2024110209346,2024-11-02,P0104,东北,线下直营店,1,1755.79,0.0,否
ORD2024031802350,2024-03-18,P0171,华中,线下直营店,3,1208.73,0.0,否
ORD2024080206603,2024-08-02,P0094,华中,线下经销商,1,3738.98,0.19,否
ORD2024080806781,2024-08-08,P0049,华北,线上第三方,3,4739.98,0.0,否
ORD2024052304359,2024-05-23,P0365,东北,线上第三方,5,1137.07,0.08,否
ORD2024021401344,2024-02-14,P0307,华东,线下经销商,4,69.97,0.0,否
ORD2024123111313,2024-12-31,P0446,东北,线下直营店,1,390.3,0.0,否
ORD2024111109842,2024-11-11,P0049,华南,线上第三方,24,4702.36,0.0,否
ORD2024121810915,2024-12-18,P0456,华北,线下经销商,4,633.16,0.0,否
ORD2024100808633,2024-10-08,P0135,华东,企业团购,1,2240.03,0.0,否
ORD2024080306653,2024-08-03,P0016,华北,线上官网,2,378.7,0.15,否
ORD2024020601101,2024-02-06,P0114,华北,线上第三方,5,3051.89,0.0,否
ORD2024102709161,2024-10-27,P0124,西南,企业团购,1,985.06,0.0,否
ORD2024101508842,2024-10-15,P0118,西北,企业团购,2,3108.7,0.0,否
ORD2024082607328,2024-08-26,P0096,西北,线上第三方,3,1419.95,0.0,否
ORD2024090507623,2024-09-05,P0368,华南,线下直营店,2,985.12,0.0,否
ORD2024020200988,2024-02-02,P0476,西南,线下直营店,3,1556.37,0.0,否
ORD2024040302853,2024-04-03,P0311,西北,线下直营店,3,70.62,0.0,否
ORD2024101608854,2024-10-16,P0172,东北,企业团购,1,2014.07,0.0,否
ORD2024012200631,2024-01-22,P0424,东北,线上官网,4,134.87,0.0,否
ORD2024021101250,2024-02-11,P0480,东北,线上第三方,1,282.64,0.0,否
ORD2024041403180,2024-04-14,P0374,华中,线上官网,1,762.44,0.0,否
ORD2024011700483,2024-01-17,P0272,华中,线上第三方,1,27.55,0.23,是
ORD2024041003041,2024-04-10,P0324,华南,线上第三方,4,116.86,0.0,否
ORD2024061405011,2024-06-14,P0081,华中,线上第三方,3,2612.64,0.18,否
ORD2024111309898,2024-11-13,P0103,华北,线上第三方,1,4409.17,0.07,否
ORD2024081507001,2024-08-15,P0433,华中,线下直营店,1,1082.49,0.0,是
ORD2024041703274,2024-04-17,P0242,华东,线上官网,4,811.87,0.3,否
ORD2024082207228,2024-08-22,P0143,华东,企业团购,1,813.91,0.0,否
ORD2024050103684,2024-05-01,P0436,华北,企业团购,4,1289.79,0.0,否
ORD2024080406675,2024-08-04,P0137,西南,线下经销商,1,735.65,0.0,否
ORD2024080906808,2024-08-09,P0159,华东,线上第三方,4,1421.94,0.28,否
ORD2024122111033,2024-12-21,P0157,华南,线上官网,2,1579.02,0.0,是
ORD2024021301317,2024-02-13,P0021,西北,线上官网,1,2190.03,0.0,否
ORD2024041603226,2024-04-16,P0014,西南,线下经销商,2,5149.66,0.0,否
ORD2024020501073,2024-02-05,P0242,西北,企业团购,1,797.29,0.0,否
ORD2024060704816,2024-06-07,P0153,华中,线上第三方,1,1611.04,0.0,否
ORD2024121010684,2024-12-10,P0031,华东,线上第三方,1,2756.64,0.0,否
ORD2024070405753,2024-07-04,P0109,西南,线上官网,2,3753.77,0.0,否
ORD2024112910363,2024-11-29,P0209,东北,线上官网,3,1224.97,0.0,否
ORD2024060104617,2024-06-01,P0049,华东,线上官网,1,4692.34,0.0,否
ORD2024041203098,2024-04-12,P0105,华南,线下直营店,2,4752.92,0.0,否
ORD2024081106870,2024-08-11,P0276,东北,线上第三方,2,186.28,0.09,否
ORD2024021201301,2024-02-12,P0270,西南,企业团购,5,139.2,0.0,否
ORD2024082407286,2024-08-24,P0051,华东,线上第三方,2,3214.14,0.0,否
ORD2024072206285,2024-07-22,P0233,华中,线上官网,4,653.54,0.0,否
ORD2024062505496,2024-06-25,P0048,东北,企业团购,1,1528.34,0.0,否
ORD2024061905292,2024-06-19,P0480,华北,线上第三方,5,293.27,0.0,否
ORD2024022801799,2024-02-28,P0110,华中,企业团购,1,3939.57,0.0,否
ORD2024061605204,2024-06-16,P0083,西南,线下直营店,3,880.03,0.0,否
ORD2024092508228,2024-09-25,P0286,西南,企业团购,2,140.51,0.0,否
ORD2024061505048,2024-06-15,P0405,华东,企业团购,5,1212.33,0.0,否
ORD2024072706442,2024-07-27,P0128,西北,企业团购,1,2158.6,0.12,否
ORD2024100808637,2024-10-08,P0095,华中,线上官网,1,3612.95,0.0,否
ORD2024092108106,2024-09-21,P0021,华北,线下直营店,2,2084.55,0.0,否
ORD2024031802360,2024-03-18,P0223,西南,线上官网,4,463.35,0.0,是
ORD2024120810634,2024-12-08,P0251,华东,线上官网,2,95.98,0.17,否
ORD2024043003655,2024-04-30,P0443,华北,线上官网,2,829.48,0.0,否
ORD2024081707053,2024-08-17,P0296,东北,线上第三方,2,132.75,0.07,否
ORD2024021201287,2024-02-12,P0031,西南,线下经销商,5,2759.56,0.22,否
ORD2024112810340,2024-11-28,P0496,华中,线下直营店,4,1199.14,0.12,否
ORD2024052604446,2024-05-26,P0479,华南,线上官网,1,1744.09,0.0,否
ORD2024031002138,2024-03-10,P0091,华东,线下经销商,1,923.73,0.0,否
ORD2024080806788,2024-08-08,P0229,西北,线上第三方,2,218.37,0.0,否
ORD2024122211047,2024-12-22,P0160,西南,线下直营店,1,1835.32,0.0,否
ORD2024111109641,2024-11-11,P0145,华东,线下直营店,24,2027.26,0.0,否
ORD2024120510549,2024-12-05,P0108,西南,线上官网,1,1417.57,0.0,是
ORD2024081206895,2024-08-12,P0141,西南,线上官网,1,943.99,0.0,否
ORD2024111109710,2024-11-11,P0052,华东,线下直营店,24,1339.62,0.0,否
ORD2024100608565,2024-10-06,P0143,东北,线下直营店,1,832.04,0.0,否
ORD2024082007152,2024-08-20,P0406,华中,线上第三方,1,1362.16,0.0,否
ORD2024020100964,2024-02-01,P0030,华南,线上第三方,3,3747.95,0.16,否
ORD2024071206013,2024-07-12,P0108,西南,线上官网,1,1425.44,0.0,否
ORD2024060904883,2024-06-09,P0241,华中,企业团购,2,2694.61,0.0,否
ORD2024010500141,2024-01-05,P0422,华中,企业团购,5,1160.86,0.27,否
ORD2024123011275,2024-12-30,P0186,东北,线上第三方,1,515.83,0.0,否
ORD2024101808907,2024-10-18,P0499,华南,线下直营店,1,542.0,0.27,否
ORD2024081306937,2024-08-13,P0404,华北,线上第三方,1,117.97,0.0,否
ORD2024073106543,2024-07-31,P0041,东北,线下经销商,1,725.72,0.0,否
ORD2024061705244,2024-06-17,P0143,华南,线下经销商,4,783.02,0.0,否
ORD2024052504432,2024-05-25,P0221,西南,线下直营店,3,1957.97,0.17,否
ORD2024110609471,2024-11-06,P0251,西北,线上官网,3,90.13,0.0,否
ORD2024011400407,2024-01-14,P0393,华北,线下经销商,1,1085.75,0.0,否
ORD2024092508213,2024-09-25,P0106,东北,线上第三方,1,3160.05,0.0,否
ORD2024102809197,2024-10-28,P0408,华南,企业团购,1,197.82,0.26,否
ORD2024110609483,2024-11-06,P0141,华南,线上第三方,1,946.58,0.0,否
ORD2024111109778,2024-11-11,P0008,华北,线下经销商,24,2668.43,0.0,否
ORD2024102609136,2024-10-26,P0238,华北,线下直营店,1,590.61,0.0,否
ORD2024092508235,2024-09-25,P0223,华南,企业团购,1,468.1,0.15,否
ORD2024052404400,2024-05-24,P0277,西北,线下直营店,4,111.86,0.27,否
ORD2024061705253,2024-06-17,P0332,华北,线上官网,3,97.66,0.0,否
ORD2024010100012,2024-01-01,P0039,西南,线下经销商,2,313.43,0.0,否
ORD2024060504761,2024-06-05,P0457,华中,线上官网,3,703.93,0.0,否
ORD2024020801178,2024-02-08,P0493,西北,线上第三方,2,1224.23,0.0,否
ORD2024040402864,2024-04-04,P0326,华南,线上官网,6,161.12,0.0,否
ORD2024072806472,2024-07-28,P0291,西南,企业团购,2,35.02,0.0,否
ORD2024072006229,2024-07-20,P0283,华中,线下经销商,2,200.87,0.0,否
ORD2024102909219,2024-10-29,P0274,华中,企业团购,2,23.19,0.24,否
ORD2024040802990,2024-04-08,P0035,西北,企业团购,4,3291.89,0.0,否
ORD2024102609154,2024-10-26,P0223,华南,线上官网,2,458.72,0.0,否
ORD2024081907118,2024-08-19,P0179,西北,线下直营店,1,230.91,0.16,否
ORD2024081507011,2024-08-15,P0040,西南,线下经销商,4,1683.44,0.0,否
ORD2024111109696,2024-11-11,P0182,东北,线下直营店,8,1135.53,0.06,否
ORD2024101908928,2024-10-19,P0425,华中,线上第三方,1,304.55,0.0,否
ORD2024021701441,2024-02-17,P0061,东北,企业团购,1,502.61,0.0,否
ORD2024122211042,2024-12-22,P0048,华北,线下直营店,2,1629.82,0.0,否
ORD2024040402876,2024-04-04,P0005,华南,线下经销商,2,4211.76,0.0,否
ORD2024102509109,2024-10-25,P0289,华中,企业团购,1,79.56,0.0,否
ORD2024112710307,2024-11-27,P0492,华中,线上官网,4,159.91,0.2,否
ORD2024111609967,2024-11-16,P0446,华南,线下直营店,1,397.74,0.0,否
ORD2024082207233,2024-08-22,P0162,华中,线上官网,1,1690.34,0.0,否
ORD2024050203727,2024-05-02,P0477,东北,企业团购,1,1950.16,0.0,否
ORD2024040102773,2024-04-01,P0218,华北,线上官网,3,372.15,0.0,否
ORD2024011600455,2024-01-16,P0271,华南,企业团购,2,33.03,0.0,否
ORD2024102209014,2024-10-22,P0404,西北,线下直营店,3,113.2,0.0,是
ORD2024092408190,2024-09-24,P0373,西北,线上官网,3,1434.88,0.22,是
ORD2024021501368,2024-02-15,P0059,华东,线下经销商,3,3644.24,0.15,否
ORD2024050203713,2024-05-02,P0487,西南,企业团购,2,1592.31,0.0,否
ORD2024122611157,2024-12-26,P0011,华东,企业团购,4,2095.19,0.0,否
ORD2024021501389,2024-02-15,P0356,华东,企业团购,4,34.43,0.0,否
ORD2024102309043,2024-10-23,P0084,华东,线下经销商,3,1103.44,0.19,否
ORD2024020201001,2024-02-02,P0115,西南,线下直营店,4,3773.13,0.0,否
ORD2024090907762,2024-09-09,P0005,西南,线上官网,1,4165.45,0.0,否
ORD2024042703554,2024-04-27,P0243,西北,线上第三方,2,627.97,0.0,否
ORD2024051504115,2024-05-15,P0419,华东,线下经销商,5,671.47,0.0,否
ORD2024022401668,2024-02-24,P0204,华北,线下经销商,1,234.22,0.0,否
ORD2024041403174,2024-04-14,P0110,华南,线上官网,1,4159.37,0.0,否
ORD2024120910651,2024-12-09,P0298,东北,企业团购,1,108.99,0.0,否
ORD2024011700489,2024-01-17,P0452,华东,线下直营店,2,89.7,0.15,否
ORD2024041603231,2024-04-16,P0416,东北,线上第三方,4,871.45,0.14,否
ORD2024050603829,2024-05-06,P0244,东北,线下直营店,4,2007.88,0.21,否
ORD2024111109806,2024-11-11,P0239,华北,线上第三方,16,1987.22,0.06,是
ORD2024061605209,2024-06-16,P0335,华南,企业团购,3,35.55,0.0,否
ORD2024091207849,2024-09-12,P0134,东北,线下经销商,1,70.36,0.0,否
ORD2024070205705,2024-07-02,P0071,华北,线上第三方,4,4625.39,0.28,否
ORD2024121810924,2024-12-18,P0104,西南,线上第三方,1,1642.2,0.19,否
ORD2024092208134,2024-09-22,P0243,西北,线上官网,2,685.52,0.23,否
ORD2024012400704,2024-01-24,P0082,东北,企业团购,2,731.45,0.0,否
ORD2024061505106,2024-06-15,P0433,华东,线下经销商,5,1069.73,0.0,否
ORD2024111910082,2024-11-19,P0242,华东,线下直营店,1,870.83,0.0,否
ORD2024041803292,2024-04-18,P0449,华中,线上官网,1,909.85,0.0,否
ORD2024092108126,2024-09-21,P0399,西北,企业团购,1,745.44,0.0,否
ORD2024121810914,2024-12-18,P0466,西北,企业团购,1,940.89,0.0,否
ORD2024112410222,2024-11-24,P0049,东北,线下经销商,1,4424.33,0.0,否
ORD2024061004910,2024-06-10,P0329,华北,线下经销商,4,142.65,0.0,否
ORD2024052604441,2024-05-26,P0011,华北,企业团购,2,1945.4,0.0,否
ORD2024020200987,2024-02-02,P0324,华东,线上官网,3,118.89,0.3,否
ORD2024120310467,2024-12-03,P0183,西北,线下经销商,2,542.93,0.0,否
ORD2024112610267,2024-11-26,P0142,西南,线下经销商,4,1831.19,0.0,否
ORD2024090707706,2024-09-07,P0246,西南,线上官网,1,62.03,0.25,否
ORD2024072106258,2024-07-21,P0311,华东,线下经销商,1,66.01,0.0,否
ORD2024071506090,2024-07-15,P0256,东北,线下经销商,1,43.63,0.0,否
ORD2024061705239,2024-06-17,P0328,西南,线上第三方,4,18.96,0.0,否
ORD2024020901199,2024-02-09,P0111,华北,企业团购,2,149.78,0.08,否
ORD2024112610275,2024-11-26,P0437,西北,线上第三方,3,1201.23,0.0,否
ORD2024090107520,2024-09-01,P0430,西南,线上官网,2,1226.09,0.21,否
ORD2024080906813,2024-08-09,P0029,华北,企业团购,4,1238.43,0.0,否
ORD2024102809207,2024-10-28,P0132,华东,企业团购,2,1488.59,0.0,否
ORD2024092808321,2024-09-28,P0435,西南,线下经销商,1,395.99,0.0,否
ORD2024082007176,2024-08-20,P0238,华南,企业团购,1,575.03,0.06,否
ORD2024052704471,2024-05-27,P0172,华北,线上官网,3,2110.28,0.0,否
ORD2024013000892,2024-01-30,P0245,西北,线下直营店,2,2989.47,0.0,否
ORD2024030501970,2024-03-05,P0179,西南,线上第三方,2,238.91,0.06,否
ORD2024070405758,2024-07-04,P0030,华东,线下直营店,3,3940.22,0.0,否
ORD2024073006528,2024-07-30,P0439,西南,企业团购,4,1251.76,0.0,否
ORD2024072206295,2024-07-22,P0165,西北,线下直营店,1,888.67,0.0,否
ORD2024090407596,2024-09-04,P0204,华东,线上第三方,1,217.18,0.0,否
ORD2024102509111,2024-10-25,P0243,华中,线下经销商,4,671.63,0.2,否
ORD2024041703250,2024-04-17,P0192,华南,企业团购,2,1037.29,0.24,否
ORD2024080106571,2024-08-01,P0158,华南,线下直营店,2,2332.91,0.0,否
ORD2024080306639,2024-08-03,P0030,华中,线下经销商,2,3886.8,0.0,否
ORD2024082707352,2024-08-27,P0182,西北,线下经销商,1,1111.43,0.0,否
ORD2024113010394,2024-11-30,P0412,华东,企业团购,2,1040.3,0.0,否
ORD2024110409401,2024-11-04,P0349,东北,线下直营店,2,158.48,0.0,否
ORD2024083107474,2024-08-31,P0443,西南,线下经销商,2,852.31,0.0,否
ORD2024120110434,2024-12-01,P0396,东北,线上官网,2,1181.48,0.0,否
ORD2024112510246,2024-11-25,P0132,华北,线上第三方,3,1578.1,0.0,否
ORD2024021001240,2024-02-10,P0385,西南,线上官网,1,699.59,0.27,否
ORD2024031502290,2024-03-15,P0299,华东,企业团购,4,107.6,0.0,否
ORD2024033102741,2024-03-31,P0209,华中,线上第三方,2,1219.37,0.0,否
ORD2024100308468,2024-10-03,P0179,华中,线上官网,1,254.76,0.06,否
ORD2024053104586,2024-05-31,P0355,东北,企业团购,3,14.23,0.0,否
ORD2024102909228,2024-10-29,P0368,华北,线下直营店,3,1024.55,0.18,否
ORD2024021001230,2024-02-10,P0086,华南,企业团购,1,2586.01,0.0,否
ORD2024102809201,2024-10-28,P0386,西南,线上第三方,3,901.55,0.0,否
ORD2024081406981,2024-08-14,P0223,西北,线下直营店,2,499.62,0.0,否
ORD2024061505179,2024-06-15,P0181,华南,线上官网,10,1915.25,0.0,否
ORD2024052104294,2024-05-21,P0267,东北,线下直营店,5,129.97,0.0,否
ORD2024020501059,2024-02-05,P0255,东北,线上第三方,4,180.7,0.0,否
ORD2024072106263,2024-07-21,P0088,华南,线下经销商,1,2995.25,0.0,否
ORD2024011000282,2024-01-10,P0189,东北,线下经销商,5,846.29,0.0,否
ORD2024102909236,2024-10-29,P0238,西北,线下经销商,1,553.51,0.11,否
ORD2024020100969,2024-02-01,P0080,华北,线下经销商,4,4639.69,0.0,否
ORD2024051003954,2024-05-10,P0137,华东,线上第三方,4,758.17,0.0,否
ORD2024030401940,2024-03-04,P0172,西北,线上第三方,5,2005.45,0.0,否
ORD2024111009584,2024-11-10,P0263,华北,企业团购,1,120.06,0.2,否
ORD2024021201275,2024-02-12,P0211,华北,线上官网,3,602.2,0.0,否
ORD2024012100620,2024-01-21,P0157,西北,企业团购,1,1589.83,0.0,否
ORD2024111109633,2024-11-11,P0289,华东,线上官网,32,82.06,0.0,否
ORD2024022701743,2024-02-27,P0269,华东,线下直营店,5,65.82,0.0,否
ORD2024021501391,2024-02-15,P0064,华中,线上官网,1,233.72,0.0,否
ORD2024031202204,2024-03-12,P0030,西南,线上官网,5,3875.37,0.0,否
ORD2024042703569,2024-04-27,P0267,东北,线上官网,2,127.09,0.0,否
ORD2024071606117,2024-07-16,P0423,华中,线下直营店,4,606.12,0.0,否
ORD2024123011292,2024-12-30,P0315,西北,线上第三方,3,33.33,0.0,否
ORD2024071406053,2024-07-14,P0463,华东,企业团购,3,456.46,0.15,否
ORD2024041403179,2024-04-14,P0433,西南,线上官网,2,1109.6,0.0,否
ORD2024041403193,2024-04-14,P0421,华东,线上官网,1,277.76,0.0,否
ORD2024110709500,2024-11-07,P0334,东北,企业团购,1,61.48,0.0,否
ORD2024071606100,2024-07-16,P0449,华东,线下直营店,5,882.69,0.28,否
ORD2024081607030,2024-08-16,P0267,华北,线上第三方,4,126.42,0.0,否
ORD2024012000576,2024-01-20,P0114,西南,线下直营店,1,2986.68,0.09,否
ORD2024080406657,2024-08-04,P0147,华东,线上官网,1,692.87,0.15,否
ORD2024081907116,2024-08-19,P0390,西北,企业团购,1,1064.74,0.0,否
ORD2024111609982,2024-11-16,P0469,华北,线上官网,1,310.77,0.0,否
ORD2024072206277,2024-07-22,P0459,华东,线下直营店,4,1124.62,0.0,否
ORD2024110609473,2024-11-06,P0084,西南,线上官网,2,1055.12,0.0,否
ORD2024112310183,2024-11-23,P0059,西北,线上第三方,1,3573.9,0.0,否
ORD2024070905898,2024-07-09,P0260,华北,线下经销商,4,61.88,0.0,否
ORD2024070305725,2024-07-03,P0221,西北,线上官网,5,2088.06,0.0,否
ORD2024011000270,2024-01-10,P0343,华中,企业团购,2,76.67,0.28,否
ORD2024012200630,2024-01-22,P0052,东北,线上官网,3,1365.81,0.0,否
ORD2024041103082,2024-04-11,P0040,西南,线上官网,4,1763.93,0.0,否
ORD2024042403467,2024-04-24,P0142,东北,线上第三方,4,1869.49,0.0,否
ORD2024072706431,2024-07-27,P0299,西北,线下直营店,1,114.1,0.0,否
ORD2024120610555,2024-12-06,P0353,华北,线上官网,4,26.56,0.0,否
ORD2024081707063,2024-08-17,P0119,东北,线下直营店,1,4905.98,0.0,否
ORD2024122111021,2024-12-21,P0448,华南,线上官网,1,1100.45,0.11,否
ORD2024062705544,2024-06-27,P0439,华南,线下直营店,5,1335.94,0.12,否
ORD2024052304357,2024-05-23,P0336,西南,线下经销商,1,184.36,0.0,否
ORD2024112810328,2024-11-28,P0054,华东,线下直营店,2,4544.0,0.0,否
ORD2024030902114,2024-03-09,P0358,西北,线下经销商,1,815.22,0.0,否
ORD2024092508220,2024-09-25,P0444,华中,线上第三方,1,1123.53,0.0,否
ORD2024041503217,2024-04-15,P0495,华南,线上官网,6,1235.01,0.0,否
ORD2024050503815,2024-05-05,P0322,东北,线下直营店,3,94.61,0.0,否
ORD2024092808322,2024-09-28,P0114,西北,企业团购,1,2851.7,0.3,否
ORD2024111109731,2024-11-11,P0448,华东,企业团购,16,1100.49,0.12,否
ORD2024031502279,2024-03-15,P0195,华北,线下经销商,4,396.27,0.0,否
ORD2024053104600,2024-05-31,P0375,东北,线下直营店,3,232.79,0.0,否
ORD2024010100014,2024-01-01,P0470,华北,企业团购,5,173.06,0.0,否
ORD2024120210456,2024-12-02,P0309,西南,线上第三方,1,197.36,0.0,否
ORD2024022001526,2024-02-20,P0111,西南,线下直营店,2,139.38,0.0,否
ORD2024031802366,2024-03-18,P0121,华中,线下经销商,5,2672.45,0.0,否
ORD2024060204649,2024-06-02,P0477,华北,企业团购,3,1915.77,0.0,否
ORD2024011300375,2024-01-13,P0085,华南,线上第三方,1,2216.27,0.0,否
ORD2024111109652,2024-11-11,P0238,西南,企业团购,8,601.0,0.0,否
ORD2024072906478,2024-07-29,P0194,华东,线上官网,1,1943.64,0.0,否
ORD2024011800526,2024-01-18,P0126,西南,企业团购,5,451.13,0.0,否
ORD2024102609132,2024-10-26,P0090,东北,线下直营店,2,82.14,0.29,否
ORD2024081206896,2024-08-12,P0075,西北,线上官网,3,5239.4,0.0,否
ORD2024042803592,2024-04-28,P0143,华东,线上第三方,2,813.45,0.0,否
ORD2024091407905,2024-09-14,P0158,华北,线下直营店,2,2441.77,0.29,否
ORD2024040702959,2024-04-07,P0076,西南,企业团购,2,3004.13,0.19,否
ORD2024011800530,2024-01-18,P0057,东北,线上第三方,4,4210.69,0.0,否
ORD2024050203715,2024-05-02,P0221,华中,企业团购,4,2124.88,0.17,否
ORD2024060504733,2024-06-05,P0127,华北,线上官网,3,3331.89,0.0,否
ORD2024110609462,2024-11-06,P0251,华南,线上官网,4,92.54,0.0,否
ORD2024021601395,2024-02-16,P0499,西北,线上第三方,2,567.38,0.0,否
ORD2024063005632,2024-06-30,P0257,华北,线上官网,1,188.67,0.0,否
ORD2024110609466,2024-11-06,P0222,东北,线下经销商,1,357.25,0.06,否
ORD2024080106564,2024-08-01,P0160,华中,线下经销商,4,1886.33,0.27,否
ORD2024060404704,2024-06-04,P0456,华东,线上第三方,5,584.65,0.0,否
ORD2024022601713,2024-02-26,P0223,华中,线下经销商,1,457.42,0.24,否
ORD2024122211051,2024-12-22,P0112,西南,线下经销商,1,4691.8,0.17,否
ORD2024020100956,2024-02-01,P0211,华北,线下经销商,2,630.95,0.0,否
ORD2024080406676,2024-08-04,P0357,华中,线下经销商,1,82.42,0.24,否
ORD2024042303454,2024-04-23,P0425,华中,线上官网,6,297.72,0.08,否
ORD2024111009580,2024-11-10,P0406,华中,线上官网,1,1424.02,0.0,否
ORD2024100708596,2024-10-07,P0209,西北,线上第三方,2,1233.86,0.0,否
ORD2024030802072,2024-03-08,P0012,西南,线上官网,2,1186.19,0.0,否
ORD2024122111035,2024-12-21,P0419,华北,企业团购,2,682.96,0.0,否
ORD2024010600159,2024-01-06,P0171,华东,线上官网,1,1178.79,0.0,是
ORD2024081507006,2024-08-15,P0418,东北,线下经销商,1,113.62,0.0,否
ORD2024102409095,2024-10-24,P0241,东北,企业团购,4,2827.23,0.0,否
ORD2024011300353,2024-01-13,P0234,华南,线上第三方,1,1612.75,0.18,否
ORD2024071506079,2024-07-15,P0266,西南,线下直营店,5,37.26,0.0,否
ORD2024072006237,2024-07-20,P0127,东北,企业团购,1,3444.06,0.0,否
ORD2024101908947,2024-10-19,P0277,西北,线下经销商,2,113.24,0.13,否
ORD2024123111300,2024-12-31,P0467,西北,线上官网,2,1535.09,0.06,否
ORD2024040602921,2024-04-06,P0373,华东,线下经销商,2,1549.36,0.0,否
ORD2024100408504,2024-10-04,P0454,西南,线下直营店,4,1088.58,0.0,否
ORD2024060204645,2024-06-02,P0103,华北,企业团购,2,4337.2,0.0,否
ORD2024012300662,2024-01-23,P0027,华中,线下直营店,5,3767.82,0.0,否
ORD2024081707058,2024-08-17,P0336,华北,线上官网,1,182.3,0.25,否
ORD2024043003666,2024-04-30,P0174,华北,企业团购,1,1792.39,0.0,否
ORD2024091707980,2024-09-17,P0099,东北,线上第三方,1,2013.21,0.0,否
ORD2024011100307,2024-01-11,P0122,东北,线下经销商,2,4025.8,0.0,否
ORD2024060604791,2024-06-06,P0192,西北,线上第三方,1,1124.4,0.0,否
ORD2024031802357,2024-03-18,P0439,华北,企业团购,3,1253.31,0.25,否
ORD2024030401928,2024-03-04,P0477,西北,企业团购,4,1919.32,0.27,否
ORD2024120610581,2024-12-06,P0334,西南,线上第三方,1,58.6,0.0,否
ORD2024042203428,2024-04-22,P0158,华东,线下经销商,2,2321.72,0.0,否
ORD2024101908942,2024-10-19,P0078,西南,线上第三方,2,2208.95,0.0,否
ORD2024042903639,2024-04-29,P0167,华南,线上官网,6,821.79,0.17,否
ORD2024021101267,2024-02-11,P0294,华中,线下直营店,1,25.53,0.0,否
ORD2024022101561,2024-02-21,P0486,西南,线下直营店,3,683.73,0.0,否
ORD2024082107180,2024-08-21,P0144,华东,线上第三方,3,1284.73,0.0,否
ORD2024051404110,2024-05-14,P0127,华北,企业团购,1,3314.12,0.0,否
ORD2024091307868,2024-09-13,P0434,华中,线上官网,2,605.73,0.0,否
ORD2024061004905,2024-06-10,P0143,华东,线上第三方,1,798.69,0.0,否
ORD2024082507295,2024-08-25,P0225,西南,线下直营店,2,1244.93,0.0,否
ORD2024011800515,2024-01-18,P0500,华中,线下经销商,2,752.38,0.19,否
ORD2024013000895,2024-01-30,P0404,西北,企业团购,3,115.0,0.0,否
ORD2024100708602,2024-10-07,P0484,华东,线上第三方,2,261.39,0.0,否
ORD2024010100022,2024-01-01,P0350,华东,线上官网,2,91.66,0.0,否
ORD2024013000900,2024-01-30,P0068,华北,线上第三方,1,5015.38,0.0,否
ORD2024010800208,2024-01-08,P0490,华中,线下直营店,1,1881.44,0.0,否
ORD2024011600459,2024-01-16,P0186,东北,线上官网,5,506.13,0.0,否
ORD2024032002431,2024-03-20,P0299,华东,线上第三方,5,109.6,0.06,否
ORD2024100208443,2024-10-02,P0196,华东,企业团购,1,426.48,0.0,否
ORD2024103109300,2024-10-31,P0371,东北,线下直营店,4,1100.24,0.0,否
ORD2024042103390,2024-04-21,P0221,华中,线下经销商,2,2008.54,0.0,否
ORD2024050803912,2024-05-08,P0336,西南,企业团购,2,191.49,0.26,否
ORD2024062105384,2024-06-21,P0390,西北,企业团购,2,1161.6,0.0,否
ORD2024101808908,2024-10-18,P0351,华北,线上第三方,4,79.92,0.0,否
ORD2024011900553,2024-01-19,P0135,华中,线下经销商,3,2136.95,0.0,否
ORD2024041303145,2024-04-13,P0214,东北,线下经销商,1,1693.51,0.0,否
ORD2024081206918,2024-08-12,P0336,华南,线下经销商,1,193.16,0.0,否
ORD2024030802057,2024-03-08,P0220,西南,企业团购,3,1894.75,0.0,否
ORD2024030401926,2024-03-04,P0363,西北,线下经销商,2,1358.71,0.12,否
ORD2024012200635,2024-01-22,P0043,西南,线下经销商,5,5122.64,0.0,否
ORD2024071506083,2024-07-15,P0397,华中,线下直营店,4,839.94,0.0,否
ORD2024100408509,2024-10-04,P0410,西北,线下经销商,4,853.57,0.0,否
ORD2024120410507,2024-12-04,P0225,华中,线上第三方,2,1270.87,0.19,否
ORD2024121910967,2024-12-19,P0446,西南,线上官网,1,428.31,0.0,否
ORD2024100808620,2024-10-08,P0223,东北,线上官网,3,453.5,0.15,否
ORD2024111109736,2024-11-11,P0111,华中,线上官网,24,141.44,0.0,否
ORD2024010400106,2024-01-04,P0378,东北,线下经销商,1,667.78,0.0,否
ORD2024041003042,2024-04-10,P0458,西北,企业团购,2,129.57,0.0,否
ORD2024022601710,2024-02-26,P0466,东北,线上官网,1,916.67,0.0,否
ORD2024010300090,2024-01-03,P0092,西北,线上官网,5,4299.68,0.0,否
ORD2024081507015,2024-08-15,P0350,东北,线上官网,3,91.3,0.0,否
ORD2024041403175,2024-04-14,P0275,华北,线下经销商,3,42.71,0.0,否
ORD2024013100918,2024-01-31,P0133,东北,线上官网,3,2756.36,0.0,否
ORD2024091207834,2024-09-12,P0453,华南,企业团购,4,68.27,0.0,否
ORD2024080606733,2024-08-06,P0089,西南,企业团购,4,3738.07,0.0,否
ORD2024030401950,2024-03-04,P0111,华南,线上第三方,5,140.0,0.0,否
ORD2024072506369,2024-07-25,P0302,东北,企业团购,4,73.15,0.0,否
ORD2024010100002,2024-01-01,P0435,西南,线下经销商,3,385.39,0.0,否
ORD2024091808033,2024-09-18,P0005,华南,线下直营店,4,4317.69,0.0,否
ORD2024071406048,2024-07-14,P0472,西北,企业团购,1,694.31,0.0,否
ORD2024102509128,2024-10-25,P0322,华东,企业团购,1,92.53,0.09,否
ORD2024120210440,2024-12-02,P0033,东北,线下经销商,1,2057.83,0.0,否
ORD2024033002721,2024-03-30,P0130,华中,线下经销商,3,791.11,0.0,否
ORD2024101308784,2024-10-13,P0240,西南,企业团购,2,1060.34,0.0,否
ORD2024123111316,2024-12-31,P0309,华北,线下经销商,2,195.54,0.0,否
ORD2024041203118,2024-04-12,P0470,东北,企业团购,6,175.38,0.0,是
ORD2024121210731,2024-12-12,P0365,华东,线下直营店,1,1072.6,0.0,否
ORD2024050303763,2024-05-03,P0316,西南,线上第三方,4,48.08,0.0,否
ORD2024010800214,2024-01-08,P0357,华中,线下经销商,5,80.79,0.0,否
ORD2024012700779,2024-01-27,P0044,华北,企业团购,1,1039.14,0.0,否
ORD2024042503497,2024-04-25,P0020,华东,企业团购,2,3561.33,0.0,否
ORD2024111709998,2024-11-17,P0368,华南,企业团购,1,1031.6,0.0,否
ORD2024030702044,2024-03-07,P0221,东北,线上官网,2,2077.64,0.0,否
ORD2024101808921,2024-10-18,P0209,华中,企业团购,1,1167.36,0.0,否
ORD2024062305421,2024-06-23,P0095,西南,线下直营店,1,3684.43,0.0,否
ORD2024071806155,2024-07-18,P0416,华东,线下经销商,2,930.87,0.0,否
ORD2024092908358,2024-09-29,P0114,华中,线上官网,2,2838.41,0.11,是
ORD2024121110711,2024-12-11,P0326,西北,线下经销商,1,157.32,0.0,否
ORD2024100308466,2024-10-03,P0457,西南,线上官网,1,729.18,0.15,否
ORD2024051604168,2024-05-16,P0200,华南,线下直营店,2,2898.25,0.19,是
ORD2024050403789,2024-05-04,P0277,华北,线下经销商,1,109.4,0.0,否
ORD2024100708587,2024-10-07,P0008,西南,线下直营店,1,2756.74,0.0,否
ORD2024012000584,2024-01-20,P0081,华东,线下经销商,1,2529.31,0.0,否
ORD2024122811223,2024-12-28,P0489,华南,线上官网,1,1897.59,0.0,否
ORD2024123111310,2024-12-31,P0045,华南,线下经销商,1,2037.05,0.0,否
ORD2024010400117,2024-01-04,P0430,东北,线下直营店,1,1200.48,0.0,是
ORD2024080306645,2024-08-03,P0179,华北,线上官网,1,254.42,0.05,否
ORD2024112510235,2024-11-25,P0275,西南,线下直营店,4,41.94,0.06,否
ORD2024123011267,2024-12-30,P0238,西南,企业团购,3,601.39,0.19,否
ORD2024122211064,2024-12-22,P0098,华北,线上官网,1,422.51,0.0,否
ORD2024112210154,2024-11-22,P0060,华东,线下经销商,1,988.33,0.0,否
ORD2024101108713,2024-10-11,P0164,西北,线下直营店,2,372.63,0.0,否
ORD2024022701764,2024-02-27,P0398,东北,线上第三方,3,1367.78,0.0,否
ORD2024030201876,2024-03-02,P0244,东北,企业团购,1,2030.97,0.0,否
ORD2024041603225,2024-04-16,P0088,华北,线上第三方,2,3110.21,0.0,否
ORD2024011800527,2024-01-18,P0393,西北,线下直营店,2,1118.82,0.27,否
ORD2024090807726,2024-09-08,P0131,华南,线上第三方,1,2360.73,0.0,否
ORD2024040602947,2024-04-06,P0461,华东,线下直营店,2,146.36,0.0,否
ORD2024052704474,2024-05-27,P0172,华东,线上第三方,4,2089.14,0.0,否
ORD2024070105656,2024-07-01,P0217,西南,线下直营店,5,1079.66,0.0,否
ORD2024101708885,2024-10-17,P0396,华东,企业团购,2,1184.74,0.28,否
ORD2024071406060,2024-07-14,P0229,华南,企业团购,1,220.42,0.28,否
ORD2024020100960,2024-02-01,P0227,华中,线上第三方,4,1075.17,0.0,否
ORD2024072406343,2024-07-24,P0313,西南,线下直营店,5,91.19,0.0,否
ORD2024042903634,2024-04-29,P0164,华中,线上第三方,3,395.15,0.0,否
ORD2024020401051,2024-02-04,P0354,东北,线下经销商,1,80.83,0.0,否
ORD2024101308783,2024-10-13,P0236,西南,线上第三方,1,1774.66,0.24,否
ORD2024101108712,2024-10-11,P0169,东北,线上官网,2,1502.73,0.1,否
ORD2024042103381,2024-04-21,P0456,华北,线上第三方,2,602.97,0.0,否
ORD2024050103677,2024-05-01,P0222,华东,线上第三方,4,358.04,0.0,否
ORD2024070405777,2024-07-04,P0238,东北,线上第三方,5,585.31,0.0,否
ORD2024120310470,2024-12-03,P0068,西北,线下直营店,2,4946.04,0.0,否
ORD2024080106574,2024-08-01,P0223,华南,线上第三方,2,469.55,0.0,否
ORD2024061505180,2024-06-15,P0423,华北,线上官网,10,645.94,0.0,否
ORD2024022301608,2024-02-23,P0169,西北,线下直营店,3,1470.11,0.0,否
ORD2024042803611,2024-04-28,P0213,东北,线下直营店,3,750.98,0.0,否
ORD2024122211054,2024-12-22,P0005,西南,线上官网,2,4225.33,0.0,否
ORD2024080306636,2024-08-03,P0223,华南,线下经销商,2,481.28,0.13,否
ORD2024123111324,2024-12-31,P0162,西南,线上第三方,1,1833.55,0.0,否
ORD2024012700792,2024-01-27,P0240,西南,线下经销商,1,1024.91,0.0,否
ORD2024102008985,2024-10-20,P0118,西北,线上官网,1,3331.87,0.0,否
ORD2024041003057,2024-04-10,P0042,西南,线下经销商,4,3982.9,0.0,否
ORD2024030501981,2024-03-05,P0170,东北,线上第三方,5,1170.61,0.0,否
ORD2024042803599,2024-04-28,P0047,华中,线上第三方,1,1459.59,0.0,否
ORD2024013100934,2024-01-31,P0466,华南,线下经销商,2,970.85,0.0,否
ORD2024082907425,2024-08-29,P0343,华南,线下经销商,1,77.9,0.0,否
ORD2024063005627,2024-06-30,P0431,西南,企业团购,1,532.26,0.0,否
ORD2024022501683,2024-02-25,P0389,西南,线下经销商,1,703.9,0.0,是
ORD2024051704180,2024-05-17,P0011,东北,线上第三方,4,1996.31,0.0,否
ORD2024072706447,2024-07-27,P0451,西北,企业团购,1,379.14,0.2,否
ORD2024051504117,2024-05-15,P0041,华南,线上官网,2,735.32,0.15,否
ORD2024020200989,2024-02-02,P0259,东北,线上官网,2,191.4,0.0,否
ORD2024040502897,2024-04-05,P0365,华南,线下直营店,6,1144.17,0.0,否
ORD2024050403779,2024-05-04,P0498,华北,企业团购,2,1534.59,0.0,否
ORD2024070105659,2024-07-01,P0446,西北,线下直营店,2,399.77,0.0,否
ORD2024041103094,2024-04-11,P0459,华东,企业团购,2,1129.89,0.0,否
ORD2024041303156,2024-04-13,P0356,华北,线下经销商,3,34.43,0.0,否
ORD2024022901824,2024-02-29,P0235,华中,企业团购,3,2631.16,0.0,否
ORD2024121710905,2024-12-17,P0447,东北,线上官网,1,362.68,0.15,否
ORD2024020601099,2024-02-06,P0100,华东,线下经销商,3,2086.15,0.0,否
ORD2024040302845,2024-04-03,P0272,华北,线上官网,3,30.27,0.0,否
ORD2024102409079,2024-10-24,P0355,华东,线上官网,1,13.32,0.0,否
ORD2024041903343,2024-04-19,P0094,华东,企业团购,3,3797.22,0.0,否
ORD2024010200039,2024-01-02,P0438,西北,企业团购,1,1456.41,0.0,否
ORD2024073106541,2024-07-31,P0369,华南,线上官网,3,471.7,0.0,否
ORD2024120710599,2024-12-07,P0080,西南,线上第三方,1,4709.58,0.0,否
ORD2024101108708,2024-10-11,P0378,华北,线上官网,4,627.47,0.0,否
ORD2024042003357,2024-04-20,P0141,西南,线上第三方,2,871.22,0.0,否
ORD2024111109646,2024-11-11,P0085,华东,线上官网,32,2195.71,0.0,否
ORD2024091107814,2024-09-11,P0045,华南,企业团购,1,2003.08,0.0,否
ORD2024102509099,2024-10-25,P0431,华北,企业团购,4,532.32,0.0,否
ORD2024092508221,2024-09-25,P0013,华北,线下经销商,1,3180.82,0.0,否
ORD2024121610858,2024-12-16,P0225,西南,线上官网,4,1218.02,0.0,否
ORD2024032002429,2024-03-20,P0246,华东,线上第三方,3,60.43,0.0,否
ORD2024061505044,2024-06-15,P0488,西南,线上第三方,5,835.33,0.0,否
ORD2024062005347,2024-06-20,P0002,西北,线上官网,4,3367.62,0.0,否
ORD2024102008955,2024-10-20,P0013,西北,企业团购,2,3004.9,0.0,否
ORD2024060704812,2024-06-07,P0443,西南,企业团购,1,824.02,0.0,否
ORD2024100308477,2024-10-03,P0086,东北,线下直营店,2,2612.19,0.0,否
ORD2024012400687,2024-01-24,P0279,华东,线下直营店,2,153.39,0.0,否
ORD2024060704800,2024-06-07,P0272,西北,企业团购,4,28.91,0.0,否
ORD2024082907438,2024-08-29,P0119,西北,线上第三方,2,4723.94,0.0,否
ORD2024031802354,2024-03-18,P0088,华北,企业团购,1,3158.47,0.15,否
ORD2024072406354,2024-07-24,P0179,华东,线下经销商,3,231.12,0.0,否
ORD2024053004570,2024-05-30,P0080,华北,线上官网,5,4815.37,0.0,否
ORD2024092508214,2024-09-25,P0480,华南,线下经销商,1,296.11,0.0,否
ORD2024033102753,2024-03-31,P0405,华东,线上第三方,2,1141.54,0.0,否
ORD2024102409078,2024-10-24,P0124,华东,线下直营店,3,943.75,0.0,否
ORD2024092008074,2024-09-20,P0460,华东,企业团购,3,528.2,0.0,否
ORD2024102509110,2024-10-25,P0299,西北,线上官网,4,117.87,0.0,否
ORD2024020401041,2024-02-04,P0194,华北,线下经销商,1,1909.67,0.23,否
ORD2024083107492,2024-08-31,P0361,西南,企业团购,1,1041.89,0.0,否
ORD2024021101266,2024-02-11,P0442,华东,企业团购,1,978.06,0.0,否
ORD2024120410501,2024-12-04,P0179,华南,线上第三方,4,237.96,0.0,否
ORD2024081707060,2024-08-17,P0462,华中,线下经销商,1,431.4,0.13,否
ORD2024011000278,2024-01-10,P0086,华南,线上第三方,4,2619.28,0.0,否
ORD2024061505085,2024-06-15,P0301,华南,线下直营店,5,152.89,0.0,否
ORD2024110509438,2024-11-05,P0305,华南,线上官网,3,68.85,0.07,否
ORD2024031902383,2024-03-19,P0040,东北,线下经销商,5,1716.05,0.0,否
ORD2024012000572,2024-01-20,P0352,华南,线上第三方,1,97.3,0.0,否
ORD2024021701436,2024-02-17,P0451,西南,线下直营店,1,384.49,0.0,否
ORD2024110509440,2024-11-05,P0090,西北,线上第三方,2,76.1,0.0,否
ORD2024062005353,2024-06-20,P0153,西北,线下经销商,2,1710.58,0.0,否
ORD2024062405446,2024-06-24,P0191,东北,线下直营店,1,1476.63,0.0,否
ORD2024020301008,2024-02-03,P0473,华南,线上第三方,1,1767.35,0.0,是
ORD2024052904544,2024-05-29,P0268,东北,线上官网,4,74.55,0.0,否
ORD2024111709997,2024-11-17,P0247,西南,企业团购,2,81.29,0.0,否
ORD2024030802065,2024-03-08,P0320,华北,线下经销商,5,114.08,0.0,否
ORD2024020701137,2024-02-07,P0265,华南,线上官网,2,94.61,0.19,否
ORD2024062005344,2024-06-20,P0292,西北,线上第三方,4,156.28,0.0,否
ORD2024011100295,2024-01-11,P0128,华南,线下直营店,1,2060.63,0.0,否
ORD2024111109740,2024-11-11,P0062,华东,线下经销商,32,692.42,0.0,否
ORD2024101308781,2024-10-13,P0145,西北,线下经销商,2,2100.06,0.0,否
ORD2024031902404,2024-03-19,P0289,西北,企业团购,4,82.61,0.0,否
ORD2024051103999,2024-05-11,P0491,华南,线上第三方,3,979.27,0.23,否
ORD2024120610571,2024-12-06,P0353,华北,企业团购,2,28.52,0.0,否
ORD2024050303742,2024-05-03,P0235,华东,线下经销商,4,2638.29,0.0,否
ORD2024120210453,2024-12-02,P0478,华北,线上官网,1,1126.04,0.0,否
ORD2024033002720,2024-03-30,P0129,西北,线下经销商,1,1105.93,0.2,否
ORD2024120110428,2024-12-01,P0302,华东,线上第三方,1,78.34,0.0,否
ORD2024061505151,2024-06-15,P0270,华北,企业团购,5,135.82,0.0,否
ORD2024040202809,2024-04-02,P0055,华南,企业团购,2,692.58,0.0,否
ORD2024102209018,2024-10-22,P0497,华中,线上第三方,4,483.42,0.18,否
ORD2024011900557,2024-01-19,P0365,华东,线下直营店,5,1126.64,0.1,否
ORD2024112010116,2024-11-20,P0348,华南,线下直营店,1,43.75,0.24,否
ORD2024060604796,2024-06-06,P0472,西北,线下经销商,3,732.91,0.0,否
ORD2024032102470,2024-03-21,P0174,华北,线下直营店,2,1893.95,0.18,否
ORD2024050203739,2024-05-02,P0438,西北,线上第三方,4,1351.58,0.0,否
ORD2024052104287,2024-05-21,P0445,西南,线上官网,4,821.64,0.0,否
ORD2024032602605,2024-03-26,P0116,华南,线上官网,4,3428.72,0.0,否
ORD2024011300363,2024-01-13,P0429,华北,线上第三方,1,1022.4,0.0,否
ORD2024081206925,2024-08-12,P0336,华北,线下经销商,1,182.29,0.0,否
ORD2024022501705,2024-02-25,P0246,西北,线下直营店,1,62.81,0.0,否
ORD2024031002140,2024-03-10,P0262,华东,线上第三方,1,181.66,0.0,否
ORD2024041603240,2024-04-16,P0256,华南,线下经销商,1,43.64,0.0,否
ORD2024031902384,2024-03-19,P0102,华中,线下经销商,4,4419.32,0.0,否
ORD2024082507315,2024-08-25,P0195,华东,企业团购,2,397.44,0.0,否
ORD2024052204312,2024-05-22,P0270,华南,线上官网,1,144.44,0.0,否
ORD2024110609478,2024-11-06,P0309,西北,线下直营店,3,192.88,0.0,否
ORD2024021301313,2024-02-13,P0188,华中,企业团购,3,1156.03,0.0,否
ORD2024050903931,2024-05-09,P0019,华中,线上第三方,1,2167.9,0.23,否
ORD2024071806184,2024-07-18,P0127,华中,线下直营店,3,3310.32,0.0,是
ORD2024022201592,2024-02-22,P0329,华北,线下直营店,1,142.23,0.27,否
ORD2024120910641,2024-12-09,P0082,华中,线下经销商,2,703.12,0.0,否
ORD2024031102163,2024-03-11,P0429,西南,线上第三方,5,1079.82,0.0,否
ORD2024031902397,2024-03-19,P0363,西南,线上第三方,3,1345.15,0.28,否
ORD2024011100318,2024-01-11,P0409,华中,线上官网,4,1351.29,0.0,是
ORD2024110709517,2024-11-07,P0131,华南,线上官网,1,2385.68,0.0,否
ORD2024061705234,2024-06-17,P0334,东北,线下直营店,2,57.27,0.0,否
ORD2024061505069,2024-06-15,P0240,华北,线上第三方,15,1083.27,0.0,否
ORD2024051204037,2024-05-12,P0316,西南,线下经销商,2,48.41,0.14,否
ORD2024102108988,2024-10-21,P0126,东北,线下经销商,3,475.9,0.0,否
ORD2024040903021,2024-04-09,P0415,华南,线下直营店,3,1243.15,0.0,否
ORD2024092508229,2024-09-25,P0157,东北,线上第三方,1,1713.88,0.16,否
ORD2024102509106,2024-10-25,P0023,华中,企业团购,1,3869.32,0.0,否
ORD2024061905296,2024-06-19,P0187,华北,线上官网,1,2875.91,0.13,否
ORD2024051003973,2024-05-10,P0331,华南,线上官网,1,40.94,0.0,否
ORD2024062105371,2024-06-21,P0196,西南,线下直营店,5,446.87,0.22,否
ORD2024051504134,2024-05-15,P0477,华南,线下直营店,3,1994.86,0.0,否
ORD2024020100975,2024-02-01,P0053,华南,企业团购,2,3362.6,0.0,否
ORD2024082507292,2024-08-25,P0347,华东,线下直营店,1,177.03,0.22,否
ORD2024102709176,2024-10-27,P0129,华中,线下直营店,1,1057.06,0.0,是
ORD2024020100955,2024-02-01,P0335,华中,线上官网,4,35.46,0.0,否
ORD2024111009611,2024-11-10,P0040,东北,线上官网,1,1765.54,0.0,否
ORD2024111109753,2024-11-11,P0472,华中,线上官网,32,737.37,0.0,否
ORD2024110909548,2024-11-09,P0143,华南,线下经销商,1,831.42,0.0,否
ORD2024120510548,2024-12-05,P0089,华南,线下直营店,2,3708.18,0.0,否
ORD2024061405017,2024-06-14,P0171,西南,线上第三方,5,1161.67,0.0,否
ORD2024122111025,2024-12-21,P0119,西北,企业团购,2,5125.67,0.0,否
ORD2024102709180,2024-10-27,P0046,华北,线上官网,2,5011.83,0.0,否
ORD2024083107491,2024-08-31,P0216,华南,线下经销商,2,1538.78,0.0,否
ORD2024022401641,2024-02-24,P0130,华东,线下经销商,1,802.04,0.0,否
ORD2024021201291,2024-02-12,P0481,华东,线下经销商,4,1602.37,0.0,是
ORD2024021501381,2024-02-15,P0107,华中,线下直营店,5,1336.45,0.0,否
ORD2024030401934,2024-03-04,P0078,西北,企业团购,5,2370.93,0.11,否
ORD2024060304676,2024-06-03,P0429,华南,企业团购,4,1030.74,0.0,否
ORD2024013000893,2024-01-30,P0354,西北,线下经销商,4,80.55,0.0,否
ORD2024082407288,2024-08-24,P0020,西南,线下直营店,2,3754.6,0.0,否
ORD2024060904877,2024-06-09,P0222,华南,线下经销商,1,333.24,0.0,否
ORD2024091407907,2024-09-14,P0322,东北,线下经销商,2,96.47,0.0,否
ORD2024092408195,2024-09-24,P0316,西南,线上第三方,1,51.36,0.16,否
ORD2024120810633,2024-12-08,P0372,西南,线下经销商,1,1287.27,0.0,否
ORD2024102309042,2024-10-23,P0239,西南,线下直营店,3,1878.53,0.0,是
ORD2024032102467,2024-03-21,P0457,华南,线上第三方,4,698.26,0.28,否
ORD2024090607658,2024-09-06,P0415,西南,企业团购,1,1299.96,0.17,是
ORD2024111109789,2024-11-11,P0421,华北,线上第三方,8,297.99,0.0,否
ORD2024030301914,2024-03-03,P0500,西南,企业团购,2,784.25,0.0,否
ORD2024033102737,2024-03-31,P0307,华东,线上官网,2,70.69,0.0,否
ORD2024012500727,2024-01-25,P0146,东北,线上官网,2,849.32,0.0,否
ORD2024082207215,2024-08-22,P0346,华北,企业团购,1,145.37,0.15,否
ORD2024092608246,2024-09-26,P0080,华东,线上官网,1,4718.51,0.0,否
ORD2024022801797,2024-02-28,P0102,华北,线上官网,2,4096.83,0.0,否
ORD2024050603846,2024-05-06,P0259,西北,线上官网,2,198.93,0.0,否
ORD2024072606403,2024-07-26,P0411,华南,线下直营店,3,252.23,0.0,否
ORD2024013100937,2024-01-31,P0210,西北,企业团购,1,1099.78,0.0,否
ORD2024031402266,2024-03-14,P0091,东北,线下直营店,5,949.32,0.0,否
ORD2024012800825,2024-01-28,P0257,西南,线下经销商,2,191.97,0.0,否
ORD2024082407275,2024-08-24,P0115,华北,线上官网,1,3800.45,0.0,否
ORD2024021501390,2024-02-15,P0266,华东,线上官网,3,39.84,0.0,否
ORD2024042703565,2024-04-27,P0326,西北,线上第三方,2,154.74,0.0,否
ORD2024102409077,2024-10-24,P0159,华南,线上官网,3,1417.95,0.14,否
ORD2024062305430,2024-06-23,P0259,华北,企业团购,2,184.4,0.0,否
ORD2024091207828,2024-09-12,P0212,西南,线下直营店,4,662.93,0.0,否
ORD2024070205691,2024-07-02,P0361,东北,线下直营店,5,1038.91,0.0,否
ORD2024091307879,2024-09-13,P0124,东北,线下直营店,1,944.25,0.0,否
ORD2024030201869,2024-03-02,P0186,西北,线上第三方,1,477.07,0.0,否
ORD2024092408203,2024-09-24,P0394,华东,线上第三方,3,1488.57,0.0,否
ORD2024083107487,2024-08-31,P0187,东北,线下经销商,2,2879.34,0.0,否
ORD2024111109656,2024-11-11,P0183,西南,线上第三方,24,551.29,0.0,否
ORD2024012700807,2024-01-27,P0360,华中,线下经销商,1,872.39,0.0,否
ORD2024060704806,2024-06-07,P0375,华北,线下直营店,1,230.37,0.0,否
ORD2024111710007,2024-11-17,P0114,华北,企业团购,1,2982.8,0.15,否
ORD2024112910371,2024-11-29,P0107,西南,线下直营店,1,1377.98,0.0,否
ORD2024102609156,2024-10-26,P0131,西南,线上官网,1,2264.56,0.23,否
ORD2024090107512,2024-09-01,P0126,华南,线下直营店,1,487.46,0.0,否
ORD2024091908057,2024-09-19,P0260,华南,线上第三方,1,60.18,0.0,否
ORD2024052704495,2024-05-27,P0394,华北,企业团购,5,1476.26,0.0,否
ORD2024032702633,2024-03-27,P0409,西北,线下直营店,4,1315.03,0.06,否
ORD2024112010089,2024-11-20,P0337,华北,线下经销商,3,10.86,0.0,否
ORD2024101708897,2024-10-17,P0220,华南,线上第三方,3,1841.79,0.06,否
ORD2024100808624,2024-10-08,P0158,东北,企业团购,1,2461.84,0.07,否
ORD2024091207833,2024-09-12,P0108,华中,线下经销商,3,1433.8,0.13,否
ORD2024052404389,2024-05-24,P0093,东北,线下经销商,2,5003.38,0.0,否
ORD2024010500146,2024-01-05,P0159,华东,线上官网,5,1395.35,0.0,否
ORD2024072806468,2024-07-28,P0022,华中,线下经销商,1,4589.16,0.0,否
ORD2024030702034,2024-03-07,P0186,西北,线下直营店,5,477.8,0.0,否
ORD2024112810341,2024-11-28,P0406,东北,线上第三方,1,1460.9,0.0,否
ORD2024020801166,2024-02-08,P0328,西南,线下经销商,4,18.06,0.0,否
ORD2024030802051,2024-03-08,P0449,东北,企业团购,3,943.71,0.0,否
ORD2024050303761,2024-05-03,P0042,华北,线上第三方,2,4274.09,0.0,否
ORD2024052604436,2024-05-26,P0212,西南,线上第三方,1,713.06,0.0,否
ORD2024042203431,2024-04-22,P0348,西北,线下经销商,4,45.29,0.0,否
ORD2024092408191,2024-09-24,P0090,东北,企业团购,1,76.63,0.0,否
ORD2024111409928,2024-11-14,P0401,华中,线下经销商,1,699.75,0.0,否
ORD2024081707070,2024-08-17,P0447,华东,线下直营店,1,384.32,0.0,否
ORD2024052304362,2024-05-23,P0005,西北,线下直营店,3,4121.43,0.0,否
ORD2024110609455,2024-11-06,P0436,西南,线上官网,3,1212.46,0.0,否
ORD2024022801772,2024-02-28,P0234,华北,企业团购,3,1691.97,0.0,否
ORD2024042503512,2024-04-25,P0454,华东,线上第三方,4,1131.26,0.12,否
ORD2024011000272,2024-01-10,P0359,西南,线下经销商,5,1057.87,0.0,否
ORD2024100208437,2024-10-02,P0385,西北,企业团购,4,718.94,0.0,否
ORD2024030702033,2024-03-07,P0142,华南,线下经销商,4,1861.05,0.0,否
ORD2024102109006,2024-10-21,P0229,华北,企业团购,2,229.07,0.18,否
ORD2024121910952,2024-12-19,P0134,华南,线上官网,1,67.31,0.19,否
ORD2024050503811,2024-05-05,P0120,东北,线上官网,2,895.63,0.0,否
ORD2024052304347,2024-05-23,P0102,华北,线下直营店,2,4345.52,0.0,否
ORD2024011900546,2024-01-19,P0100,西北,线上第三方,4,2232.66,0.0,否
ORD2024041603242,2024-04-16,P0208,华中,线下直营店,1,2031.94,0.0,否
ORD2024101908931,2024-10-19,P0349,华北,线下经销商,1,162.6,0.0,否
ORD2024100408503,2024-10-04,P0375,西北,企业团购,1,229.32,0.18,否
ORD2024110109324,2024-11-01,P0329,东北,企业团购,4,148.23,0.0,否
ORD2024122811230,2024-12-28,P0075,华中,线上官网,1,5064.41,0.0,否
ORD2024090307565,2024-09-03,P0100,西南,线上第三方,4,2231.56,0.0,否
ORD2024013100921,2024-01-31,P0347,华北,线上官网,2,175.31,0.0,否
ORD2024112810331,2024-11-28,P0343,华中,线上官网,4,79.42,0.0,否
ORD2024080306641,2024-08-03,P0032,华中,线下经销商,1,3478.07,0.0,否
ORD2024090707695,2024-09-07,P0394,华南,线上第三方,2,1405.51,0.0,否
ORD2024092508231,2024-09-25,P0078,东北,线上官网,1,2184.7,0.0,否
ORD2024081907127,2024-08-19,P0326,西南,线上官网,1,155.55,0.0,是
ORD2024052004279,2024-05-20,P0309,西南,企业团购,1,188.82,0.0,否
ORD2024040802984,2024-04-08,P0251,西北,线上官网,2,93.56,0.0,否
ORD2024010500131,2024-01-05,P0003,西南,企业团购,1,493.46,0.0,否
ORD2024091707981,2024-09-17,P0127,西北,线下经销商,3,3291.68,0.0,否
ORD2024032802668,2024-03-28,P0003,西北,线上官网,5,539.3,0.0,否
ORD2024081907139,2024-08-19,P0291,东北,企业团购,3,34.35,0.0,否
ORD2024041603224,2024-04-16,P0003,东北,线上第三方,6,535.07,0.12,否
ORD2024110309375,2024-11-03,P0129,东北,线下直营店,1,1026.09,0.0,否
ORD2024090707694,2024-09-07,P0430,华东,线下经销商,1,1185.4,0.06,是
ORD2024062205393,2024-06-22,P0307,东北,线下直营店,1,69.59,0.0,否
ORD2024012100615,2024-01-21,P0242,华中,线上第三方,1,864.03,0.0,否
ORD2024122811214,2024-12-28,P0342,华北,企业团购,2,67.43,0.1,否
ORD2024021801467,2024-02-18,P0366,华南,线上官网,2,936.96,0.0,否
ORD2024052704498,2024-05-27,P0099,华东,线下直营店,5,2037.15,0.0,否
ORD2024041003043,2024-04-10,P0194,华中,线下直营店,4,1980.04,0.0,否
ORD2024102509127,2024-10-25,P0035,东北,线上第三方,4,3410.22,0.0,否
ORD2024032002420,2024-03-20,P0486,西北,线下直营店,3,680.91,0.0,否
ORD2024061505086,2024-06-15,P0317,华东,线上第三方,5,34.33,0.0,否
ORD2024041803295,2024-04-18,P0167,西北,企业团购,3,882.82,0.0,否
ORD2024080606738,2024-08-06,P0313,东北,线下直营店,3,94.29,0.0,否
ORD2024021901501,2024-02-19,P0309,华北,线上官网,3,193.5,0.0,否
ORD2024102209019,2024-10-22,P0476,华中,线上官网,2,1575.1,0.0,否
ORD2024022001522,2024-02-20,P0397,西南,企业团购,4,839.85,0.0,否
ORD2024112810330,2024-11-28,P0323,西北,线上官网,1,200.91,0.0,否
ORD2024051904233,2024-05-19,P0039,华中,线下经销商,2,313.99,0.18,否
ORD2024090707687,2024-09-07,P0128,华北,线上官网,2,2006.18,0.0,否
ORD2024101408821,2024-10-14,P0427,西北,线上第三方,2,704.83,0.0,否
ORD2024052504431,2024-05-25,P0094,东北,线上第三方,1,3766.95,0.0,否
ORD2024011400391,2024-01-14,P0162,华南,企业团购,1,1769.08,0.0,否
ORD2024122611166,2024-12-26,P0105,西北,线下直营店,2,4727.34,0.0,否
ORD2024081907125,2024-08-19,P0405,东北,线下直营店,2,1155.29,0.0,否
ORD2024070905914,2024-07-09,P0049,东北,线下直营店,1,4563.57,0.0,否
ORD2024100708593,2024-10-07,P0448,西北,线上官网,3,1127.82,0.0,否
ORD2024060704807,2024-06-07,P0373,华中,线下直营店,4,1501.84,0.0,否
ORD2024112510259,2024-11-25,P0043,华北,企业团购,4,4944.77,0.3,否
ORD2024092508239,2024-09-25,P0278,华中,线上第三方,1,157.11,0.0,否
ORD2024091908045,2024-09-19,P0016,华东,线下经销商,2,385.92,0.0,否
ORD2024122311080,2024-12-23,P0006,华南,线下直营店,2,781.01,0.0,否
ORD2024051103994,2024-05-11,P0035,华中,线下直营店,3,3419.91,0.0,否
ORD2024121510824,2024-12-15,P0447,华北,线上第三方,1,379.3,0.0,否
ORD2024080206610,2024-08-02,P0332,华南,线下经销商,1,106.46,0.0,否
ORD2024062005320,2024-06-20,P0026,华中,线上官网,2,3060.48,0.0,否
ORD2024122511144,2024-12-25,P0013,华北,线上第三方,3,2995.15,0.0,否
ORD2024081907120,2024-08-19,P0204,华中,线下直营店,1,220.31,0.0,否
ORD2024032002422,2024-03-20,P0182,华北,企业团购,2,1175.85,0.0,否
ORD2024062905605,2024-06-29,P0033,西北,线上官网,3,2080.06,0.0,否
ORD2024022701751,2024-02-27,P0268,西北,线下经销商,4,70.94,0.07,否
ORD2024112410216,2024-11-24,P0495,东北,企业团购,1,1283.29,0.0,否
ORD2024122111011,2024-12-21,P0449,华东,线上官网,1,940.7,0.0,否
ORD2024011200339,2024-01-12,P0430,西北,企业团购,5,1186.37,0.24,否
ORD2024100108408,2024-10-01,P0130,西南,线下直营店,2,815.2,0.0,否
ORD2024021401342,2024-02-14,P0463,东北,线下直营店,2,461.55,0.0,否
ORD2024121410816,2024-12-14,P0221,华南,线上第三方,2,1956.58,0.0,否
ORD2024091707983,2024-09-17,P0027,华北,企业团购,1,3877.35,0.18,否
ORD2024042903641,2024-04-29,P0235,东北,线上官网,6,2559.92,0.0,否
ORD2024011200330,2024-01-12,P0119,华南,线下直营店,5,4903.83,0.05,否
ORD2024111710011,2024-11-17,P0040,西南,线下经销商,1,1764.01,0.0,否
ORD2024040803005,2024-04-08,P0040,华东,线上官网,1,1657.34,0.0,否
ORD2024081406961,2024-08-14,P0321,华东,线下经销商,1,136.03,0.0,否
ORD2024051404091,2024-05-14,P0254,华东,企业团购,4,27.99,0.0,否
ORD2024111109829,2024-11-11,P0337,华南,线下直营店,16,11.01,0.0,否
ORD2024031702323,2024-03-17,P0303,西北,线上第三方,1,147.49,0.0,否
ORD2024080406668,2024-08-04,P0375,华南,企业团购,1,232.0,0.14,否
ORD2024081507010,2024-08-15,P0068,东北,企业团购,1,5097.66,0.0,否
ORD2024051704198,2024-05-17,P0248,华中,线上官网,2,18.77,0.0,否
ORD2024042603550,2024-04-26,P0076,华东,企业团购,3,3058.7,0.23,否
ORD2024111109651,2024-11-11,P0277,华东,线上官网,8,106.61,0.0,否
