ticket_id,created_at,resolved_at,department,priority,status,issue_type,reporter,assignee,title,description,duration_minutes,satisfaction_score
TKT202401010000,2024-11-23 00:00:00,,运维部,高,处理中,性能问题,user_1095,agent_2004,工单标题1,这是工单1的详细描述内容,,5.0
TKT202401010001,2024-02-14 00:00:00,,客服部,高,处理中,需求变更,user_1078,agent_2001,工单标题2,这是工单2的详细描述内容,,5.0
TKT202401010002,2024-08-02 00:00:00,2024-08-03 04:00:00,运维部,紧急,处理中,建议,user_1044,agent_2009,工单标题3,这是工单3的详细描述内容,1680.0,
TKT202401010003,2024-06-21 00:00:00,,客服部,中,已解决,其他,user_1034,agent_2002,工单标题4,这是工单4的详细描述内容,,5.0
TKT202401010004,2024-03-04 00:00:00,,运维部,中,待回访,数据错误,user_1091,agent_2003,工单标题5,这是工单5的详细描述内容,,
TKT202401010005,2024-04-26 00:00:00,2024-04-27 13:00:00,技术部,紧急,已关闭,权限问题,user_1059,agent_2012,工单标题6,这是工单6的详细描述内容,2220.0,
TKT202401010006,2024-06-30 00:00:00,2024-07-01 02:00:00,市场部,紧急,待回访,性能问题,user_1069,agent_2008,工单标题7,这是工单7的详细描述内容,1560.0,
TKT202401010007,2024-07-13 00:00:00,2024-07-14 10:00:00,市场部,高,已解决,系统故障,user_1030,agent_2002,工单标题8,这是工单8的详细描述内容,2040.0,4.0
TKT202401010008,2024-05-17 00:00:00,,人力资源,中,处理中,投诉,user_1051,agent_2015,工单标题9,这是工单9的详细描述内容,,
TKT202401010009,2024-03-12 00:00:00,2024-03-13 07:00:00,人力资源,中,待回访,建议,user_1075,agent_2013,工单标题10,这是工单10的详细描述内容,1860.0,
TKT202401010010,2024-03-11 00:00:00,2024-03-13 17:00:00,客服部,紧急,处理中,性能问题,user_1088,agent_2014,工单标题11,这是工单11的详细描述内容,3900.0,4.0
TKT202401010011,2024-07-14 00:00:00,2024-07-16 11:00:00,人力资源,紧急,待处理,需求变更,user_1097,agent_2009,工单标题12,这是工单12的详细描述内容,3540.0,3.0
TKT202401010012,2024-02-27 00:00:00,2024-02-28 13:00:00,财务部,紧急,已解决,需求变更,user_1098,agent_2006,工单标题13,这是工单13的详细描述内容,2220.0,1.0
TKT202401010013,2024-11-16 00:00:00,2024-11-17 14:00:00,人力资源,高,处理中,咨询,user_1098,agent_2006,工单标题14,这是工单14的详细描述内容,2280.0,5.0
TKT202401010014,2024-01-01 00:00:00,2024-01-02 17:00:00,客服部,中,已解决,数据错误,user_1008,agent_2008,工单标题15,这是工单15的详细描述内容,2460.0,1.0
TKT202401010015,2024-02-13 00:00:00,2024-02-15 14:00:00,人力资源,高,处理中,投诉,user_1071,agent_2006,工单标题16,这是工单16的详细描述内容,3720.0,
TKT202401010016,2024-11-06 00:00:00,2024-11-08 06:00:00,人力资源,高,已解决,建议,user_1086,agent_2012,工单标题17,这是工单17的详细描述内容,3240.0,5.0
TKT202401010017,2024-08-19 00:00:00,,客服部,中,待处理,其他,user_1071,agent_2008,工单标题18,这是工单18的详细描述内容,,1.0
TKT202401010018,2024-02-06 00:00:00,,客服部,中,待处理,需求变更,user_1031,agent_2009,工单标题19,这是工单19的详细描述内容,,2.0
TKT202401010019,2024-10-03 00:00:00,2024-10-03 16:00:00,人力资源,低,处理中,投诉,user_1053,agent_2007,工单标题20,这是工单20的详细描述内容,960.0,
TKT202401010020,2024-12-03 00:00:00,2024-12-05 07:00:00,财务部,低,待处理,功能异常,user_1008,agent_2013,工单标题21,这是工单21的详细描述内容,3300.0,1.0
TKT202401010021,2024-05-07 00:00:00,,财务部,高,已关闭,性能问题,user_1036,agent_2015,工单标题22,这是工单22的详细描述内容,,
TKT202401010022,2024-02-08 00:00:00,2024-02-10 08:00:00,人力资源,紧急,待处理,需求变更,user_1002,agent_2003,工单标题23,这是工单23的详细描述内容,3360.0,2.0
TKT202401010023,2024-03-26 00:00:00,2024-03-28 04:00:00,技术部,低,待处理,性能问题,user_1049,agent_2001,工单标题24,这是工单24的详细描述内容,3120.0,3.0
TKT202401010024,2024-08-20 00:00:00,2024-08-21 12:00:00,市场部,低,处理中,数据错误,user_1038,agent_2007,工单标题25,这是工单25的详细描述内容,2160.0,5.0
TKT202401010025,2024-10-04 00:00:00,2024-10-04 07:00:00,客服部,紧急,待回访,投诉,user_1065,agent_2017,工单标题26,这是工单26的详细描述内容,420.0,
TKT202401010026,2024-09-17 00:00:00,2024-09-17 10:00:00,客服部,紧急,处理中,建议,user_1016,agent_2019,工单标题27,这是工单27的详细描述内容,600.0,
TKT202401010027,2024-10-31 00:00:00,2024-10-31 05:00:00,财务部,中,已解决,数据错误,user_1086,agent_2011,工单标题28,这是工单28的详细描述内容,300.0,
TKT202401010028,2024-07-21 00:00:00,2024-07-21 16:00:00,运维部,低,已解决,功能异常,user_1002,agent_2015,工单标题29,这是工单29的详细描述内容,960.0,5.0
TKT202401010029,2024-02-21 00:00:00,2024-02-21 09:00:00,人力资源,中,处理中,咨询,user_1009,agent_2008,工单标题30,这是工单30的详细描述内容,540.0,
TKT202401010030,2024-03-21 00:00:00,2024-03-23 08:00:00,市场部,中,待回访,需求变更,user_1002,agent_2018,工单标题31,这是工单31的详细描述内容,3360.0,
TKT202401010031,2024-12-05 00:00:00,2024-12-05 13:00:00,技术部,中,待处理,功能异常,user_1096,agent_2018,工单标题32,这是工单32的详细描述内容,780.0,
TKT202401010032,2024-05-24 00:00:00,2024-05-25 02:00:00,技术部,中,待回访,投诉,user_1033,agent_2002,工单标题33,这是工单33的详细描述内容,1560.0,
TKT202401010033,2024-08-04 00:00:00,,运维部,高,已解决,性能问题,user_1095,agent_2015,工单标题34,这是工单34的详细描述内容,,4.0
TKT202401010034,2024-10-14 00:00:00,,市场部,高,待回访,系统故障,user_1048,agent_2019,工单标题35,这是工单35的详细描述内容,,4.0
TKT202401010035,2024-03-06 00:00:00,2024-03-06 05:00:00,客服部,中,处理中,数据错误,user_1086,agent_2004,工单标题36,这是工单36的详细描述内容,300.0,
TKT202401010036,2024-10-13 00:00:00,2024-10-15 04:00:00,市场部,高,处理中,性能问题,user_1023,agent_2014,工单标题37,这是工单37的详细描述内容,3120.0,
TKT202401010037,2024-06-19 00:00:00,2024-06-21 04:00:00,市场部,高,已解决,性能问题,user_1090,agent_2004,工单标题38,这是工单38的详细描述内容,3120.0,
TKT202401010038,2024-01-20 00:00:00,,财务部,中,已解决,数据错误,user_1029,agent_2001,工单标题39,这是工单39的详细描述内容,,4.0
TKT202401010039,2024-06-17 00:00:00,2024-06-18 11:00:00,运维部,中,待回访,建议,user_1087,agent_2018,工单标题40,这是工单40的详细描述内容,2100.0,
TKT202401010040,2024-01-15 00:00:00,2024-01-15 14:00:00,运维部,高,待回访,权限问题,user_1005,agent_2004,工单标题41,这是工单41的详细描述内容,840.0,3.0
TKT202401010041,2024-06-09 00:00:00,2024-06-11 07:00:00,人力资源,紧急,已关闭,其他,user_1025,agent_2009,工单标题42,这是工单42的详细描述内容,3300.0,
TKT202401010042,2024-08-11 00:00:00,2024-08-11 00:00:00,人力资源,高,已解决,建议,user_1009,agent_2011,工单标题43,这是工单43的详细描述内容,0.0,1.0
TKT202401010043,2024-06-02 00:00:00,2024-06-04 16:00:00,财务部,中,已关闭,权限问题,user_1071,agent_2005,工单标题44,这是工单44的详细描述内容,3840.0,
TKT202401010044,2024-12-06 00:00:00,2024-12-08 00:00:00,技术部,中,已关闭,需求变更,user_1001,agent_2010,工单标题45,这是工单45的详细描述内容,2880.0,
TKT202401010045,2024-08-08 00:00:00,2024-08-09 17:00:00,财务部,高,待回访,投诉,user_1095,agent_2006,工单标题46,这是工单46的详细描述内容,2460.0,3.0
TKT202401010046,2024-09-20 00:00:00,,技术部,中,处理中,数据错误,user_1019,agent_2001,工单标题47,这是工单47的详细描述内容,,
TKT202401010047,2024-08-31 00:00:00,2024-08-31 09:00:00,市场部,高,已关闭,投诉,user_1052,agent_2008,工单标题48,这是工单48的详细描述内容,540.0,
TKT202401010048,2024-12-18 00:00:00,2024-12-18 00:00:00,客服部,低,处理中,性能问题,user_1090,agent_2017,工单标题49,这是工单49的详细描述内容,0.0,5.0
TKT202401010049,2024-05-07 00:00:00,2024-05-07 15:00:00,财务部,中,已关闭,其他,user_1093,agent_2017,工单标题50,这是工单50的详细描述内容,900.0,5.0
TKT202401010050,2024-08-16 00:00:00,2024-08-16 20:00:00,财务部,低,已解决,数据错误,user_1082,agent_2009,工单标题51,这是工单51的详细描述内容,1200.0,5.0
TKT202401010051,2024-09-05 00:00:00,,客服部,中,处理中,权限问题,user_1043,agent_2011,工单标题52,这是工单52的详细描述内容,,1.0
TKT202401010052,2024-03-11 00:00:00,,市场部,高,处理中,功能异常,user_1054,agent_2014,工单标题53,这是工单53的详细描述内容,,
TKT202401010053,2024-08-26 00:00:00,,财务部,低,待回访,系统故障,user_1098,agent_2019,工单标题54,这是工单54的详细描述内容,,
TKT202401010054,2024-01-04 00:00:00,,财务部,低,待回访,需求变更,user_1078,agent_2008,工单标题55,这是工单55的详细描述内容,,3.0
TKT202401010055,2024-08-11 00:00:00,,运维部,低,处理中,投诉,user_1017,agent_2020,工单标题56,这是工单56的详细描述内容,,4.0
TKT202401010056,2024-10-30 00:00:00,2024-11-02 00:00:00,客服部,低,处理中,投诉,user_1024,agent_2002,工单标题57,这是工单57的详细描述内容,4320.0,
TKT202401010057,2024-06-16 00:00:00,2024-06-17 03:00:00,运维部,低,已解决,建议,user_1033,agent_2003,工单标题58,这是工单58的详细描述内容,1620.0,5.0
TKT202401010058,2024-01-27 00:00:00,,客服部,紧急,待处理,数据错误,user_1026,agent_2001,工单标题59,这是工单59的详细描述内容,,2.0
TKT202401010059,2024-03-05 00:00:00,2024-03-07 12:00:00,人力资源,高,已关闭,权限问题,user_1099,agent_2012,工单标题60,这是工单60的详细描述内容,3600.0,
TKT202401010060,2024-11-06 00:00:00,2024-11-06 14:00:00,技术部,中,待处理,其他,user_1004,agent_2010,工单标题61,这是工单61的详细描述内容,840.0,4.0
TKT202401010061,2024-07-22 00:00:00,,市场部,高,待处理,权限问题,user_1088,agent_2020,工单标题62,这是工单62的详细描述内容,,5.0
TKT202401010062,2024-01-22 00:00:00,2024-01-23 20:00:00,市场部,中,待处理,需求变更,user_1083,agent_2011,工单标题63,这是工单63的详细描述内容,2640.0,
TKT202401010063,2024-08-03 00:00:00,,运维部,低,处理中,建议,user_1023,agent_2017,工单标题64,这是工单64的详细描述内容,,3.0
TKT202401010064,2024-11-11 00:00:00,2024-11-13 20:00:00,财务部,低,待回访,权限问题,user_1042,agent_2008,工单标题65,这是工单65的详细描述内容,4080.0,1.0
TKT202401010065,2024-05-22 00:00:00,,财务部,低,已解决,系统故障,user_1064,agent_2011,工单标题66,这是工单66的详细描述内容,,
TKT202401010066,2024-04-18 00:00:00,2024-04-19 21:00:00,运维部,中,待回访,权限问题,user_1072,agent_2001,工单标题67,这是工单67的详细描述内容,2700.0,2.0
TKT202401010067,2024-02-13 00:00:00,2024-02-14 06:00:00,财务部,高,已关闭,投诉,user_1058,agent_2001,工单标题68,这是工单68的详细描述内容,1800.0,
TKT202401010068,2024-04-23 00:00:00,2024-04-25 03:00:00,运维部,中,已关闭,需求变更,user_1068,agent_2012,工单标题69,这是工单69的详细描述内容,3060.0,5.0
TKT202401010069,2024-06-18 00:00:00,2024-06-19 21:00:00,运维部,中,已解决,数据错误,user_1016,agent_2007,工单标题70,这是工单70的详细描述内容,2700.0,
TKT202401010070,2024-10-01 00:00:00,,市场部,低,已解决,其他,user_1098,agent_2017,工单标题71,这是工单71的详细描述内容,,1.0
TKT202401010071,2024-04-09 00:00:00,,技术部,中,待处理,需求变更,user_1017,agent_2009,工单标题72,这是工单72的详细描述内容,,
TKT202401010072,2024-01-28 00:00:00,,技术部,低,待处理,系统故障,user_1074,agent_2010,工单标题73,这是工单73的详细描述内容,,4.0
TKT202401010073,2024-06-23 00:00:00,2024-06-23 23:00:00,运维部,低,待处理,功能异常,user_1052,agent_2016,工单标题74,这是工单74的详细描述内容,1380.0,
TKT202401010074,2024-11-18 00:00:00,,人力资源,中,待处理,数据错误,user_1016,agent_2018,工单标题75,这是工单75的详细描述内容,,5.0
TKT202401010075,2024-11-01 00:00:00,2024-11-02 04:00:00,财务部,低,已关闭,权限问题,user_1076,agent_2014,工单标题76,这是工单76的详细描述内容,1680.0,
TKT202401010076,2024-11-13 00:00:00,2024-11-13 07:00:00,市场部,紧急,处理中,数据错误,user_1034,agent_2003,工单标题77,这是工单77的详细描述内容,420.0,
TKT202401010077,2024-03-29 00:00:00,,客服部,低,已关闭,其他,user_1061,agent_2010,工单标题78,这是工单78的详细描述内容,,
TKT202401010078,2024-05-27 00:00:00,2024-05-28 12:00:00,财务部,紧急,处理中,权限问题,user_1081,agent_2019,工单标题79,这是工单79的详细描述内容,2160.0,2.0
TKT202401010079,2024-08-05 00:00:00,2024-08-05 14:00:00,市场部,高,已解决,性能问题,user_1010,agent_2002,工单标题80,这是工单80的详细描述内容,840.0,
TKT202401010080,2024-06-06 00:00:00,2024-06-09 00:00:00,财务部,紧急,已关闭,权限问题,user_1090,agent_2013,工单标题81,这是工单81的详细描述内容,4320.0,5.0
TKT202401010081,2024-10-03 00:00:00,2024-10-05 15:00:00,人力资源,紧急,已关闭,咨询,user_1078,agent_2009,工单标题82,这是工单82的详细描述内容,3780.0,
TKT202401010082,2024-04-27 00:00:00,2024-04-27 02:00:00,市场部,中,待回访,系统故障,user_1098,agent_2006,工单标题83,这是工单83的详细描述内容,120.0,4.0
TKT202401010083,2024-05-22 00:00:00,2024-05-22 23:00:00,财务部,低,待处理,投诉,user_1045,agent_2014,工单标题84,这是工单84的详细描述内容,1380.0,
TKT202401010084,2024-12-09 00:00:00,2024-12-09 13:00:00,运维部,低,已关闭,权限问题,user_1085,agent_2013,工单标题85,这是工单85的详细描述内容,780.0,5.0
TKT202401010085,2024-01-19 00:00:00,,运维部,中,待处理,建议,user_1066,agent_2001,工单标题86,这是工单86的详细描述内容,,5.0
TKT202401010086,2024-08-24 00:00:00,,人力资源,中,待回访,投诉,user_1081,agent_2015,工单标题87,这是工单87的详细描述内容,,2.0
TKT202401010087,2024-05-16 00:00:00,,运维部,低,已关闭,功能异常,user_1004,agent_2020,工单标题88,这是工单88的详细描述内容,,2.0
TKT202401010088,2024-06-08 00:00:00,,财务部,紧急,处理中,功能异常,user_1060,agent_2004,工单标题89,这是工单89的详细描述内容,,2.0
TKT202401010089,2024-09-12 00:00:00,2024-09-13 13:00:00,运维部,低,已关闭,投诉,user_1032,agent_2015,工单标题90,这是工单90的详细描述内容,2220.0,4.0
TKT202401010090,2024-04-07 00:00:00,2024-04-09 17:00:00,技术部,紧急,已解决,建议,user_1044,agent_2017,工单标题91,这是工单91的详细描述内容,3900.0,
TKT202401010091,2024-01-02 00:00:00,2024-01-03 12:00:00,人力资源,低,处理中,投诉,user_1069,agent_2016,工单标题92,这是工单92的详细描述内容,2160.0,
TKT202401010092,2024-10-09 00:00:00,2024-10-11 21:00:00,运维部,高,处理中,其他,user_1050,agent_2008,工单标题93,这是工单93的详细描述内容,4140.0,4.0
TKT202401010093,2024-01-23 00:00:00,2024-01-24 16:00:00,市场部,低,已关闭,性能问题,user_1064,agent_2002,工单标题94,这是工单94的详细描述内容,2400.0,
TKT202401010094,2024-10-29 00:00:00,2024-10-30 18:00:00,财务部,紧急,待回访,投诉,user_1002,agent_2005,工单标题95,这是工单95的详细描述内容,2520.0,2.0
TKT202401010095,2024-02-08 00:00:00,2024-02-10 12:00:00,运维部,中,待回访,建议,user_1084,agent_2003,工单标题96,这是工单96的详细描述内容,3600.0,5.0
TKT202401010096,2024-07-13 00:00:00,2024-07-14 16:00:00,财务部,紧急,待回访,功能异常,user_1031,agent_2010,工单标题97,这是工单97的详细描述内容,2400.0,1.0
TKT202401010097,2024-08-10 00:00:00,2024-08-10 12:00:00,市场部,紧急,已关闭,性能问题,user_1089,agent_2010,工单标题98,这是工单98的详细描述内容,720.0,1.0
TKT202401010098,2024-06-15 00:00:00,,运维部,低,处理中,数据错误,user_1068,agent_2014,工单标题99,这是工单99的详细描述内容,,2.0
TKT202401010099,2024-03-28 00:00:00,,财务部,高,已关闭,其他,user_1019,agent_2008,工单标题100,这是工单100的详细描述内容,,3.0
TKT202401010100,2024-08-23 00:00:00,2024-08-24 08:00:00,财务部,中,待回访,性能问题,user_1010,agent_2015,工单标题101,这是工单101的详细描述内容,1920.0,5.0
TKT202401010101,2024-06-02 00:00:00,2024-06-04 06:00:00,财务部,中,处理中,建议,user_1062,agent_2004,工单标题102,这是工单102的详细描述内容,3240.0,
TKT202401010102,2024-10-19 00:00:00,2024-10-20 21:00:00,市场部,中,待处理,建议,user_1036,agent_2001,工单标题103,这是工单103的详细描述内容,2700.0,1.0
TKT202401010103,2024-11-06 00:00:00,2024-11-08 15:00:00,运维部,高,待回访,咨询,user_1029,agent_2007,工单标题104,这是工单104的详细描述内容,3780.0,2.0
TKT202401010104,2024-11-17 00:00:00,2024-11-17 12:00:00,市场部,紧急,已解决,投诉,user_1005,agent_2019,工单标题105,这是工单105的详细描述内容,720.0,
TKT202401010105,2024-03-08 00:00:00,2024-03-08 11:00:00,运维部,低,处理中,数据错误,user_1017,agent_2018,工单标题106,这是工单106的详细描述内容,660.0,3.0
TKT202401010106,2024-09-28 00:00:00,2024-09-30 16:00:00,技术部,中,已关闭,权限问题,user_1096,agent_2011,工单标题107,这是工单107的详细描述内容,3840.0,4.0
TKT202401010107,2024-02-08 00:00:00,2024-02-08 18:00:00,技术部,低,待回访,咨询,user_1012,agent_2013,工单标题108,这是工单108的详细描述内容,1080.0,
TKT202401010108,2024-10-01 00:00:00,2024-10-01 15:00:00,市场部,中,待回访,建议,user_1082,agent_2012,工单标题109,这是工单109的详细描述内容,900.0,
TKT202401010109,2024-04-29 00:00:00,,人力资源,中,待回访,数据错误,user_1083,agent_2003,工单标题110,这是工单110的详细描述内容,,4.0
TKT202401010110,2024-12-24 00:00:00,2024-12-25 14:00:00,客服部,高,待处理,系统故障,user_1039,agent_2016,工单标题111,这是工单111的详细描述内容,2280.0,
TKT202401010111,2024-04-30 00:00:00,,财务部,中,待回访,建议,user_1076,agent_2005,工单标题112,这是工单112的详细描述内容,,1.0
TKT202401010112,2024-09-07 00:00:00,2024-09-09 04:00:00,运维部,紧急,已解决,数据错误,user_1057,agent_2015,工单标题113,这是工单113的详细描述内容,3120.0,3.0
TKT202401010113,2024-02-20 00:00:00,2024-02-21 23:00:00,市场部,中,待处理,建议,user_1036,agent_2007,工单标题114,这是工单114的详细描述内容,2820.0,4.0
TKT202401010114,2024-02-16 00:00:00,2024-02-17 03:00:00,人力资源,紧急,待处理,咨询,user_1032,agent_2005,工单标题115,这是工单115的详细描述内容,1620.0,2.0
TKT202401010115,2024-02-05 00:00:00,,技术部,高,已解决,性能问题,user_1077,agent_2001,工单标题116,这是工单116的详细描述内容,,
TKT202401010116,2024-03-15 00:00:00,2024-03-15 16:00:00,技术部,紧急,待处理,性能问题,user_1002,agent_2012,工单标题117,这是工单117的详细描述内容,960.0,2.0
TKT202401010117,2024-10-28 00:00:00,,运维部,紧急,处理中,建议,user_1068,agent_2004,工单标题118,这是工单118的详细描述内容,,4.0
TKT202401010118,2024-08-17 00:00:00,2024-08-18 22:00:00,客服部,低,待回访,数据错误,user_1079,agent_2002,工单标题119,这是工单119的详细描述内容,2760.0,5.0
TKT202401010119,2024-06-03 00:00:00,2024-06-05 10:00:00,客服部,紧急,已关闭,建议,user_1055,agent_2004,工单标题120,这是工单120的详细描述内容,3480.0,4.0
TKT202401010120,2024-02-07 00:00:00,2024-02-07 10:00:00,技术部,紧急,处理中,权限问题,user_1080,agent_2019,工单标题121,这是工单121的详细描述内容,600.0,3.0
TKT202401010121,2024-07-14 00:00:00,,人力资源,低,待处理,功能异常,user_1084,agent_2018,工单标题122,这是工单122的详细描述内容,,2.0
TKT202401010122,2024-08-08 00:00:00,2024-08-10 09:00:00,财务部,中,已关闭,建议,user_1054,agent_2004,工单标题123,这是工单123的详细描述内容,3420.0,
TKT202401010123,2024-06-09 00:00:00,2024-06-10 08:00:00,技术部,低,待处理,功能异常,user_1011,agent_2003,工单标题124,这是工单124的详细描述内容,1920.0,3.0
TKT202401010124,2024-03-07 00:00:00,,人力资源,中,待处理,建议,user_1046,agent_2014,工单标题125,这是工单125的详细描述内容,,1.0
TKT202401010125,2024-05-27 00:00:00,2024-05-28 15:00:00,人力资源,高,处理中,投诉,user_1029,agent_2004,工单标题126,这是工单126的详细描述内容,2340.0,
TKT202401010126,2024-10-11 00:00:00,,运维部,高,已关闭,需求变更,user_1099,agent_2020,工单标题127,这是工单127的详细描述内容,,5.0
TKT202401010127,2024-01-14 00:00:00,,运维部,中,已解决,咨询,user_1001,agent_2006,工单标题128,这是工单128的详细描述内容,,5.0
TKT202401010128,2024-12-02 00:00:00,,市场部,紧急,待处理,需求变更,user_1028,agent_2013,工单标题129,这是工单129的详细描述内容,,3.0
TKT202401010129,2024-03-21 00:00:00,2024-03-22 23:00:00,运维部,紧急,待处理,性能问题,user_1021,agent_2020,工单标题130,这是工单130的详细描述内容,2820.0,
TKT202401010130,2024-02-11 00:00:00,2024-02-12 10:00:00,财务部,低,待回访,投诉,user_1054,agent_2009,工单标题131,这是工单131的详细描述内容,2040.0,
TKT202401010131,2024-09-19 00:00:00,2024-09-19 14:00:00,客服部,中,待回访,投诉,user_1068,agent_2010,工单标题132,这是工单132的详细描述内容,840.0,
TKT202401010132,2024-07-21 00:00:00,,运维部,高,处理中,权限问题,user_1038,agent_2011,工单标题133,这是工单133的详细描述内容,,
TKT202401010133,2024-09-11 00:00:00,,财务部,高,待回访,需求变更,user_1086,agent_2012,工单标题134,这是工单134的详细描述内容,,
TKT202401010134,2024-01-22 00:00:00,,客服部,中,待回访,建议,user_1074,agent_2013,工单标题135,这是工单135的详细描述内容,,4.0
TKT202401010135,2024-05-28 00:00:00,2024-05-28 14:00:00,运维部,高,待回访,投诉,user_1089,agent_2012,工单标题136,这是工单136的详细描述内容,840.0,
TKT202401010136,2024-02-24 00:00:00,2024-02-25 07:00:00,财务部,紧急,已关闭,权限问题,user_1096,agent_2011,工单标题137,这是工单137的详细描述内容,1860.0,
TKT202401010137,2024-03-27 00:00:00,2024-03-27 09:00:00,客服部,高,已解决,咨询,user_1094,agent_2005,工单标题138,这是工单138的详细描述内容,540.0,
TKT202401010138,2024-03-15 00:00:00,,人力资源,高,待处理,性能问题,user_1099,agent_2016,工单标题139,这是工单139的详细描述内容,,5.0
TKT202401010139,2024-10-23 00:00:00,2024-10-25 09:00:00,人力资源,中,已解决,性能问题,user_1057,agent_2003,工单标题140,这是工单140的详细描述内容,3420.0,3.0
TKT202401010140,2024-05-20 00:00:00,2024-05-20 07:00:00,客服部,中,已关闭,投诉,user_1005,agent_2002,工单标题141,这是工单141的详细描述内容,420.0,
TKT202401010141,2024-05-26 00:00:00,2024-05-26 09:00:00,客服部,低,已关闭,其他,user_1071,agent_2002,工单标题142,这是工单142的详细描述内容,540.0,5.0
TKT202401010142,2024-11-29 00:00:00,2024-11-30 00:00:00,财务部,高,待处理,投诉,user_1014,agent_2011,工单标题143,这是工单143的详细描述内容,1440.0,1.0
TKT202401010143,2024-09-15 00:00:00,,市场部,低,已关闭,需求变更,user_1067,agent_2020,工单标题144,这是工单144的详细描述内容,,
TKT202401010144,2024-07-09 00:00:00,2024-07-10 12:00:00,运维部,紧急,已解决,功能异常,user_1043,agent_2004,工单标题145,这是工单145的详细描述内容,2160.0,4.0
TKT202401010145,2024-05-25 00:00:00,2024-05-26 08:00:00,市场部,高,已解决,功能异常,user_1075,agent_2005,工单标题146,这是工单146的详细描述内容,1920.0,3.0
TKT202401010146,2024-12-01 00:00:00,,市场部,紧急,已解决,需求变更,user_1049,agent_2011,工单标题147,这是工单147的详细描述内容,,5.0
TKT202401010147,2024-02-17 00:00:00,2024-02-19 06:00:00,客服部,中,已解决,性能问题,user_1028,agent_2011,工单标题148,这是工单148的详细描述内容,3240.0,4.0
TKT202401010148,2024-04-08 00:00:00,2024-04-09 04:00:00,技术部,紧急,已解决,功能异常,user_1065,agent_2018,工单标题149,这是工单149的详细描述内容,1680.0,5.0
TKT202401010149,2024-01-20 00:00:00,2024-01-21 19:00:00,人力资源,高,待回访,建议,user_1020,agent_2006,工单标题150,这是工单150的详细描述内容,2580.0,
TKT202401010150,2024-12-20 00:00:00,2024-12-20 21:00:00,客服部,低,已解决,数据错误,user_1057,agent_2020,工单标题151,这是工单151的详细描述内容,1260.0,
TKT202401010151,2024-08-17 00:00:00,2024-08-18 05:00:00,运维部,低,处理中,咨询,user_1087,agent_2019,工单标题152,这是工单152的详细描述内容,1740.0,4.0
TKT202401010152,2024-05-24 00:00:00,2024-05-26 00:00:00,财务部,高,处理中,其他,user_1018,agent_2009,工单标题153,这是工单153的详细描述内容,2880.0,
TKT202401010153,2024-09-03 00:00:00,2024-09-04 23:00:00,客服部,紧急,已解决,功能异常,user_1098,agent_2006,工单标题154,这是工单154的详细描述内容,2820.0,
TKT202401010154,2024-09-19 00:00:00,2024-09-19 18:00:00,客服部,高,已关闭,咨询,user_1004,agent_2014,工单标题155,这是工单155的详细描述内容,1080.0,
TKT202401010155,2024-09-14 00:00:00,,客服部,中,处理中,系统故障,user_1041,agent_2004,工单标题156,这是工单156的详细描述内容,,3.0
TKT202401010156,2024-03-15 00:00:00,,财务部,高,已关闭,投诉,user_1079,agent_2001,工单标题157,这是工单157的详细描述内容,,1.0
TKT202401010157,2024-05-11 00:00:00,2024-05-12 03:00:00,人力资源,低,待处理,权限问题,user_1031,agent_2010,工单标题158,这是工单158的详细描述内容,1620.0,
TKT202401010158,2024-05-02 00:00:00,2024-05-04 05:00:00,人力资源,低,待处理,功能异常,user_1064,agent_2020,工单标题159,这是工单159的详细描述内容,3180.0,5.0
TKT202401010159,2024-10-21 00:00:00,2024-10-22 06:00:00,运维部,低,待处理,其他,user_1046,agent_2008,工单标题160,这是工单160的详细描述内容,1800.0,2.0
TKT202401010160,2024-12-06 00:00:00,2024-12-06 10:00:00,运维部,紧急,待回访,需求变更,user_1065,agent_2017,工单标题161,这是工单161的详细描述内容,600.0,4.0
TKT202401010161,2024-08-28 00:00:00,2024-08-28 05:00:00,运维部,中,待处理,咨询,user_1009,agent_2012,工单标题162,这是工单162的详细描述内容,300.0,
TKT202401010162,2024-12-02 00:00:00,2024-12-02 13:00:00,市场部,中,处理中,系统故障,user_1046,agent_2018,工单标题163,这是工单163的详细描述内容,780.0,
TKT202401010163,2024-11-25 00:00:00,2024-11-25 22:00:00,市场部,低,已关闭,性能问题,user_1018,agent_2003,工单标题164,这是工单164的详细描述内容,1320.0,4.0
TKT202401010164,2024-01-19 00:00:00,,技术部,紧急,已解决,权限问题,user_1066,agent_2013,工单标题165,这是工单165的详细描述内容,,5.0
TKT202401010165,2024-08-30 00:00:00,,市场部,高,已解决,咨询,user_1100,agent_2002,工单标题166,这是工单166的详细描述内容,,3.0
TKT202401010166,2024-05-19 00:00:00,2024-05-19 15:00:00,财务部,低,已关闭,建议,user_1044,agent_2006,工单标题167,这是工单167的详细描述内容,900.0,4.0
TKT202401010167,2024-07-07 00:00:00,,客服部,低,待处理,建议,user_1078,agent_2006,工单标题168,这是工单168的详细描述内容,,3.0
TKT202401010168,2024-02-22 00:00:00,2024-02-22 10:00:00,运维部,中,已关闭,其他,user_1092,agent_2014,工单标题169,这是工单169的详细描述内容,600.0,
TKT202401010169,2024-08-15 00:00:00,2024-08-16 20:00:00,市场部,中,待回访,建议,user_1036,agent_2002,工单标题170,这是工单170的详细描述内容,2640.0,
TKT202401010170,2024-11-22 00:00:00,2024-11-24 03:00:00,市场部,高,待处理,性能问题,user_1078,agent_2015,工单标题171,这是工单171的详细描述内容,3060.0,
TKT202401010171,2024-02-04 00:00:00,2024-02-05 06:00:00,运维部,中,已关闭,其他,user_1005,agent_2020,工单标题172,这是工单172的详细描述内容,1800.0,
TKT202401010172,2024-08-18 00:00:00,2024-08-19 23:00:00,客服部,高,待回访,咨询,user_1051,agent_2011,工单标题173,这是工单173的详细描述内容,2820.0,2.0
TKT202401010173,2024-02-28 00:00:00,2024-02-28 03:00:00,财务部,低,待回访,功能异常,user_1034,agent_2009,工单标题174,这是工单174的详细描述内容,180.0,2.0
TKT202401010174,2024-11-09 00:00:00,2024-11-10 12:00:00,财务部,高,待处理,性能问题,user_1010,agent_2015,工单标题175,这是工单175的详细描述内容,2160.0,
TKT202401010175,2024-12-31 00:00:00,2025-01-02 08:00:00,市场部,中,已解决,功能异常,user_1071,agent_2018,工单标题176,这是工单176的详细描述内容,3360.0,
TKT202401010176,2024-06-02 00:00:00,2024-06-02 20:00:00,市场部,高,已解决,需求变更,user_1029,agent_2004,工单标题177,这是工单177的详细描述内容,1200.0,2.0
TKT202401010177,2024-05-01 00:00:00,,人力资源,中,已关闭,需求变更,user_1017,agent_2020,工单标题178,这是工单178的详细描述内容,,1.0
TKT202401010178,2024-06-07 00:00:00,2024-06-09 02:00:00,市场部,低,待回访,建议,user_1099,agent_2014,工单标题179,这是工单179的详细描述内容,3000.0,1.0
TKT202401010179,2024-03-05 00:00:00,2024-03-06 16:00:00,财务部,低,待回访,咨询,user_1017,agent_2018,工单标题180,这是工单180的详细描述内容,2400.0,2.0
TKT202401010180,2024-03-07 00:00:00,2024-03-09 07:00:00,客服部,紧急,待回访,性能问题,user_1039,agent_2006,工单标题181,这是工单181的详细描述内容,3300.0,
TKT202401010181,2024-12-29 00:00:00,2024-12-30 04:00:00,人力资源,中,待处理,权限问题,user_1026,agent_2018,工单标题182,这是工单182的详细描述内容,1680.0,
TKT202401010182,2024-11-16 00:00:00,2024-11-17 14:00:00,客服部,高,待回访,其他,user_1020,agent_2006,工单标题183,这是工单183的详细描述内容,2280.0,5.0
TKT202401010183,2024-06-21 00:00:00,,客服部,紧急,待处理,其他,user_1034,agent_2007,工单标题184,这是工单184的详细描述内容,,4.0
TKT202401010184,2024-11-12 00:00:00,2024-11-12 03:00:00,市场部,中,已解决,投诉,user_1032,agent_2013,工单标题185,这是工单185的详细描述内容,180.0,
TKT202401010185,2024-02-07 00:00:00,,财务部,低,已关闭,数据错误,user_1044,agent_2020,工单标题186,这是工单186的详细描述内容,,
TKT202401010186,2024-06-12 00:00:00,2024-06-13 20:00:00,技术部,中,待回访,需求变更,user_1014,agent_2011,工单标题187,这是工单187的详细描述内容,2640.0,
TKT202401010187,2024-03-03 00:00:00,2024-03-04 10:00:00,技术部,紧急,待处理,权限问题,user_1050,agent_2020,工单标题188,这是工单188的详细描述内容,2040.0,2.0
TKT202401010188,2024-06-16 00:00:00,,技术部,低,待回访,投诉,user_1064,agent_2010,工单标题189,这是工单189的详细描述内容,,1.0
TKT202401010189,2024-07-20 00:00:00,2024-07-22 16:00:00,技术部,高,待回访,咨询,user_1007,agent_2002,工单标题190,这是工单190的详细描述内容,3840.0,
TKT202401010190,2024-11-01 00:00:00,,客服部,紧急,已关闭,性能问题,user_1034,agent_2012,工单标题191,这是工单191的详细描述内容,,3.0
TKT202401010191,2024-01-24 00:00:00,,人力资源,高,已解决,需求变更,user_1037,agent_2003,工单标题192,这是工单192的详细描述内容,,
TKT202401010192,2024-08-18 00:00:00,,人力资源,紧急,处理中,功能异常,user_1051,agent_2012,工单标题193,这是工单193的详细描述内容,,3.0
TKT202401010193,2024-10-12 00:00:00,2024-10-13 22:00:00,技术部,低,待回访,系统故障,user_1006,agent_2002,工单标题194,这是工单194的详细描述内容,2760.0,
TKT202401010194,2024-06-19 00:00:00,2024-06-21 12:00:00,技术部,高,已解决,其他,user_1041,agent_2006,工单标题195,这是工单195的详细描述内容,3600.0,
TKT202401010195,2024-11-11 00:00:00,2024-11-12 14:00:00,人力资源,低,待回访,权限问题,user_1061,agent_2001,工单标题196,这是工单196的详细描述内容,2280.0,
TKT202401010196,2024-12-10 00:00:00,2024-12-10 14:00:00,人力资源,中,待处理,其他,user_1061,agent_2009,工单标题197,这是工单197的详细描述内容,840.0,5.0
TKT202401010197,2024-10-22 00:00:00,2024-10-23 05:00:00,人力资源,低,处理中,需求变更,user_1081,agent_2020,工单标题198,这是工单198的详细描述内容,1740.0,4.0
TKT202401010198,2024-03-16 00:00:00,,市场部,紧急,处理中,系统故障,user_1057,agent_2011,工单标题199,这是工单199的详细描述内容,,4.0
TKT202401010199,2024-12-19 00:00:00,2024-12-20 02:00:00,人力资源,低,待处理,性能问题,user_1067,agent_2007,工单标题200,这是工单200的详细描述内容,1560.0,4.0
TKT202401010200,2024-09-26 00:00:00,2024-09-28 00:00:00,技术部,低,待回访,咨询,user_1070,agent_2012,工单标题201,这是工单201的详细描述内容,2880.0,3.0
TKT202401010201,2024-11-08 00:00:00,,技术部,中,待回访,权限问题,user_1029,agent_2010,工单标题202,这是工单202的详细描述内容,,2.0
TKT202401010202,2024-12-19 00:00:00,2024-12-21 14:00:00,运维部,中,已解决,功能异常,user_1074,agent_2018,工单标题203,这是工单203的详细描述内容,3720.0,
TKT202401010203,2024-07-21 00:00:00,2024-07-22 20:00:00,技术部,中,待处理,权限问题,user_1092,agent_2003,工单标题204,这是工单204的详细描述内容,2640.0,
TKT202401010204,2024-08-14 00:00:00,2024-08-15 08:00:00,技术部,高,待回访,权限问题,user_1072,agent_2009,工单标题205,这是工单205的详细描述内容,1920.0,
TKT202401010205,2024-11-11 00:00:00,,市场部,高,处理中,系统故障,user_1013,agent_2014,工单标题206,这是工单206的详细描述内容,,
TKT202401010206,2024-08-29 00:00:00,2024-08-29 12:00:00,技术部,紧急,待回访,性能问题,user_1053,agent_2016,工单标题207,这是工单207的详细描述内容,720.0,2.0
TKT202401010207,2024-05-27 00:00:00,,客服部,紧急,待回访,数据错误,user_1069,agent_2002,工单标题208,这是工单208的详细描述内容,,2.0
TKT202401010208,2024-08-01 00:00:00,2024-08-01 22:00:00,客服部,低,已关闭,性能问题,user_1096,agent_2010,工单标题209,这是工单209的详细描述内容,1320.0,1.0
TKT202401010209,2024-06-01 00:00:00,2024-06-04 00:00:00,运维部,中,已关闭,需求变更,user_1068,agent_2016,工单标题210,这是工单210的详细描述内容,4320.0,2.0
TKT202401010210,2024-09-15 00:00:00,,客服部,中,处理中,投诉,user_1083,agent_2009,工单标题211,这是工单211的详细描述内容,,1.0
TKT202401010211,2024-06-21 00:00:00,2024-06-22 13:00:00,技术部,高,待回访,建议,user_1055,agent_2017,工单标题212,这是工单212的详细描述内容,2220.0,
TKT202401010212,2024-07-24 00:00:00,,技术部,低,已解决,数据错误,user_1001,agent_2009,工单标题213,这是工单213的详细描述内容,,
TKT202401010213,2024-08-16 00:00:00,2024-08-17 10:00:00,运维部,紧急,已解决,咨询,user_1089,agent_2008,工单标题214,这是工单214的详细描述内容,2040.0,
TKT202401010214,2024-03-01 00:00:00,2024-03-03 11:00:00,财务部,中,待处理,权限问题,user_1048,agent_2020,工单标题215,这是工单215的详细描述内容,3540.0,
TKT202401010215,2024-03-09 00:00:00,,市场部,中,已关闭,需求变更,user_1061,agent_2018,工单标题216,这是工单216的详细描述内容,,2.0
TKT202401010216,2024-05-06 00:00:00,2024-05-06 10:00:00,人力资源,中,待处理,其他,user_1015,agent_2002,工单标题217,这是工单217的详细描述内容,600.0,5.0
TKT202401010217,2024-04-13 00:00:00,,运维部,低,待处理,数据错误,user_1092,agent_2019,工单标题218,这是工单218的详细描述内容,,5.0
TKT202401010218,2024-08-16 00:00:00,2024-08-16 07:00:00,人力资源,低,已关闭,其他,user_1008,agent_2018,工单标题219,这是工单219的详细描述内容,420.0,3.0
TKT202401010219,2024-01-12 00:00:00,,客服部,高,待回访,功能异常,user_1006,agent_2014,工单标题220,这是工单220的详细描述内容,,
TKT202401010220,2024-02-02 00:00:00,2024-02-04 21:00:00,客服部,低,待处理,权限问题,user_1053,agent_2006,工单标题221,这是工单221的详细描述内容,4140.0,4.0
TKT202401010221,2024-07-10 00:00:00,2024-07-12 00:00:00,财务部,低,待处理,需求变更,user_1018,agent_2012,工单标题222,这是工单222的详细描述内容,2880.0,
TKT202401010222,2024-10-02 00:00:00,2024-10-04 02:00:00,市场部,高,待处理,系统故障,user_1039,agent_2015,工单标题223,这是工单223的详细描述内容,3000.0,5.0
TKT202401010223,2024-08-05 00:00:00,2024-08-07 20:00:00,技术部,高,已关闭,咨询,user_1020,agent_2009,工单标题224,这是工单224的详细描述内容,4080.0,
TKT202401010224,2024-02-27 00:00:00,2024-02-27 04:00:00,财务部,紧急,处理中,数据错误,user_1009,agent_2004,工单标题225,这是工单225的详细描述内容,240.0,4.0
TKT202401010225,2024-11-02 00:00:00,,客服部,低,已关闭,数据错误,user_1070,agent_2007,工单标题226,这是工单226的详细描述内容,,1.0
TKT202401010226,2024-03-12 00:00:00,2024-03-14 16:00:00,技术部,中,待回访,其他,user_1099,agent_2011,工单标题227,这是工单227的详细描述内容,3840.0,
TKT202401010227,2024-03-14 00:00:00,,运维部,中,待处理,需求变更,user_1076,agent_2006,工单标题228,这是工单228的详细描述内容,,4.0
TKT202401010228,2024-10-11 00:00:00,,运维部,低,待回访,咨询,user_1090,agent_2014,工单标题229,这是工单229的详细描述内容,,3.0
TKT202401010229,2024-07-11 00:00:00,2024-07-11 23:00:00,财务部,高,处理中,权限问题,user_1091,agent_2005,工单标题230,这是工单230的详细描述内容,1380.0,1.0
TKT202401010230,2024-10-14 00:00:00,2024-10-16 04:00:00,人力资源,高,已关闭,数据错误,user_1033,agent_2007,工单标题231,这是工单231的详细描述内容,3120.0,
TKT202401010231,2024-02-10 00:00:00,2024-02-12 09:00:00,客服部,高,待处理,权限问题,user_1049,agent_2020,工单标题232,这是工单232的详细描述内容,3420.0,1.0
TKT202401010232,2024-04-06 00:00:00,,技术部,中,已解决,系统故障,user_1028,agent_2007,工单标题233,这是工单233的详细描述内容,,1.0
TKT202401010233,2024-09-02 00:00:00,2024-09-03 07:00:00,市场部,高,已关闭,数据错误,user_1071,agent_2011,工单标题234,这是工单234的详细描述内容,1860.0,4.0
TKT202401010234,2024-08-26 00:00:00,2024-08-28 20:00:00,运维部,中,已解决,需求变更,user_1064,agent_2015,工单标题235,这是工单235的详细描述内容,4080.0,
TKT202401010235,2024-08-28 00:00:00,2024-08-29 16:00:00,运维部,中,已关闭,系统故障,user_1073,agent_2008,工单标题236,这是工单236的详细描述内容,2400.0,1.0
TKT202401010236,2024-05-13 00:00:00,2024-05-15 22:00:00,人力资源,低,已解决,性能问题,user_1026,agent_2011,工单标题237,这是工单237的详细描述内容,4200.0,
TKT202401010237,2024-10-18 00:00:00,2024-10-19 07:00:00,市场部,中,已解决,投诉,user_1093,agent_2016,工单标题238,这是工单238的详细描述内容,1860.0,3.0
TKT202401010238,2024-03-27 00:00:00,2024-03-27 17:00:00,财务部,高,待回访,系统故障,user_1068,agent_2002,工单标题239,这是工单239的详细描述内容,1020.0,1.0
TKT202401010239,2024-12-08 00:00:00,2024-12-08 06:00:00,财务部,高,处理中,功能异常,user_1091,agent_2005,工单标题240,这是工单240的详细描述内容,360.0,
TKT202401010240,2024-09-15 00:00:00,2024-09-17 10:00:00,人力资源,低,已关闭,系统故障,user_1001,agent_2018,工单标题241,这是工单241的详细描述内容,3480.0,1.0
TKT202401010241,2024-01-09 00:00:00,2024-01-11 19:00:00,人力资源,中,待处理,需求变更,user_1090,agent_2014,工单标题242,这是工单242的详细描述内容,4020.0,2.0
TKT202401010242,2024-02-24 00:00:00,2024-02-24 12:00:00,技术部,高,待回访,需求变更,user_1033,agent_2012,工单标题243,这是工单243的详细描述内容,720.0,
TKT202401010243,2024-07-22 00:00:00,2024-07-22 10:00:00,财务部,低,待回访,数据错误,user_1090,agent_2008,工单标题244,这是工单244的详细描述内容,600.0,
TKT202401010244,2024-02-11 00:00:00,,财务部,低,待回访,投诉,user_1008,agent_2001,工单标题245,这是工单245的详细描述内容,,1.0
TKT202401010245,2024-09-12 00:00:00,2024-09-14 07:00:00,运维部,紧急,待回访,系统故障,user_1030,agent_2007,工单标题246,这是工单246的详细描述内容,3300.0,5.0
TKT202401010246,2024-08-31 00:00:00,,客服部,中,待回访,其他,user_1085,agent_2002,工单标题247,这是工单247的详细描述内容,,
TKT202401010247,2024-06-10 00:00:00,2024-06-10 02:00:00,人力资源,高,已关闭,功能异常,user_1039,agent_2006,工单标题248,这是工单248的详细描述内容,120.0,5.0
TKT202401010248,2024-07-18 00:00:00,2024-07-20 21:00:00,市场部,高,待处理,需求变更,user_1096,agent_2012,工单标题249,这是工单249的详细描述内容,4140.0,
TKT202401010249,2024-08-11 00:00:00,2024-08-12 05:00:00,运维部,低,已解决,系统故障,user_1082,agent_2009,工单标题250,这是工单250的详细描述内容,1740.0,4.0
TKT202401010250,2024-09-08 00:00:00,2024-09-09 05:00:00,财务部,低,处理中,其他,user_1085,agent_2013,工单标题251,这是工单251的详细描述内容,1740.0,
TKT202401010251,2024-11-12 00:00:00,2024-11-13 13:00:00,市场部,紧急,待处理,权限问题,user_1020,agent_2013,工单标题252,这是工单252的详细描述内容,2220.0,2.0
TKT202401010252,2024-07-18 00:00:00,2024-07-19 16:00:00,客服部,紧急,已解决,投诉,user_1047,agent_2009,工单标题253,这是工单253的详细描述内容,2400.0,
TKT202401010253,2024-02-14 00:00:00,2024-02-14 23:00:00,人力资源,低,待处理,系统故障,user_1012,agent_2012,工单标题254,这是工单254的详细描述内容,1380.0,5.0
TKT202401010254,2024-11-02 00:00:00,2024-11-03 17:00:00,客服部,中,已关闭,建议,user_1100,agent_2003,工单标题255,这是工单255的详细描述内容,2460.0,5.0
TKT202401010255,2024-05-04 00:00:00,,财务部,高,处理中,权限问题,user_1039,agent_2009,工单标题256,这是工单256的详细描述内容,,1.0
TKT202401010256,2024-03-26 00:00:00,,运维部,低,待处理,咨询,user_1033,agent_2008,工单标题257,这是工单257的详细描述内容,,4.0
TKT202401010257,2024-10-31 00:00:00,2024-11-01 01:00:00,技术部,中,待处理,建议,user_1043,agent_2020,工单标题258,这是工单258的详细描述内容,1500.0,
TKT202401010258,2024-06-17 00:00:00,2024-06-19 08:00:00,市场部,高,已解决,咨询,user_1078,agent_2007,工单标题259,这是工单259的详细描述内容,3360.0,2.0
TKT202401010259,2024-07-22 00:00:00,,市场部,低,待回访,数据错误,user_1042,agent_2013,工单标题260,这是工单260的详细描述内容,,
TKT202401010260,2024-07-20 00:00:00,,人力资源,高,待回访,需求变更,user_1024,agent_2018,工单标题261,这是工单261的详细描述内容,,
TKT202401010261,2024-08-24 00:00:00,2024-08-25 02:00:00,运维部,紧急,已关闭,投诉,user_1018,agent_2010,工单标题262,这是工单262的详细描述内容,1560.0,
TKT202401010262,2024-12-03 00:00:00,2024-12-03 19:00:00,财务部,紧急,已关闭,其他,user_1062,agent_2019,工单标题263,这是工单263的详细描述内容,1140.0,5.0
TKT202401010263,2024-12-20 00:00:00,2024-12-22 05:00:00,运维部,紧急,待处理,数据错误,user_1085,agent_2012,工单标题264,这是工单264的详细描述内容,3180.0,
TKT202401010264,2024-11-09 00:00:00,2024-11-09 05:00:00,市场部,低,已解决,建议,user_1014,agent_2001,工单标题265,这是工单265的详细描述内容,300.0,
TKT202401010265,2024-04-23 00:00:00,2024-04-25 17:00:00,人力资源,高,已关闭,咨询,user_1051,agent_2015,工单标题266,这是工单266的详细描述内容,3900.0,5.0
TKT202401010266,2024-12-19 00:00:00,,客服部,低,待处理,权限问题,user_1054,agent_2003,工单标题267,这是工单267的详细描述内容,,
TKT202401010267,2024-03-13 00:00:00,2024-03-14 20:00:00,财务部,高,待回访,投诉,user_1045,agent_2016,工单标题268,这是工单268的详细描述内容,2640.0,
TKT202401010268,2024-12-22 00:00:00,2024-12-24 09:00:00,运维部,紧急,待处理,系统故障,user_1044,agent_2004,工单标题269,这是工单269的详细描述内容,3420.0,2.0
TKT202401010269,2024-05-04 00:00:00,,技术部,中,待回访,建议,user_1060,agent_2008,工单标题270,这是工单270的详细描述内容,,2.0
TKT202401010270,2024-04-05 00:00:00,2024-04-07 07:00:00,市场部,高,已关闭,其他,user_1055,agent_2013,工单标题271,这是工单271的详细描述内容,3300.0,
TKT202401010271,2024-04-19 00:00:00,,市场部,紧急,待回访,功能异常,user_1069,agent_2006,工单标题272,这是工单272的详细描述内容,,
TKT202401010272,2024-04-10 00:00:00,,市场部,低,待回访,咨询,user_1077,agent_2013,工单标题273,这是工单273的详细描述内容,,5.0
TKT202401010273,2024-02-28 00:00:00,2024-02-29 20:00:00,财务部,高,已解决,其他,user_1076,agent_2003,工单标题274,这是工单274的详细描述内容,2640.0,3.0
TKT202401010274,2024-03-01 00:00:00,2024-03-02 06:00:00,技术部,中,处理中,需求变更,user_1050,agent_2014,工单标题275,这是工单275的详细描述内容,1800.0,5.0
TKT202401010275,2024-07-15 00:00:00,,市场部,高,待回访,性能问题,user_1063,agent_2010,工单标题276,这是工单276的详细描述内容,,
TKT202401010276,2024-06-10 00:00:00,2024-06-12 09:00:00,运维部,紧急,已关闭,性能问题,user_1025,agent_2013,工单标题277,这是工单277的详细描述内容,3420.0,5.0
TKT202401010277,2024-11-30 00:00:00,2024-12-02 15:00:00,财务部,低,已关闭,投诉,user_1022,agent_2003,工单标题278,这是工单278的详细描述内容,3780.0,2.0
TKT202401010278,2024-05-29 00:00:00,,人力资源,中,处理中,投诉,user_1073,agent_2016,工单标题279,这是工单279的详细描述内容,,1.0
TKT202401010279,2024-10-20 00:00:00,,人力资源,中,待回访,系统故障,user_1098,agent_2015,工单标题280,这是工单280的详细描述内容,,4.0
TKT202401010280,2024-02-22 00:00:00,,客服部,低,已解决,咨询,user_1012,agent_2015,工单标题281,这是工单281的详细描述内容,,1.0
TKT202401010281,2024-05-01 00:00:00,2024-05-02 02:00:00,人力资源,中,待回访,建议,user_1022,agent_2020,工单标题282,这是工单282的详细描述内容,1560.0,
TKT202401010282,2024-04-15 00:00:00,2024-04-16 02:00:00,人力资源,中,待回访,权限问题,user_1077,agent_2018,工单标题283,这是工单283的详细描述内容,1560.0,
TKT202401010283,2024-12-26 00:00:00,,运维部,紧急,处理中,建议,user_1008,agent_2009,工单标题284,这是工单284的详细描述内容,,2.0
TKT202401010284,2024-12-25 00:00:00,,市场部,中,处理中,建议,user_1063,agent_2005,工单标题285,这是工单285的详细描述内容,,3.0
TKT202401010285,2024-11-17 00:00:00,2024-11-19 05:00:00,客服部,紧急,已关闭,需求变更,user_1096,agent_2009,工单标题286,这是工单286的详细描述内容,3180.0,3.0
TKT202401010286,2024-08-20 00:00:00,2024-08-22 14:00:00,客服部,紧急,已关闭,咨询,user_1009,agent_2018,工单标题287,这是工单287的详细描述内容,3720.0,
TKT202401010287,2024-08-07 00:00:00,2024-08-08 03:00:00,运维部,中,已解决,需求变更,user_1074,agent_2005,工单标题288,这是工单288的详细描述内容,1620.0,4.0
TKT202401010288,2024-06-24 00:00:00,,市场部,低,待处理,功能异常,user_1021,agent_2015,工单标题289,这是工单289的详细描述内容,,4.0
TKT202401010289,2024-04-13 00:00:00,2024-04-13 16:00:00,运维部,高,已解决,功能异常,user_1084,agent_2012,工单标题290,这是工单290的详细描述内容,960.0,
TKT202401010290,2024-07-09 00:00:00,,市场部,中,处理中,建议,user_1084,agent_2003,工单标题291,这是工单291的详细描述内容,,1.0
TKT202401010291,2024-04-19 00:00:00,,人力资源,高,待回访,投诉,user_1002,agent_2001,工单标题292,这是工单292的详细描述内容,,1.0
TKT202401010292,2024-08-04 00:00:00,2024-08-04 16:00:00,技术部,低,待处理,功能异常,user_1014,agent_2011,工单标题293,这是工单293的详细描述内容,960.0,
TKT202401010293,2024-06-02 00:00:00,2024-06-02 17:00:00,技术部,高,待处理,需求变更,user_1073,agent_2001,工单标题294,这是工单294的详细描述内容,1020.0,2.0
TKT202401010294,2024-08-13 00:00:00,2024-08-14 20:00:00,市场部,高,已关闭,其他,user_1088,agent_2015,工单标题295,这是工单295的详细描述内容,2640.0,1.0
TKT202401010295,2024-02-21 00:00:00,2024-02-21 17:00:00,人力资源,低,已解决,建议,user_1041,agent_2005,工单标题296,这是工单296的详细描述内容,1020.0,
TKT202401010296,2024-11-26 00:00:00,,人力资源,中,待处理,权限问题,user_1027,agent_2017,工单标题297,这是工单297的详细描述内容,,2.0
TKT202401010297,2024-07-19 00:00:00,2024-07-20 13:00:00,技术部,低,已关闭,功能异常,user_1031,agent_2016,工单标题298,这是工单298的详细描述内容,2220.0,1.0
TKT202401010298,2024-09-27 00:00:00,2024-09-27 01:00:00,运维部,高,已关闭,其他,user_1054,agent_2012,工单标题299,这是工单299的详细描述内容,60.0,2.0
TKT202401010299,2024-08-29 00:00:00,,客服部,紧急,已解决,数据错误,user_1006,agent_2002,工单标题300,这是工单300的详细描述内容,,4.0
TKT202401010300,2024-09-16 00:00:00,2024-09-17 12:00:00,人力资源,低,已关闭,建议,user_1011,agent_2018,工单标题301,这是工单301的详细描述内容,2160.0,2.0
TKT202401010301,2024-05-22 00:00:00,2024-05-22 10:00:00,人力资源,高,处理中,需求变更,user_1042,agent_2013,工单标题302,这是工单302的详细描述内容,600.0,1.0
TKT202401010302,2024-06-07 00:00:00,2024-06-09 07:00:00,技术部,紧急,处理中,功能异常,user_1056,agent_2004,工单标题303,这是工单303的详细描述内容,3300.0,5.0
TKT202401010303,2024-01-29 00:00:00,2024-01-30 15:00:00,市场部,高,待处理,系统故障,user_1091,agent_2005,工单标题304,这是工单304的详细描述内容,2340.0,2.0
TKT202401010304,2024-09-11 00:00:00,2024-09-12 20:00:00,市场部,中,处理中,咨询,user_1017,agent_2009,工单标题305,这是工单305的详细描述内容,2640.0,1.0
TKT202401010305,2024-01-16 00:00:00,2024-01-17 18:00:00,运维部,紧急,已解决,其他,user_1081,agent_2003,工单标题306,这是工单306的详细描述内容,2520.0,5.0
TKT202401010306,2024-07-03 00:00:00,2024-07-03 07:00:00,人力资源,高,已解决,性能问题,user_1033,agent_2004,工单标题307,这是工单307的详细描述内容,420.0,1.0
TKT202401010307,2024-04-26 00:00:00,,客服部,高,待处理,投诉,user_1047,agent_2013,工单标题308,这是工单308的详细描述内容,,2.0
TKT202401010308,2024-01-19 00:00:00,2024-01-21 22:00:00,市场部,低,处理中,咨询,user_1032,agent_2014,工单标题309,这是工单309的详细描述内容,4200.0,3.0
TKT202401010309,2024-05-18 00:00:00,2024-05-18 09:00:00,客服部,紧急,处理中,数据错误,user_1067,agent_2002,工单标题310,这是工单310的详细描述内容,540.0,1.0
TKT202401010310,2024-08-26 00:00:00,2024-08-27 12:00:00,运维部,中,待处理,需求变更,user_1059,agent_2001,工单标题311,这是工单311的详细描述内容,2160.0,
TKT202401010311,2024-05-29 00:00:00,2024-06-01 00:00:00,市场部,高,已关闭,咨询,user_1076,agent_2016,工单标题312,这是工单312的详细描述内容,4320.0,2.0
TKT202401010312,2024-10-06 00:00:00,,财务部,紧急,处理中,需求变更,user_1045,agent_2001,工单标题313,这是工单313的详细描述内容,,1.0
TKT202401010313,2024-12-02 00:00:00,2024-12-04 00:00:00,市场部,中,待处理,数据错误,user_1068,agent_2008,工单标题314,这是工单314的详细描述内容,2880.0,1.0
TKT202401010314,2024-03-13 00:00:00,,技术部,低,已解决,投诉,user_1096,agent_2003,工单标题315,这是工单315的详细描述内容,,5.0
TKT202401010315,2024-03-09 00:00:00,,人力资源,紧急,已关闭,性能问题,user_1031,agent_2010,工单标题316,这是工单316的详细描述内容,,
TKT202401010316,2024-06-10 00:00:00,2024-06-12 02:00:00,市场部,中,已解决,投诉,user_1035,agent_2008,工单标题317,这是工单317的详细描述内容,3000.0,
TKT202401010317,2024-04-13 00:00:00,2024-04-13 17:00:00,人力资源,紧急,处理中,功能异常,user_1022,agent_2015,工单标题318,这是工单318的详细描述内容,1020.0,4.0
TKT202401010318,2024-03-02 00:00:00,2024-03-04 20:00:00,技术部,低,已解决,投诉,user_1034,agent_2004,工单标题319,这是工单319的详细描述内容,4080.0,
TKT202401010319,2024-12-17 00:00:00,2024-12-18 14:00:00,市场部,紧急,处理中,咨询,user_1019,agent_2003,工单标题320,这是工单320的详细描述内容,2280.0,3.0
TKT202401010320,2024-07-21 00:00:00,,运维部,中,处理中,系统故障,user_1052,agent_2015,工单标题321,这是工单321的详细描述内容,,5.0
TKT202401010321,2024-05-07 00:00:00,2024-05-07 12:00:00,技术部,紧急,待处理,系统故障,user_1100,agent_2008,工单标题322,这是工单322的详细描述内容,720.0,
TKT202401010322,2024-07-24 00:00:00,2024-07-25 23:00:00,市场部,紧急,待回访,其他,user_1034,agent_2003,工单标题323,这是工单323的详细描述内容,2820.0,
TKT202401010323,2024-02-03 00:00:00,2024-02-04 01:00:00,财务部,高,待处理,咨询,user_1016,agent_2002,工单标题324,这是工单324的详细描述内容,1500.0,1.0
TKT202401010324,2024-03-27 00:00:00,2024-03-29 07:00:00,财务部,低,待处理,建议,user_1088,agent_2014,工单标题325,这是工单325的详细描述内容,3300.0,
TKT202401010325,2024-04-19 00:00:00,,财务部,高,待处理,其他,user_1080,agent_2020,工单标题326,这是工单326的详细描述内容,,
TKT202401010326,2024-05-31 00:00:00,2024-06-02 15:00:00,人力资源,低,待处理,功能异常,user_1036,agent_2013,工单标题327,这是工单327的详细描述内容,3780.0,
TKT202401010327,2024-04-12 00:00:00,,人力资源,紧急,已关闭,咨询,user_1062,agent_2018,工单标题328,这是工单328的详细描述内容,,3.0
TKT202401010328,2024-10-16 00:00:00,2024-10-18 16:00:00,运维部,高,待处理,咨询,user_1077,agent_2008,工单标题329,这是工单329的详细描述内容,3840.0,
TKT202401010329,2024-05-23 00:00:00,2024-05-23 07:00:00,财务部,中,待回访,数据错误,user_1021,agent_2004,工单标题330,这是工单330的详细描述内容,420.0,
TKT202401010330,2024-05-03 00:00:00,2024-05-04 10:00:00,市场部,紧急,处理中,其他,user_1050,agent_2012,工单标题331,这是工单331的详细描述内容,2040.0,2.0
TKT202401010331,2024-03-31 00:00:00,2024-04-01 06:00:00,市场部,中,待回访,系统故障,user_1091,agent_2012,工单标题332,这是工单332的详细描述内容,1800.0,5.0
TKT202401010332,2024-03-13 00:00:00,2024-03-16 00:00:00,财务部,中,处理中,投诉,user_1005,agent_2003,工单标题333,这是工单333的详细描述内容,4320.0,
TKT202401010333,2024-11-04 00:00:00,,财务部,紧急,已解决,其他,user_1026,agent_2005,工单标题334,这是工单334的详细描述内容,,
TKT202401010334,2024-03-31 00:00:00,,技术部,高,待处理,需求变更,user_1047,agent_2003,工单标题335,这是工单335的详细描述内容,,
TKT202401010335,2024-12-05 00:00:00,2024-12-07 02:00:00,运维部,中,已解决,性能问题,user_1021,agent_2014,工单标题336,这是工单336的详细描述内容,3000.0,4.0
TKT202401010336,2024-11-28 00:00:00,,人力资源,中,处理中,其他,user_1023,agent_2013,工单标题337,这是工单337的详细描述内容,,
TKT202401010337,2024-12-18 00:00:00,,市场部,紧急,待回访,建议,user_1099,agent_2019,工单标题338,这是工单338的详细描述内容,,
TKT202401010338,2024-11-04 00:00:00,2024-11-05 16:00:00,人力资源,高,待回访,功能异常,user_1064,agent_2005,工单标题339,这是工单339的详细描述内容,2400.0,
TKT202401010339,2024-02-09 00:00:00,2024-02-10 06:00:00,运维部,高,待处理,咨询,user_1058,agent_2001,工单标题340,这是工单340的详细描述内容,1800.0,
TKT202401010340,2024-05-07 00:00:00,2024-05-07 08:00:00,客服部,紧急,待处理,建议,user_1057,agent_2014,工单标题341,这是工单341的详细描述内容,480.0,4.0
TKT202401010341,2024-09-09 00:00:00,2024-09-11 00:00:00,财务部,紧急,已关闭,其他,user_1084,agent_2008,工单标题342,这是工单342的详细描述内容,2880.0,
TKT202401010342,2024-02-07 00:00:00,,运维部,中,待处理,功能异常,user_1044,agent_2006,工单标题343,这是工单343的详细描述内容,,2.0
TKT202401010343,2024-02-08 00:00:00,2024-02-10 22:00:00,客服部,中,待回访,其他,user_1062,agent_2001,工单标题344,这是工单344的详细描述内容,4200.0,2.0
TKT202401010344,2024-11-06 00:00:00,,客服部,中,处理中,数据错误,user_1053,agent_2018,工单标题345,这是工单345的详细描述内容,,5.0
TKT202401010345,2024-05-15 00:00:00,,客服部,紧急,已关闭,其他,user_1071,agent_2016,工单标题346,这是工单346的详细描述内容,,
TKT202401010346,2024-07-03 00:00:00,2024-07-03 00:00:00,运维部,低,处理中,功能异常,user_1004,agent_2007,工单标题347,这是工单347的详细描述内容,0.0,
TKT202401010347,2024-05-29 00:00:00,2024-05-29 10:00:00,客服部,中,已关闭,投诉,user_1063,agent_2009,工单标题348,这是工单348的详细描述内容,600.0,
TKT202401010348,2024-10-05 00:00:00,,财务部,中,处理中,投诉,user_1006,agent_2009,工单标题349,这是工单349的详细描述内容,,3.0
TKT202401010349,2024-04-25 00:00:00,2024-04-26 10:00:00,技术部,紧急,待处理,咨询,user_1070,agent_2014,工单标题350,这是工单350的详细描述内容,2040.0,5.0
TKT202401010350,2024-04-26 00:00:00,,财务部,低,待回访,投诉,user_1074,agent_2008,工单标题351,这是工单351的详细描述内容,,1.0
TKT202401010351,2024-07-21 00:00:00,2024-07-21 04:00:00,人力资源,高,待处理,投诉,user_1023,agent_2006,工单标题352,这是工单352的详细描述内容,240.0,2.0
TKT202401010352,2024-03-05 00:00:00,2024-03-05 05:00:00,市场部,低,处理中,性能问题,user_1077,agent_2009,工单标题353,这是工单353的详细描述内容,300.0,
TKT202401010353,2024-02-04 00:00:00,2024-02-04 11:00:00,财务部,中,已解决,需求变更,user_1059,agent_2001,工单标题354,这是工单354的详细描述内容,660.0,5.0
TKT202401010354,2024-10-27 00:00:00,2024-10-29 18:00:00,客服部,低,处理中,性能问题,user_1073,agent_2019,工单标题355,这是工单355的详细描述内容,3960.0,1.0
TKT202401010355,2024-02-24 00:00:00,2024-02-27 00:00:00,运维部,中,已关闭,权限问题,user_1050,agent_2016,工单标题356,这是工单356的详细描述内容,4320.0,4.0
TKT202401010356,2024-01-20 00:00:00,,技术部,低,待处理,建议,user_1043,agent_2008,工单标题357,这是工单357的详细描述内容,,
TKT202401010357,2024-08-31 00:00:00,2024-09-01 10:00:00,客服部,中,已解决,权限问题,user_1036,agent_2016,工单标题358,这是工单358的详细描述内容,2040.0,1.0
TKT202401010358,2024-04-26 00:00:00,2024-04-26 17:00:00,市场部,低,已解决,权限问题,user_1094,agent_2014,工单标题359,这是工单359的详细描述内容,1020.0,1.0
TKT202401010359,2024-04-06 00:00:00,,财务部,低,待回访,咨询,user_1008,agent_2017,工单标题360,这是工单360的详细描述内容,,1.0
TKT202401010360,2024-06-08 00:00:00,2024-06-10 16:00:00,人力资源,紧急,处理中,数据错误,user_1026,agent_2002,工单标题361,这是工单361的详细描述内容,3840.0,
TKT202401010361,2024-08-21 00:00:00,2024-08-21 06:00:00,市场部,高,已解决,咨询,user_1060,agent_2017,工单标题362,这是工单362的详细描述内容,360.0,
TKT202401010362,2024-03-04 00:00:00,,财务部,低,处理中,投诉,user_1076,agent_2018,工单标题363,这是工单363的详细描述内容,,
TKT202401010363,2024-03-24 00:00:00,2024-03-25 09:00:00,市场部,紧急,已解决,系统故障,user_1050,agent_2002,工单标题364,这是工单364的详细描述内容,1980.0,
TKT202401010364,2024-10-19 00:00:00,2024-10-20 03:00:00,市场部,高,处理中,权限问题,user_1084,agent_2014,工单标题365,这是工单365的详细描述内容,1620.0,1.0
TKT202401010365,2024-08-30 00:00:00,2024-08-30 16:00:00,人力资源,紧急,处理中,权限问题,user_1078,agent_2010,工单标题366,这是工单366的详细描述内容,960.0,3.0
TKT202401010366,2024-08-04 00:00:00,2024-08-06 00:00:00,财务部,中,处理中,投诉,user_1039,agent_2017,工单标题367,这是工单367的详细描述内容,2880.0,4.0
TKT202401010367,2024-10-26 00:00:00,,市场部,中,待回访,其他,user_1078,agent_2010,工单标题368,这是工单368的详细描述内容,,
TKT202401010368,2024-02-25 00:00:00,,运维部,中,已解决,权限问题,user_1084,agent_2010,工单标题369,这是工单369的详细描述内容,,
TKT202401010369,2024-09-21 00:00:00,2024-09-22 06:00:00,人力资源,低,已解决,性能问题,user_1093,agent_2001,工单标题370,这是工单370的详细描述内容,1800.0,3.0
TKT202401010370,2024-05-12 00:00:00,2024-05-14 05:00:00,市场部,紧急,待回访,其他,user_1025,agent_2011,工单标题371,这是工单371的详细描述内容,3180.0,2.0
TKT202401010371,2024-12-17 00:00:00,2024-12-19 20:00:00,财务部,中,待回访,权限问题,user_1022,agent_2018,工单标题372,这是工单372的详细描述内容,4080.0,
TKT202401010372,2024-02-19 00:00:00,,运维部,高,已解决,功能异常,user_1029,agent_2012,工单标题373,这是工单373的详细描述内容,,
TKT202401010373,2024-06-06 00:00:00,2024-06-08 05:00:00,运维部,中,已解决,其他,user_1038,agent_2015,工单标题374,这是工单374的详细描述内容,3180.0,4.0
TKT202401010374,2024-01-28 00:00:00,2024-01-28 09:00:00,技术部,紧急,已关闭,需求变更,user_1039,agent_2014,工单标题375,这是工单375的详细描述内容,540.0,
TKT202401010375,2024-03-18 00:00:00,2024-03-18 17:00:00,运维部,低,待回访,投诉,user_1019,agent_2011,工单标题376,这是工单376的详细描述内容,1020.0,2.0
TKT202401010376,2024-02-11 00:00:00,2024-02-13 14:00:00,技术部,中,待处理,系统故障,user_1058,agent_2009,工单标题377,这是工单377的详细描述内容,3720.0,
TKT202401010377,2024-03-27 00:00:00,2024-03-27 20:00:00,客服部,高,待回访,建议,user_1082,agent_2014,工单标题378,这是工单378的详细描述内容,1200.0,4.0
TKT202401010378,2024-07-15 00:00:00,,技术部,中,待处理,咨询,user_1097,agent_2017,工单标题379,这是工单379的详细描述内容,,
TKT202401010379,2024-12-12 00:00:00,2024-12-12 00:00:00,技术部,高,已解决,权限问题,user_1017,agent_2004,工单标题380,这是工单380的详细描述内容,0.0,
TKT202401010380,2024-10-28 00:00:00,,客服部,中,已解决,投诉,user_1094,agent_2017,工单标题381,这是工单381的详细描述内容,,3.0
TKT202401010381,2024-08-10 00:00:00,2024-08-10 17:00:00,财务部,中,处理中,性能问题,user_1052,agent_2001,工单标题382,这是工单382的详细描述内容,1020.0,
TKT202401010382,2024-03-08 00:00:00,2024-03-09 03:00:00,人力资源,高,待处理,咨询,user_1092,agent_2002,工单标题383,这是工单383的详细描述内容,1620.0,
TKT202401010383,2024-11-23 00:00:00,2024-11-24 08:00:00,人力资源,紧急,待回访,系统故障,user_1085,agent_2004,工单标题384,这是工单384的详细描述内容,1920.0,1.0
TKT202401010384,2024-01-25 00:00:00,2024-01-25 14:00:00,财务部,紧急,待回访,权限问题,user_1061,agent_2005,工单标题385,这是工单385的详细描述内容,840.0,
TKT202401010385,2024-12-17 00:00:00,2024-12-17 01:00:00,市场部,紧急,待回访,权限问题,user_1080,agent_2020,工单标题386,这是工单386的详细描述内容,60.0,4.0
TKT202401010386,2024-02-23 00:00:00,2024-02-25 17:00:00,客服部,中,待处理,功能异常,user_1064,agent_2007,工单标题387,这是工单387的详细描述内容,3900.0,3.0
TKT202401010387,2024-09-24 00:00:00,2024-09-25 01:00:00,财务部,中,处理中,系统故障,user_1071,agent_2016,工单标题388,这是工单388的详细描述内容,1500.0,4.0
TKT202401010388,2024-06-18 00:00:00,,市场部,紧急,待处理,其他,user_1086,agent_2016,工单标题389,这是工单389的详细描述内容,,
TKT202401010389,2024-02-16 00:00:00,,市场部,紧急,已解决,数据错误,user_1059,agent_2010,工单标题390,这是工单390的详细描述内容,,
TKT202401010390,2024-01-26 00:00:00,2024-01-26 12:00:00,客服部,中,已解决,咨询,user_1055,agent_2004,工单标题391,这是工单391的详细描述内容,720.0,
TKT202401010391,2024-01-24 00:00:00,2024-01-24 01:00:00,市场部,高,已解决,咨询,user_1057,agent_2020,工单标题392,这是工单392的详细描述内容,60.0,
TKT202401010392,2024-02-17 00:00:00,2024-02-18 23:00:00,技术部,紧急,已关闭,建议,user_1059,agent_2009,工单标题393,这是工单393的详细描述内容,2820.0,4.0
TKT202401010393,2024-08-03 00:00:00,,市场部,紧急,处理中,功能异常,user_1054,agent_2019,工单标题394,这是工单394的详细描述内容,,5.0
TKT202401010394,2024-12-13 00:00:00,,财务部,中,待回访,系统故障,user_1088,agent_2005,工单标题395,这是工单395的详细描述内容,,4.0
TKT202401010395,2024-02-27 00:00:00,2024-02-29 04:00:00,客服部,中,已解决,系统故障,user_1091,agent_2017,工单标题396,这是工单396的详细描述内容,3120.0,5.0
TKT202401010396,2024-10-16 00:00:00,2024-10-17 04:00:00,市场部,中,待回访,需求变更,user_1089,agent_2020,工单标题397,这是工单397的详细描述内容,1680.0,
TKT202401010397,2024-12-04 00:00:00,2024-12-05 07:00:00,市场部,低,处理中,需求变更,user_1079,agent_2002,工单标题398,这是工单398的详细描述内容,1860.0,
TKT202401010398,2024-03-21 00:00:00,2024-03-23 16:00:00,财务部,高,待处理,投诉,user_1042,agent_2008,工单标题399,这是工单399的详细描述内容,3840.0,
TKT202401010399,2024-05-22 00:00:00,2024-05-22 06:00:00,人力资源,低,已关闭,数据错误,user_1011,agent_2015,工单标题400,这是工单400的详细描述内容,360.0,5.0
TKT202401010400,2024-08-17 00:00:00,2024-08-17 11:00:00,财务部,中,待处理,投诉,user_1096,agent_2001,工单标题401,这是工单401的详细描述内容,660.0,
TKT202401010401,2024-07-30 00:00:00,2024-07-30 04:00:00,客服部,紧急,待回访,其他,user_1082,agent_2010,工单标题402,这是工单402的详细描述内容,240.0,5.0
TKT202401010402,2024-04-15 00:00:00,2024-04-17 10:00:00,运维部,紧急,处理中,投诉,user_1043,agent_2018,工单标题403,这是工单403的详细描述内容,3480.0,5.0
TKT202401010403,2024-08-30 00:00:00,2024-08-31 22:00:00,客服部,紧急,处理中,系统故障,user_1044,agent_2012,工单标题404,这是工单404的详细描述内容,2760.0,3.0
TKT202401010404,2024-10-07 00:00:00,2024-10-09 18:00:00,客服部,紧急,处理中,投诉,user_1018,agent_2014,工单标题405,这是工单405的详细描述内容,3960.0,
TKT202401010405,2024-11-08 00:00:00,,财务部,高,已关闭,数据错误,user_1092,agent_2011,工单标题406,这是工单406的详细描述内容,,
TKT202401010406,2024-07-31 00:00:00,2024-07-31 05:00:00,市场部,紧急,已关闭,投诉,user_1085,agent_2019,工单标题407,这是工单407的详细描述内容,300.0,2.0
TKT202401010407,2024-09-12 00:00:00,2024-09-12 00:00:00,客服部,低,待回访,投诉,user_1066,agent_2006,工单标题408,这是工单408的详细描述内容,0.0,2.0
TKT202401010408,2024-03-06 00:00:00,2024-03-06 13:00:00,人力资源,中,待回访,建议,user_1054,agent_2020,工单标题409,这是工单409的详细描述内容,780.0,2.0
TKT202401010409,2024-05-20 00:00:00,2024-05-22 02:00:00,运维部,低,处理中,性能问题,user_1053,agent_2020,工单标题410,这是工单410的详细描述内容,3000.0,5.0
TKT202401010410,2024-06-02 00:00:00,2024-06-04 22:00:00,市场部,高,处理中,数据错误,user_1080,agent_2010,工单标题411,这是工单411的详细描述内容,4200.0,2.0
TKT202401010411,2024-12-29 00:00:00,2024-12-29 22:00:00,市场部,中,待处理,咨询,user_1072,agent_2016,工单标题412,这是工单412的详细描述内容,1320.0,4.0
TKT202401010412,2024-12-11 00:00:00,,财务部,紧急,待回访,功能异常,user_1004,agent_2013,工单标题413,这是工单413的详细描述内容,,
TKT202401010413,2024-12-09 00:00:00,,技术部,中,已解决,性能问题,user_1008,agent_2010,工单标题414,这是工单414的详细描述内容,,
TKT202401010414,2024-10-04 00:00:00,2024-10-04 04:00:00,财务部,紧急,待回访,需求变更,user_1029,agent_2018,工单标题415,这是工单415的详细描述内容,240.0,
TKT202401010415,2024-09-18 00:00:00,2024-09-19 12:00:00,客服部,低,已关闭,建议,user_1088,agent_2011,工单标题416,这是工单416的详细描述内容,2160.0,1.0
TKT202401010416,2024-01-07 00:00:00,,财务部,高,已解决,其他,user_1070,agent_2020,工单标题417,这是工单417的详细描述内容,,
TKT202401010417,2024-04-09 00:00:00,2024-04-10 13:00:00,市场部,紧急,处理中,性能问题,user_1095,agent_2017,工单标题418,这是工单418的详细描述内容,2220.0,
TKT202401010418,2024-01-21 00:00:00,,运维部,高,处理中,其他,user_1033,agent_2001,工单标题419,这是工单419的详细描述内容,,
TKT202401010419,2024-12-29 00:00:00,,运维部,紧急,待回访,权限问题,user_1063,agent_2019,工单标题420,这是工单420的详细描述内容,,1.0
TKT202401010420,2024-12-28 00:00:00,2024-12-29 16:00:00,技术部,紧急,待回访,性能问题,user_1054,agent_2018,工单标题421,这是工单421的详细描述内容,2400.0,1.0
TKT202401010421,2024-06-27 00:00:00,2024-06-28 04:00:00,市场部,中,已解决,咨询,user_1038,agent_2007,工单标题422,这是工单422的详细描述内容,1680.0,5.0
TKT202401010422,2024-09-28 00:00:00,2024-09-30 12:00:00,市场部,紧急,待处理,咨询,user_1058,agent_2008,工单标题423,这是工单423的详细描述内容,3600.0,5.0
TKT202401010423,2024-11-14 00:00:00,2024-11-15 07:00:00,市场部,中,已关闭,功能异常,user_1050,agent_2009,工单标题424,这是工单424的详细描述内容,1860.0,3.0
TKT202401010424,2024-01-13 00:00:00,2024-01-15 18:00:00,运维部,低,已关闭,系统故障,user_1038,agent_2007,工单标题425,这是工单425的详细描述内容,3960.0,
TKT202401010425,2024-02-12 00:00:00,,人力资源,紧急,待处理,数据错误,user_1086,agent_2007,工单标题426,这是工单426的详细描述内容,,4.0
TKT202401010426,2024-02-23 00:00:00,2024-02-24 02:00:00,市场部,低,待处理,性能问题,user_1004,agent_2015,工单标题427,这是工单427的详细描述内容,1560.0,1.0
TKT202401010427,2024-02-14 00:00:00,,运维部,紧急,待回访,数据错误,user_1034,agent_2014,工单标题428,这是工单428的详细描述内容,,
TKT202401010428,2024-11-18 00:00:00,2024-11-20 03:00:00,客服部,低,待处理,需求变更,user_1001,agent_2020,工单标题429,这是工单429的详细描述内容,3060.0,
TKT202401010429,2024-10-26 00:00:00,2024-10-26 05:00:00,客服部,中,待回访,功能异常,user_1038,agent_2010,工单标题430,这是工单430的详细描述内容,300.0,3.0
TKT202401010430,2024-08-12 00:00:00,2024-08-14 00:00:00,市场部,紧急,已关闭,性能问题,user_1069,agent_2008,工单标题431,这是工单431的详细描述内容,2880.0,
TKT202401010431,2024-07-19 00:00:00,,市场部,高,已解决,咨询,user_1002,agent_2018,工单标题432,这是工单432的详细描述内容,,2.0
TKT202401010432,2024-03-04 00:00:00,,人力资源,低,待回访,需求变更,user_1011,agent_2010,工单标题433,这是工单433的详细描述内容,,
TKT202401010433,2024-06-25 00:00:00,2024-06-26 03:00:00,市场部,高,处理中,性能问题,user_1029,agent_2020,工单标题434,这是工单434的详细描述内容,1620.0,2.0
TKT202401010434,2024-02-28 00:00:00,2024-02-28 23:00:00,人力资源,紧急,待回访,投诉,user_1083,agent_2018,工单标题435,这是工单435的详细描述内容,1380.0,
TKT202401010435,2024-12-09 00:00:00,,技术部,低,已解决,咨询,user_1017,agent_2008,工单标题436,这是工单436的详细描述内容,,
TKT202401010436,2024-11-13 00:00:00,2024-11-13 08:00:00,运维部,低,已关闭,咨询,user_1079,agent_2010,工单标题437,这是工单437的详细描述内容,480.0,2.0
TKT202401010437,2024-10-16 00:00:00,2024-10-19 00:00:00,运维部,低,处理中,系统故障,user_1041,agent_2008,工单标题438,这是工单438的详细描述内容,4320.0,4.0
TKT202401010438,2024-05-21 00:00:00,,市场部,中,已关闭,投诉,user_1058,agent_2012,工单标题439,这是工单439的详细描述内容,,4.0
TKT202401010439,2024-10-09 00:00:00,,人力资源,紧急,已解决,性能问题,user_1069,agent_2007,工单标题440,这是工单440的详细描述内容,,
TKT202401010440,2024-11-16 00:00:00,2024-11-16 09:00:00,客服部,紧急,待回访,其他,user_1052,agent_2019,工单标题441,这是工单441的详细描述内容,540.0,
TKT202401010441,2024-01-19 00:00:00,,人力资源,低,处理中,咨询,user_1051,agent_2008,工单标题442,这是工单442的详细描述内容,,5.0
TKT202401010442,2024-05-28 00:00:00,2024-05-28 17:00:00,人力资源,紧急,已关闭,咨询,user_1065,agent_2001,工单标题443,这是工单443的详细描述内容,1020.0,5.0
TKT202401010443,2024-12-16 00:00:00,2024-12-16 21:00:00,技术部,低,处理中,性能问题,user_1073,agent_2019,工单标题444,这是工单444的详细描述内容,1260.0,2.0
TKT202401010444,2024-09-04 00:00:00,,财务部,高,待处理,权限问题,user_1048,agent_2008,工单标题445,这是工单445的详细描述内容,,
TKT202401010445,2024-04-15 00:00:00,2024-04-17 18:00:00,运维部,低,已关闭,投诉,user_1006,agent_2002,工单标题446,这是工单446的详细描述内容,3960.0,3.0
TKT202401010446,2024-02-22 00:00:00,2024-02-24 18:00:00,运维部,中,待回访,需求变更,user_1073,agent_2006,工单标题447,这是工单447的详细描述内容,3960.0,
TKT202401010447,2024-07-12 00:00:00,2024-07-13 22:00:00,客服部,中,已关闭,数据错误,user_1067,agent_2013,工单标题448,这是工单448的详细描述内容,2760.0,
TKT202401010448,2024-06-25 00:00:00,2024-06-27 14:00:00,人力资源,紧急,待回访,性能问题,user_1057,agent_2006,工单标题449,这是工单449的详细描述内容,3720.0,
TKT202401010449,2024-09-20 00:00:00,,技术部,高,已解决,其他,user_1092,agent_2004,工单标题450,这是工单450的详细描述内容,,4.0
TKT202401010450,2024-06-18 00:00:00,2024-06-18 14:00:00,财务部,低,处理中,其他,user_1021,agent_2014,工单标题451,这是工单451的详细描述内容,840.0,
TKT202401010451,2024-01-23 00:00:00,2024-01-23 16:00:00,技术部,高,待回访,系统故障,user_1074,agent_2005,工单标题452,这是工单452的详细描述内容,960.0,
TKT202401010452,2024-05-12 00:00:00,2024-05-12 23:00:00,财务部,紧急,已解决,功能异常,user_1028,agent_2015,工单标题453,这是工单453的详细描述内容,1380.0,4.0
TKT202401010453,2024-09-03 00:00:00,,财务部,高,待回访,性能问题,user_1080,agent_2017,工单标题454,这是工单454的详细描述内容,,
TKT202401010454,2024-12-17 00:00:00,2024-12-18 19:00:00,人力资源,紧急,处理中,建议,user_1050,agent_2005,工单标题455,这是工单455的详细描述内容,2580.0,
TKT202401010455,2024-04-13 00:00:00,2024-04-15 18:00:00,人力资源,低,处理中,其他,user_1013,agent_2006,工单标题456,这是工单456的详细描述内容,3960.0,5.0
TKT202401010456,2024-11-03 00:00:00,2024-11-03 04:00:00,人力资源,紧急,待处理,投诉,user_1085,agent_2005,工单标题457,这是工单457的详细描述内容,240.0,5.0
TKT202401010457,2024-01-01 00:00:00,2024-01-03 07:00:00,运维部,紧急,待回访,建议,user_1030,agent_2016,工单标题458,这是工单458的详细描述内容,3300.0,4.0
TKT202401010458,2024-06-28 00:00:00,2024-06-28 12:00:00,运维部,低,处理中,功能异常,user_1037,agent_2020,工单标题459,这是工单459的详细描述内容,720.0,4.0
TKT202401010459,2024-05-11 00:00:00,,市场部,紧急,待回访,需求变更,user_1016,agent_2017,工单标题460,这是工单460的详细描述内容,,
TKT202401010460,2024-12-01 00:00:00,2024-12-02 02:00:00,运维部,低,已解决,功能异常,user_1020,agent_2014,工单标题461,这是工单461的详细描述内容,1560.0,3.0
TKT202401010461,2024-05-13 00:00:00,2024-05-15 20:00:00,运维部,中,已关闭,数据错误,user_1053,agent_2018,工单标题462,这是工单462的详细描述内容,4080.0,4.0
TKT202401010462,2024-04-01 00:00:00,2024-04-02 23:00:00,财务部,中,已解决,其他,user_1045,agent_2013,工单标题463,这是工单463的详细描述内容,2820.0,1.0
TKT202401010463,2024-04-27 00:00:00,2024-04-29 09:00:00,技术部,紧急,处理中,需求变更,user_1052,agent_2011,工单标题464,这是工单464的详细描述内容,3420.0,5.0
TKT202401010464,2024-12-22 00:00:00,,市场部,紧急,待处理,性能问题,user_1061,agent_2020,工单标题465,这是工单465的详细描述内容,,1.0
TKT202401010465,2024-05-14 00:00:00,2024-05-15 04:00:00,人力资源,紧急,已关闭,建议,user_1079,agent_2017,工单标题466,这是工单466的详细描述内容,1680.0,
TKT202401010466,2024-11-01 00:00:00,2024-11-01 07:00:00,技术部,低,已关闭,系统故障,user_1026,agent_2017,工单标题467,这是工单467的详细描述内容,420.0,
TKT202401010467,2024-01-18 00:00:00,2024-01-20 17:00:00,技术部,高,待处理,咨询,user_1031,agent_2001,工单标题468,这是工单468的详细描述内容,3900.0,1.0
TKT202401010468,2024-05-21 00:00:00,2024-05-23 03:00:00,财务部,低,待回访,数据错误,user_1067,agent_2001,工单标题469,这是工单469的详细描述内容,3060.0,1.0
TKT202401010469,2024-02-16 00:00:00,,人力资源,中,已解决,权限问题,user_1029,agent_2020,工单标题470,这是工单470的详细描述内容,,4.0
TKT202401010470,2024-07-25 00:00:00,,财务部,紧急,待回访,功能异常,user_1065,agent_2010,工单标题471,这是工单471的详细描述内容,,
TKT202401010471,2024-02-29 00:00:00,2024-03-02 17:00:00,人力资源,中,已关闭,建议,user_1073,agent_2016,工单标题472,这是工单472的详细描述内容,3900.0,3.0
TKT202401010472,2024-08-22 00:00:00,2024-08-24 10:00:00,客服部,低,待处理,权限问题,user_1009,agent_2013,工单标题473,这是工单473的详细描述内容,3480.0,2.0
TKT202401010473,2024-12-12 00:00:00,2024-12-13 05:00:00,财务部,中,待回访,需求变更,user_1002,agent_2009,工单标题474,这是工单474的详细描述内容,1740.0,
TKT202401010474,2024-02-17 00:00:00,2024-02-19 03:00:00,运维部,紧急,待回访,性能问题,user_1061,agent_2011,工单标题475,这是工单475的详细描述内容,3060.0,
TKT202401010475,2024-10-20 00:00:00,,市场部,高,已关闭,数据错误,user_1031,agent_2008,工单标题476,这是工单476的详细描述内容,,2.0
TKT202401010476,2024-04-27 00:00:00,2024-04-28 01:00:00,人力资源,中,处理中,功能异常,user_1016,agent_2003,工单标题477,这是工单477的详细描述内容,1500.0,4.0
TKT202401010477,2024-11-10 00:00:00,2024-11-10 00:00:00,人力资源,紧急,已关闭,咨询,user_1080,agent_2011,工单标题478,这是工单478的详细描述内容,0.0,5.0
TKT202401010478,2024-05-20 00:00:00,,人力资源,中,已关闭,数据错误,user_1097,agent_2019,工单标题479,这是工单479的详细描述内容,,
TKT202401010479,2024-09-26 00:00:00,2024-09-28 06:00:00,人力资源,紧急,待回访,咨询,user_1051,agent_2006,工单标题480,这是工单480的详细描述内容,3240.0,1.0
TKT202401010480,2024-12-23 00:00:00,2024-12-25 18:00:00,市场部,紧急,待处理,数据错误,user_1049,agent_2019,工单标题481,这是工单481的详细描述内容,3960.0,
TKT202401010481,2024-07-04 00:00:00,,运维部,高,已解决,投诉,user_1079,agent_2011,工单标题482,这是工单482的详细描述内容,,
TKT202401010482,2024-09-12 00:00:00,,市场部,中,已解决,建议,user_1036,agent_2015,工单标题483,这是工单483的详细描述内容,,
TKT202401010483,2024-03-08 00:00:00,2024-03-09 05:00:00,市场部,中,处理中,需求变更,user_1056,agent_2013,工单标题484,这是工单484的详细描述内容,1740.0,
TKT202401010484,2024-03-17 00:00:00,2024-03-19 12:00:00,技术部,低,已关闭,性能问题,user_1081,agent_2017,工单标题485,这是工单485的详细描述内容,3600.0,3.0
TKT202401010485,2024-09-06 00:00:00,,人力资源,紧急,已关闭,功能异常,user_1089,agent_2006,工单标题486,这是工单486的详细描述内容,,
TKT202401010486,2024-05-10 00:00:00,2024-05-12 12:00:00,客服部,低,已解决,权限问题,user_1047,agent_2012,工单标题487,这是工单487的详细描述内容,3600.0,3.0
TKT202401010487,2024-06-25 00:00:00,2024-06-25 02:00:00,运维部,高,待回访,其他,user_1084,agent_2018,工单标题488,这是工单488的详细描述内容,120.0,
TKT202401010488,2024-05-25 00:00:00,2024-05-26 21:00:00,人力资源,低,已关闭,功能异常,user_1049,agent_2020,工单标题489,这是工单489的详细描述内容,2700.0,
TKT202401010489,2024-11-19 00:00:00,2024-11-19 18:00:00,市场部,中,已关闭,其他,user_1074,agent_2013,工单标题490,这是工单490的详细描述内容,1080.0,1.0
TKT202401010490,2024-02-10 00:00:00,2024-02-10 20:00:00,运维部,中,已解决,权限问题,user_1078,agent_2013,工单标题491,这是工单491的详细描述内容,1200.0,
TKT202401010491,2024-08-15 00:00:00,2024-08-16 22:00:00,人力资源,低,已关闭,性能问题,user_1024,agent_2001,工单标题492,这是工单492的详细描述内容,2760.0,
TKT202401010492,2024-04-30 00:00:00,2024-05-01 08:00:00,市场部,紧急,处理中,性能问题,user_1051,agent_2004,工单标题493,这是工单493的详细描述内容,1920.0,
TKT202401010493,2024-08-30 00:00:00,,财务部,紧急,待处理,权限问题,user_1080,agent_2005,工单标题494,这是工单494的详细描述内容,,
TKT202401010494,2024-07-18 00:00:00,,市场部,中,已关闭,性能问题,user_1017,agent_2017,工单标题495,这是工单495的详细描述内容,,1.0
TKT202401010495,2024-01-18 00:00:00,2024-01-19 21:00:00,运维部,低,已关闭,需求变更,user_1035,agent_2018,工单标题496,这是工单496的详细描述内容,2700.0,5.0
TKT202401010496,2024-03-31 00:00:00,2024-04-02 10:00:00,市场部,低,待回访,需求变更,user_1040,agent_2012,工单标题497,这是工单497的详细描述内容,3480.0,2.0
TKT202401010497,2024-02-15 00:00:00,2024-02-17 08:00:00,财务部,中,处理中,权限问题,user_1002,agent_2001,工单标题498,这是工单498的详细描述内容,3360.0,2.0
TKT202401010498,2024-06-25 00:00:00,2024-06-26 12:00:00,客服部,低,已关闭,权限问题,user_1002,agent_2014,工单标题499,这是工单499的详细描述内容,2160.0,5.0
TKT202401010499,2024-04-28 00:00:00,2024-04-28 00:00:00,技术部,低,待回访,建议,user_1051,agent_2008,工单标题500,这是工单500的详细描述内容,0.0,
TKT202401010500,2024-11-26 00:00:00,2024-11-28 01:00:00,技术部,中,待处理,建议,user_1081,agent_2008,工单标题501,这是工单501的详细描述内容,2940.0,5.0
TKT202401010501,2024-12-21 00:00:00,,市场部,中,已关闭,数据错误,user_1009,agent_2006,工单标题502,这是工单502的详细描述内容,,
TKT202401010502,2024-02-26 00:00:00,2024-02-28 10:00:00,运维部,低,处理中,咨询,user_1003,agent_2005,工单标题503,这是工单503的详细描述内容,3480.0,
TKT202401010503,2024-09-30 00:00:00,,客服部,中,已解决,性能问题,user_1092,agent_2015,工单标题504,这是工单504的详细描述内容,,2.0
TKT202401010504,2024-02-16 00:00:00,,技术部,中,已关闭,权限问题,user_1064,agent_2012,工单标题505,这是工单505的详细描述内容,,1.0
TKT202401010505,2024-06-18 00:00:00,2024-06-18 10:00:00,技术部,紧急,已解决,建议,user_1010,agent_2018,工单标题506,这是工单506的详细描述内容,600.0,2.0
TKT202401010506,2024-05-08 00:00:00,2024-05-10 00:00:00,客服部,高,已关闭,投诉,user_1032,agent_2002,工单标题507,这是工单507的详细描述内容,2880.0,
TKT202401010507,2024-02-18 00:00:00,2024-02-20 18:00:00,技术部,低,已关闭,权限问题,user_1042,agent_2006,工单标题508,这是工单508的详细描述内容,3960.0,1.0
TKT202401010508,2024-10-08 00:00:00,,财务部,中,处理中,咨询,user_1007,agent_2007,工单标题509,这是工单509的详细描述内容,,2.0
TKT202401010509,2024-11-20 00:00:00,2024-11-22 07:00:00,技术部,中,待回访,功能异常,user_1051,agent_2008,工单标题510,这是工单510的详细描述内容,3300.0,
TKT202401010510,2024-01-22 00:00:00,2024-01-24 12:00:00,技术部,中,待处理,数据错误,user_1021,agent_2016,工单标题511,这是工单511的详细描述内容,3600.0,
TKT202401010511,2024-11-12 00:00:00,2024-11-13 19:00:00,市场部,紧急,待处理,咨询,user_1083,agent_2005,工单标题512,这是工单512的详细描述内容,2580.0,1.0
TKT202401010512,2024-03-05 00:00:00,,人力资源,中,已关闭,数据错误,user_1003,agent_2013,工单标题513,这是工单513的详细描述内容,,
TKT202401010513,2024-03-09 00:00:00,2024-03-10 08:00:00,财务部,低,待回访,权限问题,user_1070,agent_2016,工单标题514,这是工单514的详细描述内容,1920.0,
TKT202401010514,2024-04-05 00:00:00,2024-04-07 21:00:00,市场部,低,已解决,其他,user_1071,agent_2006,工单标题515,这是工单515的详细描述内容,4140.0,
TKT202401010515,2024-03-20 00:00:00,,运维部,中,已关闭,系统故障,user_1100,agent_2017,工单标题516,这是工单516的详细描述内容,,
TKT202401010516,2024-04-04 00:00:00,2024-04-04 02:00:00,运维部,高,已解决,功能异常,user_1085,agent_2018,工单标题517,这是工单517的详细描述内容,120.0,2.0
TKT202401010517,2024-09-25 00:00:00,2024-09-27 15:00:00,技术部,中,已解决,建议,user_1083,agent_2011,工单标题518,这是工单518的详细描述内容,3780.0,
TKT202401010518,2024-09-24 00:00:00,,技术部,高,待处理,数据错误,user_1014,agent_2016,工单标题519,这是工单519的详细描述内容,,
TKT202401010519,2024-01-17 00:00:00,2024-01-19 01:00:00,人力资源,中,待处理,咨询,user_1029,agent_2020,工单标题520,这是工单520的详细描述内容,2940.0,1.0
TKT202401010520,2024-04-16 00:00:00,2024-04-18 14:00:00,客服部,低,待处理,咨询,user_1072,agent_2014,工单标题521,这是工单521的详细描述内容,3720.0,1.0
TKT202401010521,2024-11-11 00:00:00,2024-11-12 10:00:00,市场部,紧急,已解决,功能异常,user_1028,agent_2017,工单标题522,这是工单522的详细描述内容,2040.0,
TKT202401010522,2024-04-28 00:00:00,2024-04-30 20:00:00,技术部,高,待回访,性能问题,user_1072,agent_2018,工单标题523,这是工单523的详细描述内容,4080.0,1.0
TKT202401010523,2024-11-22 00:00:00,2024-11-23 21:00:00,市场部,低,待处理,性能问题,user_1024,agent_2018,工单标题524,这是工单524的详细描述内容,2700.0,3.0
TKT202401010524,2024-12-02 00:00:00,2024-12-02 20:00:00,人力资源,低,已解决,咨询,user_1071,agent_2011,工单标题525,这是工单525的详细描述内容,1200.0,4.0
TKT202401010525,2024-11-20 00:00:00,2024-11-22 07:00:00,运维部,高,待回访,需求变更,user_1028,agent_2013,工单标题526,这是工单526的详细描述内容,3300.0,3.0
TKT202401010526,2024-07-03 00:00:00,2024-07-05 09:00:00,财务部,紧急,待处理,权限问题,user_1077,agent_2001,工单标题527,这是工单527的详细描述内容,3420.0,3.0
TKT202401010527,2024-01-04 00:00:00,2024-01-05 14:00:00,技术部,中,待处理,权限问题,user_1071,agent_2017,工单标题528,这是工单528的详细描述内容,2280.0,5.0
TKT202401010528,2024-03-20 00:00:00,,运维部,高,处理中,权限问题,user_1047,agent_2019,工单标题529,这是工单529的详细描述内容,,
TKT202401010529,2024-05-11 00:00:00,,财务部,高,待处理,咨询,user_1062,agent_2006,工单标题530,这是工单530的详细描述内容,,5.0
TKT202401010530,2024-02-18 00:00:00,,人力资源,低,待处理,系统故障,user_1099,agent_2011,工单标题531,这是工单531的详细描述内容,,
TKT202401010531,2024-08-10 00:00:00,2024-08-12 05:00:00,客服部,高,待回访,系统故障,user_1082,agent_2013,工单标题532,这是工单532的详细描述内容,3180.0,
TKT202401010532,2024-09-25 00:00:00,2024-09-25 05:00:00,人力资源,高,已解决,需求变更,user_1090,agent_2008,工单标题533,这是工单533的详细描述内容,300.0,
TKT202401010533,2024-12-10 00:00:00,2024-12-12 02:00:00,人力资源,紧急,处理中,建议,user_1038,agent_2013,工单标题534,这是工单534的详细描述内容,3000.0,
TKT202401010534,2024-06-21 00:00:00,2024-06-21 10:00:00,市场部,紧急,待回访,建议,user_1034,agent_2003,工单标题535,这是工单535的详细描述内容,600.0,
TKT202401010535,2024-08-10 00:00:00,2024-08-10 16:00:00,财务部,高,已关闭,建议,user_1084,agent_2019,工单标题536,这是工单536的详细描述内容,960.0,
TKT202401010536,2024-11-11 00:00:00,,客服部,中,已关闭,咨询,user_1088,agent_2019,工单标题537,这是工单537的详细描述内容,,
TKT202401010537,2024-12-09 00:00:00,2024-12-11 04:00:00,运维部,高,已解决,咨询,user_1077,agent_2001,工单标题538,这是工单538的详细描述内容,3120.0,2.0
TKT202401010538,2024-06-28 00:00:00,2024-06-30 08:00:00,财务部,紧急,处理中,数据错误,user_1088,agent_2012,工单标题539,这是工单539的详细描述内容,3360.0,
TKT202401010539,2024-02-13 00:00:00,2024-02-13 14:00:00,技术部,高,已解决,系统故障,user_1044,agent_2004,工单标题540,这是工单540的详细描述内容,840.0,
TKT202401010540,2024-08-29 00:00:00,2024-08-29 02:00:00,市场部,高,处理中,需求变更,user_1067,agent_2009,工单标题541,这是工单541的详细描述内容,120.0,5.0
TKT202401010541,2024-03-13 00:00:00,2024-03-13 02:00:00,市场部,紧急,已解决,性能问题,user_1008,agent_2010,工单标题542,这是工单542的详细描述内容,120.0,
TKT202401010542,2024-12-22 00:00:00,,市场部,紧急,待处理,建议,user_1085,agent_2009,工单标题543,这是工单543的详细描述内容,,3.0
TKT202401010543,2024-02-25 00:00:00,,市场部,低,处理中,建议,user_1066,agent_2004,工单标题544,这是工单544的详细描述内容,,4.0
TKT202401010544,2024-11-01 00:00:00,,技术部,低,待回访,系统故障,user_1006,agent_2008,工单标题545,这是工单545的详细描述内容,,3.0
TKT202401010545,2024-06-19 00:00:00,2024-06-21 14:00:00,技术部,紧急,已解决,咨询,user_1046,agent_2010,工单标题546,这是工单546的详细描述内容,3720.0,
TKT202401010546,2024-09-13 00:00:00,2024-09-14 11:00:00,市场部,中,已关闭,系统故障,user_1072,agent_2009,工单标题547,这是工单547的详细描述内容,2100.0,
TKT202401010547,2024-06-23 00:00:00,2024-06-25 02:00:00,客服部,低,待回访,其他,user_1081,agent_2008,工单标题548,这是工单548的详细描述内容,3000.0,5.0
TKT202401010548,2024-03-19 00:00:00,2024-03-21 06:00:00,人力资源,中,已关闭,需求变更,user_1017,agent_2007,工单标题549,这是工单549的详细描述内容,3240.0,5.0
TKT202401010549,2024-10-04 00:00:00,2024-10-05 01:00:00,运维部,高,已关闭,性能问题,user_1084,agent_2019,工单标题550,这是工单550的详细描述内容,1500.0,3.0
TKT202401010550,2024-02-04 00:00:00,2024-02-06 23:00:00,市场部,紧急,处理中,咨询,user_1019,agent_2001,工单标题551,这是工单551的详细描述内容,4260.0,4.0
TKT202401010551,2024-07-29 00:00:00,2024-07-30 14:00:00,市场部,中,处理中,数据错误,user_1014,agent_2005,工单标题552,这是工单552的详细描述内容,2280.0,
TKT202401010552,2024-11-09 00:00:00,2024-11-10 10:00:00,人力资源,高,待回访,数据错误,user_1030,agent_2001,工单标题553,这是工单553的详细描述内容,2040.0,
TKT202401010553,2024-12-18 00:00:00,,人力资源,低,已解决,性能问题,user_1050,agent_2016,工单标题554,这是工单554的详细描述内容,,2.0
TKT202401010554,2024-04-08 00:00:00,,客服部,中,已关闭,数据错误,user_1096,agent_2007,工单标题555,这是工单555的详细描述内容,,1.0
TKT202401010555,2024-03-31 00:00:00,2024-04-02 08:00:00,财务部,中,已关闭,数据错误,user_1055,agent_2013,工单标题556,这是工单556的详细描述内容,3360.0,5.0
TKT202401010556,2024-07-13 00:00:00,2024-07-14 16:00:00,市场部,紧急,待回访,功能异常,user_1058,agent_2015,工单标题557,这是工单557的详细描述内容,2400.0,1.0
TKT202401010557,2024-05-05 00:00:00,2024-05-07 18:00:00,市场部,紧急,待回访,建议,user_1067,agent_2002,工单标题558,这是工单558的详细描述内容,3960.0,
TKT202401010558,2024-08-13 00:00:00,2024-08-15 02:00:00,运维部,低,处理中,建议,user_1038,agent_2020,工单标题559,这是工单559的详细描述内容,3000.0,5.0
TKT202401010559,2024-03-13 00:00:00,2024-03-15 11:00:00,财务部,紧急,待回访,功能异常,user_1024,agent_2019,工单标题560,这是工单560的详细描述内容,3540.0,5.0
TKT202401010560,2024-03-10 00:00:00,2024-03-12 02:00:00,财务部,紧急,处理中,投诉,user_1076,agent_2007,工单标题561,这是工单561的详细描述内容,3000.0,1.0
TKT202401010561,2024-05-08 00:00:00,2024-05-09 17:00:00,市场部,高,待处理,功能异常,user_1015,agent_2015,工单标题562,这是工单562的详细描述内容,2460.0,1.0
TKT202401010562,2024-09-25 00:00:00,2024-09-27 01:00:00,人力资源,高,已关闭,需求变更,user_1049,agent_2002,工单标题563,这是工单563的详细描述内容,2940.0,3.0
TKT202401010563,2024-10-16 00:00:00,,技术部,高,待处理,建议,user_1040,agent_2010,工单标题564,这是工单564的详细描述内容,,4.0
TKT202401010564,2024-05-27 00:00:00,,技术部,高,待处理,其他,user_1098,agent_2009,工单标题565,这是工单565的详细描述内容,,
TKT202401010565,2024-09-11 00:00:00,2024-09-13 15:00:00,客服部,低,处理中,数据错误,user_1076,agent_2016,工单标题566,这是工单566的详细描述内容,3780.0,4.0
TKT202401010566,2024-02-10 00:00:00,,人力资源,中,待回访,需求变更,user_1027,agent_2002,工单标题567,这是工单567的详细描述内容,,
TKT202401010567,2024-01-29 00:00:00,,客服部,中,已解决,功能异常,user_1007,agent_2004,工单标题568,这是工单568的详细描述内容,,2.0
TKT202401010568,2024-03-23 00:00:00,2024-03-24 12:00:00,市场部,高,已关闭,其他,user_1047,agent_2002,工单标题569,这是工单569的详细描述内容,2160.0,
TKT202401010569,2024-06-02 00:00:00,2024-06-03 17:00:00,财务部,紧急,已关闭,需求变更,user_1009,agent_2010,工单标题570,这是工单570的详细描述内容,2460.0,1.0
TKT202401010570,2024-12-21 00:00:00,2024-12-22 11:00:00,财务部,高,处理中,其他,user_1008,agent_2004,工单标题571,这是工单571的详细描述内容,2100.0,5.0
TKT202401010571,2024-02-14 00:00:00,2024-02-16 13:00:00,人力资源,中,已关闭,其他,user_1041,agent_2009,工单标题572,这是工单572的详细描述内容,3660.0,5.0
TKT202401010572,2024-06-30 00:00:00,2024-06-30 16:00:00,财务部,低,已关闭,性能问题,user_1079,agent_2008,工单标题573,这是工单573的详细描述内容,960.0,2.0
TKT202401010573,2024-01-01 00:00:00,,市场部,紧急,处理中,其他,user_1054,agent_2014,工单标题574,这是工单574的详细描述内容,,
TKT202401010574,2024-06-28 00:00:00,2024-06-30 23:00:00,技术部,紧急,处理中,权限问题,user_1033,agent_2003,工单标题575,这是工单575的详细描述内容,4260.0,
TKT202401010575,2024-09-16 00:00:00,2024-09-18 22:00:00,客服部,紧急,已解决,咨询,user_1051,agent_2019,工单标题576,这是工单576的详细描述内容,4200.0,1.0
TKT202401010576,2024-03-30 00:00:00,2024-03-31 00:00:00,运维部,低,已关闭,系统故障,user_1083,agent_2005,工单标题577,这是工单577的详细描述内容,1440.0,4.0
TKT202401010577,2024-10-01 00:00:00,2024-10-02 18:00:00,财务部,紧急,待回访,权限问题,user_1073,agent_2011,工单标题578,这是工单578的详细描述内容,2520.0,1.0
TKT202401010578,2024-04-16 00:00:00,2024-04-17 18:00:00,运维部,紧急,处理中,权限问题,user_1004,agent_2011,工单标题579,这是工单579的详细描述内容,2520.0,5.0
TKT202401010579,2024-03-25 00:00:00,,客服部,中,已解决,系统故障,user_1035,agent_2014,工单标题580,这是工单580的详细描述内容,,
TKT202401010580,2024-05-01 00:00:00,2024-05-02 23:00:00,运维部,高,待回访,权限问题,user_1023,agent_2004,工单标题581,这是工单581的详细描述内容,2820.0,
TKT202401010581,2024-01-20 00:00:00,2024-01-21 01:00:00,财务部,紧急,已关闭,需求变更,user_1020,agent_2007,工单标题582,这是工单582的详细描述内容,1500.0,
TKT202401010582,2024-09-04 00:00:00,2024-09-06 19:00:00,运维部,高,待处理,需求变更,user_1087,agent_2005,工单标题583,这是工单583的详细描述内容,4020.0,
TKT202401010583,2024-01-19 00:00:00,2024-01-21 10:00:00,人力资源,紧急,待处理,权限问题,user_1006,agent_2020,工单标题584,这是工单584的详细描述内容,3480.0,3.0
TKT202401010584,2024-08-27 00:00:00,,市场部,中,待处理,其他,user_1098,agent_2010,工单标题585,这是工单585的详细描述内容,,2.0
TKT202401010585,2024-06-13 00:00:00,,运维部,中,已关闭,功能异常,user_1035,agent_2005,工单标题586,这是工单586的详细描述内容,,
TKT202401010586,2024-02-28 00:00:00,2024-02-28 01:00:00,人力资源,紧急,处理中,需求变更,user_1045,agent_2018,工单标题587,这是工单587的详细描述内容,60.0,
TKT202401010587,2024-03-13 00:00:00,2024-03-14 12:00:00,技术部,紧急,已解决,其他,user_1044,agent_2018,工单标题588,这是工单588的详细描述内容,2160.0,2.0
TKT202401010588,2024-01-15 00:00:00,2024-01-17 12:00:00,客服部,紧急,已关闭,系统故障,user_1012,agent_2014,工单标题589,这是工单589的详细描述内容,3600.0,
TKT202401010589,2024-12-26 00:00:00,2024-12-28 09:00:00,运维部,中,处理中,需求变更,user_1011,agent_2015,工单标题590,这是工单590的详细描述内容,3420.0,1.0
TKT202401010590,2024-12-23 00:00:00,,运维部,低,已关闭,数据错误,user_1029,agent_2005,工单标题591,这是工单591的详细描述内容,,5.0
TKT202401010591,2024-05-12 00:00:00,2024-05-13 22:00:00,市场部,中,已解决,投诉,user_1063,agent_2001,工单标题592,这是工单592的详细描述内容,2760.0,
TKT202401010592,2024-02-27 00:00:00,2024-02-28 20:00:00,技术部,中,已解决,其他,user_1074,agent_2005,工单标题593,这是工单593的详细描述内容,2640.0,4.0
TKT202401010593,2024-12-31 00:00:00,2024-12-31 13:00:00,市场部,紧急,已解决,需求变更,user_1060,agent_2013,工单标题594,这是工单594的详细描述内容,780.0,2.0
TKT202401010594,2024-11-13 00:00:00,2024-11-14 07:00:00,财务部,低,待处理,咨询,user_1027,agent_2019,工单标题595,这是工单595的详细描述内容,1860.0,4.0
TKT202401010595,2024-10-17 00:00:00,2024-10-18 19:00:00,技术部,高,待处理,其他,user_1063,agent_2004,工单标题596,这是工单596的详细描述内容,2580.0,4.0
TKT202401010596,2024-06-15 00:00:00,,财务部,高,已解决,建议,user_1009,agent_2020,工单标题597,这是工单597的详细描述内容,,
TKT202401010597,2024-11-01 00:00:00,2024-11-03 00:00:00,市场部,紧急,待处理,数据错误,user_1018,agent_2019,工单标题598,这是工单598的详细描述内容,2880.0,1.0
TKT202401010598,2024-03-16 00:00:00,2024-03-16 19:00:00,运维部,低,待回访,其他,user_1058,agent_2007,工单标题599,这是工单599的详细描述内容,1140.0,
TKT202401010599,2024-06-11 00:00:00,2024-06-12 14:00:00,市场部,中,已关闭,咨询,user_1012,agent_2019,工单标题600,这是工单600的详细描述内容,2280.0,
TKT202401010600,2024-09-18 00:00:00,2024-09-20 03:00:00,运维部,紧急,已解决,需求变更,user_1007,agent_2001,工单标题601,这是工单601的详细描述内容,3060.0,3.0
TKT202401010601,2024-02-26 00:00:00,2024-02-27 12:00:00,技术部,低,待回访,建议,user_1081,agent_2011,工单标题602,这是工单602的详细描述内容,2160.0,4.0
TKT202401010602,2024-07-14 00:00:00,2024-07-16 07:00:00,市场部,高,已关闭,性能问题,user_1025,agent_2018,工单标题603,这是工单603的详细描述内容,3300.0,
TKT202401010603,2024-07-03 00:00:00,,市场部,高,处理中,系统故障,user_1010,agent_2001,工单标题604,这是工单604的详细描述内容,,
TKT202401010604,2024-09-06 00:00:00,2024-09-08 07:00:00,技术部,紧急,处理中,建议,user_1059,agent_2020,工单标题605,这是工单605的详细描述内容,3300.0,5.0
TKT202401010605,2024-04-02 00:00:00,2024-04-04 10:00:00,人力资源,低,已关闭,咨询,user_1029,agent_2006,工单标题606,这是工单606的详细描述内容,3480.0,1.0
TKT202401010606,2024-10-22 00:00:00,2024-10-24 15:00:00,技术部,中,已关闭,需求变更,user_1074,agent_2012,工单标题607,这是工单607的详细描述内容,3780.0,
TKT202401010607,2024-01-20 00:00:00,2024-01-23 00:00:00,运维部,紧急,待回访,投诉,user_1089,agent_2003,工单标题608,这是工单608的详细描述内容,4320.0,
TKT202401010608,2024-09-26 00:00:00,2024-09-27 11:00:00,客服部,紧急,处理中,投诉,user_1081,agent_2003,工单标题609,这是工单609的详细描述内容,2100.0,5.0
TKT202401010609,2024-10-23 00:00:00,2024-10-24 15:00:00,运维部,紧急,已关闭,投诉,user_1066,agent_2016,工单标题610,这是工单610的详细描述内容,2340.0,3.0
TKT202401010610,2024-08-03 00:00:00,2024-08-04 21:00:00,运维部,中,处理中,系统故障,user_1089,agent_2020,工单标题611,这是工单611的详细描述内容,2700.0,5.0
TKT202401010611,2024-05-13 00:00:00,2024-05-13 07:00:00,人力资源,高,待回访,系统故障,user_1085,agent_2010,工单标题612,这是工单612的详细描述内容,420.0,5.0
TKT202401010612,2024-01-14 00:00:00,2024-01-15 12:00:00,技术部,紧急,已解决,权限问题,user_1017,agent_2020,工单标题613,这是工单613的详细描述内容,2160.0,
TKT202401010613,2024-05-11 00:00:00,2024-05-11 01:00:00,人力资源,高,待回访,性能问题,user_1085,agent_2015,工单标题614,这是工单614的详细描述内容,60.0,
TKT202401010614,2024-03-30 00:00:00,2024-03-31 09:00:00,技术部,低,处理中,需求变更,user_1005,agent_2011,工单标题615,这是工单615的详细描述内容,1980.0,2.0
TKT202401010615,2024-10-31 00:00:00,2024-10-31 19:00:00,财务部,低,处理中,投诉,user_1093,agent_2006,工单标题616,这是工单616的详细描述内容,1140.0,
TKT202401010616,2024-06-25 00:00:00,2024-06-25 06:00:00,客服部,紧急,处理中,投诉,user_1052,agent_2016,工单标题617,这是工单617的详细描述内容,360.0,
TKT202401010617,2024-09-29 00:00:00,2024-09-30 05:00:00,市场部,低,已关闭,权限问题,user_1019,agent_2017,工单标题618,这是工单618的详细描述内容,1740.0,1.0
TKT202401010618,2024-05-27 00:00:00,2024-05-29 09:00:00,运维部,紧急,待处理,需求变更,user_1082,agent_2012,工单标题619,这是工单619的详细描述内容,3420.0,4.0
TKT202401010619,2024-11-08 00:00:00,2024-11-09 10:00:00,运维部,紧急,已解决,其他,user_1051,agent_2015,工单标题620,这是工单620的详细描述内容,2040.0,2.0
TKT202401010620,2024-12-10 00:00:00,2024-12-11 00:00:00,市场部,高,已解决,需求变更,user_1002,agent_2001,工单标题621,这是工单621的详细描述内容,1440.0,1.0
TKT202401010621,2024-07-29 00:00:00,2024-07-29 12:00:00,市场部,低,已解决,数据错误,user_1093,agent_2010,工单标题622,这是工单622的详细描述内容,720.0,
TKT202401010622,2024-01-18 00:00:00,2024-01-18 03:00:00,客服部,高,待回访,功能异常,user_1091,agent_2004,工单标题623,这是工单623的详细描述内容,180.0,
TKT202401010623,2024-11-05 00:00:00,2024-11-05 16:00:00,市场部,高,待处理,性能问题,user_1033,agent_2010,工单标题624,这是工单624的详细描述内容,960.0,1.0
TKT202401010624,2024-11-23 00:00:00,2024-11-25 10:00:00,运维部,低,已解决,权限问题,user_1021,agent_2003,工单标题625,这是工单625的详细描述内容,3480.0,
TKT202401010625,2024-02-01 00:00:00,2024-02-03 00:00:00,客服部,中,已解决,性能问题,user_1057,agent_2003,工单标题626,这是工单626的详细描述内容,2880.0,2.0
TKT202401010626,2024-11-08 00:00:00,,财务部,紧急,处理中,需求变更,user_1099,agent_2014,工单标题627,这是工单627的详细描述内容,,
TKT202401010627,2024-11-25 00:00:00,2024-11-25 13:00:00,市场部,中,待处理,系统故障,user_1010,agent_2003,工单标题628,这是工单628的详细描述内容,780.0,3.0
TKT202401010628,2024-08-16 00:00:00,2024-08-16 02:00:00,技术部,紧急,待处理,建议,user_1035,agent_2005,工单标题629,这是工单629的详细描述内容,120.0,4.0
TKT202401010629,2024-10-21 00:00:00,2024-10-21 00:00:00,财务部,低,已关闭,建议,user_1094,agent_2003,工单标题630,这是工单630的详细描述内容,0.0,1.0
TKT202401010630,2024-07-15 00:00:00,,人力资源,中,已解决,权限问题,user_1052,agent_2002,工单标题631,这是工单631的详细描述内容,,1.0
TKT202401010631,2024-07-06 00:00:00,2024-07-08 20:00:00,运维部,紧急,已关闭,权限问题,user_1083,agent_2007,工单标题632,这是工单632的详细描述内容,4080.0,
TKT202401010632,2024-01-21 00:00:00,2024-01-23 01:00:00,运维部,低,待处理,咨询,user_1063,agent_2003,工单标题633,这是工单633的详细描述内容,2940.0,4.0
TKT202401010633,2024-04-07 00:00:00,,客服部,高,已关闭,建议,user_1009,agent_2018,工单标题634,这是工单634的详细描述内容,,4.0
TKT202401010634,2024-09-30 00:00:00,2024-10-02 09:00:00,客服部,紧急,已解决,系统故障,user_1044,agent_2002,工单标题635,这是工单635的详细描述内容,3420.0,2.0
TKT202401010635,2024-11-30 00:00:00,2024-12-02 18:00:00,市场部,高,待回访,数据错误,user_1010,agent_2002,工单标题636,这是工单636的详细描述内容,3960.0,4.0
TKT202401010636,2024-11-30 00:00:00,2024-11-30 02:00:00,人力资源,紧急,处理中,性能问题,user_1002,agent_2006,工单标题637,这是工单637的详细描述内容,120.0,3.0
TKT202401010637,2024-02-19 00:00:00,2024-02-21 10:00:00,人力资源,紧急,待处理,功能异常,user_1064,agent_2020,工单标题638,这是工单638的详细描述内容,3480.0,2.0
TKT202401010638,2024-02-02 00:00:00,2024-02-03 01:00:00,市场部,低,已解决,功能异常,user_1088,agent_2019,工单标题639,这是工单639的详细描述内容,1500.0,3.0
TKT202401010639,2024-04-19 00:00:00,2024-04-19 05:00:00,运维部,紧急,待处理,权限问题,user_1019,agent_2014,工单标题640,这是工单640的详细描述内容,300.0,
TKT202401010640,2024-07-08 00:00:00,,技术部,紧急,处理中,功能异常,user_1081,agent_2020,工单标题641,这是工单641的详细描述内容,,
TKT202401010641,2024-03-21 00:00:00,2024-03-21 02:00:00,客服部,紧急,待处理,性能问题,user_1012,agent_2019,工单标题642,这是工单642的详细描述内容,120.0,4.0
TKT202401010642,2024-12-21 00:00:00,2024-12-23 12:00:00,技术部,高,已解决,需求变更,user_1058,agent_2014,工单标题643,这是工单643的详细描述内容,3600.0,
TKT202401010643,2024-03-30 00:00:00,2024-03-30 04:00:00,市场部,低,待回访,功能异常,user_1081,agent_2010,工单标题644,这是工单644的详细描述内容,240.0,
TKT202401010644,2024-01-03 00:00:00,,客服部,紧急,待回访,咨询,user_1098,agent_2018,工单标题645,这是工单645的详细描述内容,,4.0
TKT202401010645,2024-11-16 00:00:00,,技术部,紧急,处理中,投诉,user_1064,agent_2006,工单标题646,这是工单646的详细描述内容,,
TKT202401010646,2024-01-23 00:00:00,2024-01-23 06:00:00,运维部,高,已关闭,权限问题,user_1043,agent_2020,工单标题647,这是工单647的详细描述内容,360.0,4.0
TKT202401010647,2024-01-23 00:00:00,2024-01-23 13:00:00,人力资源,高,处理中,系统故障,user_1063,agent_2017,工单标题648,这是工单648的详细描述内容,780.0,
TKT202401010648,2024-04-30 00:00:00,2024-05-02 08:00:00,运维部,低,处理中,咨询,user_1030,agent_2004,工单标题649,这是工单649的详细描述内容,3360.0,
TKT202401010649,2024-02-20 00:00:00,2024-02-21 06:00:00,技术部,低,处理中,功能异常,user_1061,agent_2019,工单标题650,这是工单650的详细描述内容,1800.0,4.0
TKT202401010650,2024-03-15 00:00:00,2024-03-16 03:00:00,财务部,高,已关闭,咨询,user_1018,agent_2015,工单标题651,这是工单651的详细描述内容,1620.0,3.0
TKT202401010651,2024-05-18 00:00:00,2024-05-19 01:00:00,客服部,紧急,已解决,性能问题,user_1015,agent_2015,工单标题652,这是工单652的详细描述内容,1500.0,2.0
TKT202401010652,2024-06-24 00:00:00,2024-06-25 04:00:00,人力资源,高,待回访,性能问题,user_1074,agent_2018,工单标题653,这是工单653的详细描述内容,1680.0,1.0
TKT202401010653,2024-07-29 00:00:00,2024-07-31 18:00:00,技术部,低,已关闭,权限问题,user_1002,agent_2014,工单标题654,这是工单654的详细描述内容,3960.0,2.0
TKT202401010654,2024-05-06 00:00:00,2024-05-07 17:00:00,技术部,高,待回访,系统故障,user_1054,agent_2002,工单标题655,这是工单655的详细描述内容,2460.0,
TKT202401010655,2024-08-28 00:00:00,,人力资源,低,已关闭,功能异常,user_1058,agent_2016,工单标题656,这是工单656的详细描述内容,,
TKT202401010656,2024-10-12 00:00:00,2024-10-12 01:00:00,财务部,高,处理中,咨询,user_1038,agent_2008,工单标题657,这是工单657的详细描述内容,60.0,1.0
TKT202401010657,2024-01-09 00:00:00,2024-01-11 13:00:00,技术部,低,待回访,其他,user_1004,agent_2015,工单标题658,这是工单658的详细描述内容,3660.0,2.0
TKT202401010658,2024-12-26 00:00:00,,运维部,低,待处理,功能异常,user_1050,agent_2011,工单标题659,这是工单659的详细描述内容,,3.0
TKT202401010659,2024-08-06 00:00:00,2024-08-07 10:00:00,人力资源,高,待处理,其他,user_1043,agent_2002,工单标题660,这是工单660的详细描述内容,2040.0,3.0
TKT202401010660,2024-01-27 00:00:00,2024-01-27 14:00:00,财务部,紧急,已解决,咨询,user_1023,agent_2018,工单标题661,这是工单661的详细描述内容,840.0,5.0
TKT202401010661,2024-12-29 00:00:00,,运维部,高,待回访,功能异常,user_1084,agent_2016,工单标题662,这是工单662的详细描述内容,,5.0
TKT202401010662,2024-12-25 00:00:00,2024-12-26 02:00:00,技术部,中,已解决,权限问题,user_1065,agent_2014,工单标题663,这是工单663的详细描述内容,1560.0,
TKT202401010663,2024-02-02 00:00:00,2024-02-03 23:00:00,财务部,紧急,已关闭,需求变更,user_1087,agent_2018,工单标题664,这是工单664的详细描述内容,2820.0,4.0
TKT202401010664,2024-11-13 00:00:00,2024-11-14 23:00:00,市场部,紧急,处理中,投诉,user_1012,agent_2003,工单标题665,这是工单665的详细描述内容,2820.0,
TKT202401010665,2024-04-01 00:00:00,2024-04-02 12:00:00,客服部,紧急,处理中,权限问题,user_1015,agent_2005,工单标题666,这是工单666的详细描述内容,2160.0,2.0
TKT202401010666,2024-09-23 00:00:00,,市场部,高,已关闭,咨询,user_1054,agent_2015,工单标题667,这是工单667的详细描述内容,,1.0
TKT202401010667,2024-05-29 00:00:00,,技术部,中,已关闭,其他,user_1044,agent_2011,工单标题668,这是工单668的详细描述内容,,5.0
TKT202401010668,2024-10-07 00:00:00,2024-10-09 08:00:00,人力资源,高,已解决,性能问题,user_1034,agent_2008,工单标题669,这是工单669的详细描述内容,3360.0,3.0
TKT202401010669,2024-01-25 00:00:00,2024-01-25 18:00:00,财务部,高,待回访,性能问题,user_1092,agent_2018,工单标题670,这是工单670的详细描述内容,1080.0,
TKT202401010670,2024-03-30 00:00:00,,客服部,紧急,已解决,其他,user_1017,agent_2015,工单标题671,这是工单671的详细描述内容,,
TKT202401010671,2024-04-04 00:00:00,2024-04-05 02:00:00,客服部,中,已解决,性能问题,user_1048,agent_2015,工单标题672,这是工单672的详细描述内容,1560.0,2.0
TKT202401010672,2024-09-30 00:00:00,,客服部,低,已关闭,性能问题,user_1059,agent_2011,工单标题673,这是工单673的详细描述内容,,
TKT202401010673,2024-10-06 00:00:00,2024-10-08 16:00:00,市场部,中,已关闭,权限问题,user_1097,agent_2019,工单标题674,这是工单674的详细描述内容,3840.0,5.0
TKT202401010674,2024-08-14 00:00:00,2024-08-15 19:00:00,市场部,低,待处理,性能问题,user_1087,agent_2018,工单标题675,这是工单675的详细描述内容,2580.0,
TKT202401010675,2024-01-13 00:00:00,2024-01-15 03:00:00,技术部,低,已解决,功能异常,user_1042,agent_2002,工单标题676,这是工单676的详细描述内容,3060.0,2.0
TKT202401010676,2024-10-25 00:00:00,,运维部,高,待处理,功能异常,user_1069,agent_2015,工单标题677,这是工单677的详细描述内容,,1.0
TKT202401010677,2024-09-19 00:00:00,,运维部,紧急,已解决,建议,user_1019,agent_2014,工单标题678,这是工单678的详细描述内容,,
TKT202401010678,2024-07-09 00:00:00,,运维部,中,已关闭,需求变更,user_1012,agent_2007,工单标题679,这是工单679的详细描述内容,,4.0
TKT202401010679,2024-07-31 00:00:00,,市场部,低,已关闭,性能问题,user_1076,agent_2020,工单标题680,这是工单680的详细描述内容,,
TKT202401010680,2024-04-16 00:00:00,2024-04-17 14:00:00,人力资源,中,待处理,其他,user_1097,agent_2013,工单标题681,这是工单681的详细描述内容,2280.0,
TKT202401010681,2024-07-28 00:00:00,2024-07-29 10:00:00,人力资源,低,待回访,性能问题,user_1026,agent_2006,工单标题682,这是工单682的详细描述内容,2040.0,3.0
TKT202401010682,2024-10-10 00:00:00,,运维部,中,已关闭,需求变更,user_1095,agent_2015,工单标题683,这是工单683的详细描述内容,,
TKT202401010683,2024-01-02 00:00:00,,市场部,低,待处理,权限问题,user_1054,agent_2006,工单标题684,这是工单684的详细描述内容,,2.0
TKT202401010684,2024-01-15 00:00:00,2024-01-15 15:00:00,财务部,紧急,待回访,咨询,user_1075,agent_2016,工单标题685,这是工单685的详细描述内容,900.0,3.0
TKT202401010685,2024-11-17 00:00:00,2024-11-19 12:00:00,客服部,中,待回访,其他,user_1003,agent_2009,工单标题686,这是工单686的详细描述内容,3600.0,
TKT202401010686,2024-01-30 00:00:00,2024-01-30 18:00:00,市场部,高,已解决,性能问题,user_1007,agent_2009,工单标题687,这是工单687的详细描述内容,1080.0,
TKT202401010687,2024-11-21 00:00:00,,运维部,紧急,待回访,数据错误,user_1099,agent_2006,工单标题688,这是工单688的详细描述内容,,5.0
TKT202401010688,2024-03-26 00:00:00,2024-03-28 21:00:00,运维部,中,已解决,咨询,user_1013,agent_2018,工单标题689,这是工单689的详细描述内容,4140.0,2.0
TKT202401010689,2024-01-07 00:00:00,2024-01-07 17:00:00,运维部,低,已关闭,咨询,user_1021,agent_2004,工单标题690,这是工单690的详细描述内容,1020.0,
TKT202401010690,2024-09-14 00:00:00,2024-09-15 04:00:00,人力资源,紧急,已关闭,投诉,user_1010,agent_2004,工单标题691,这是工单691的详细描述内容,1680.0,1.0
TKT202401010691,2024-09-02 00:00:00,2024-09-03 20:00:00,运维部,高,已关闭,其他,user_1067,agent_2011,工单标题692,这是工单692的详细描述内容,2640.0,
TKT202401010692,2024-06-04 00:00:00,2024-06-04 03:00:00,客服部,高,处理中,性能问题,user_1089,agent_2008,工单标题693,这是工单693的详细描述内容,180.0,
TKT202401010693,2024-04-17 00:00:00,2024-04-17 16:00:00,财务部,紧急,待处理,系统故障,user_1100,agent_2016,工单标题694,这是工单694的详细描述内容,960.0,1.0
TKT202401010694,2024-04-10 00:00:00,,市场部,紧急,已关闭,功能异常,user_1033,agent_2002,工单标题695,这是工单695的详细描述内容,,
TKT202401010695,2024-12-07 00:00:00,2024-12-07 01:00:00,客服部,高,待回访,数据错误,user_1024,agent_2012,工单标题696,这是工单696的详细描述内容,60.0,
TKT202401010696,2024-03-15 00:00:00,2024-03-16 11:00:00,运维部,中,处理中,需求变更,user_1100,agent_2020,工单标题697,这是工单697的详细描述内容,2100.0,
TKT202401010697,2024-10-18 00:00:00,,人力资源,紧急,待回访,数据错误,user_1092,agent_2007,工单标题698,这是工单698的详细描述内容,,2.0
TKT202401010698,2024-10-02 00:00:00,2024-10-02 00:00:00,客服部,高,待回访,投诉,user_1047,agent_2019,工单标题699,这是工单699的详细描述内容,0.0,
TKT202401010699,2024-12-10 00:00:00,,运维部,低,已关闭,数据错误,user_1066,agent_2008,工单标题700,这是工单700的详细描述内容,,3.0
TKT202401010700,2024-03-04 00:00:00,,技术部,低,已解决,权限问题,user_1072,agent_2002,工单标题701,这是工单701的详细描述内容,,
TKT202401010701,2024-09-09 00:00:00,2024-09-09 14:00:00,财务部,中,已关闭,数据错误,user_1071,agent_2014,工单标题702,这是工单702的详细描述内容,840.0,
TKT202401010702,2024-08-07 00:00:00,2024-08-08 00:00:00,财务部,中,处理中,系统故障,user_1087,agent_2016,工单标题703,这是工单703的详细描述内容,1440.0,4.0
TKT202401010703,2024-08-12 00:00:00,2024-08-14 18:00:00,客服部,紧急,处理中,建议,user_1052,agent_2019,工单标题704,这是工单704的详细描述内容,3960.0,2.0
TKT202401010704,2024-02-03 00:00:00,2024-02-04 22:00:00,运维部,高,待回访,建议,user_1016,agent_2008,工单标题705,这是工单705的详细描述内容,2760.0,4.0
TKT202401010705,2024-05-22 00:00:00,2024-05-23 10:00:00,市场部,低,已解决,投诉,user_1086,agent_2020,工单标题706,这是工单706的详细描述内容,2040.0,4.0
TKT202401010706,2024-09-18 00:00:00,,财务部,紧急,待处理,权限问题,user_1063,agent_2016,工单标题707,这是工单707的详细描述内容,,
TKT202401010707,2024-03-09 00:00:00,,客服部,紧急,已关闭,系统故障,user_1023,agent_2013,工单标题708,这是工单708的详细描述内容,,3.0
TKT202401010708,2024-03-19 00:00:00,2024-03-20 14:00:00,客服部,紧急,待回访,投诉,user_1060,agent_2007,工单标题709,这是工单709的详细描述内容,2280.0,
TKT202401010709,2024-09-11 00:00:00,2024-09-13 14:00:00,人力资源,中,待回访,需求变更,user_1003,agent_2002,工单标题710,这是工单710的详细描述内容,3720.0,1.0
TKT202401010710,2024-07-15 00:00:00,2024-07-17 09:00:00,财务部,低,已关闭,系统故障,user_1005,agent_2006,工单标题711,这是工单711的详细描述内容,3420.0,3.0
TKT202401010711,2024-12-27 00:00:00,2024-12-27 21:00:00,技术部,中,已关闭,投诉,user_1098,agent_2004,工单标题712,这是工单712的详细描述内容,1260.0,4.0
TKT202401010712,2024-12-03 00:00:00,2024-12-05 22:00:00,人力资源,低,已关闭,需求变更,user_1021,agent_2017,工单标题713,这是工单713的详细描述内容,4200.0,
TKT202401010713,2024-05-14 00:00:00,2024-05-16 15:00:00,财务部,中,已解决,咨询,user_1008,agent_2001,工单标题714,这是工单714的详细描述内容,3780.0,2.0
TKT202401010714,2024-07-06 00:00:00,2024-07-07 20:00:00,人力资源,紧急,已解决,建议,user_1013,agent_2014,工单标题715,这是工单715的详细描述内容,2640.0,
TKT202401010715,2024-07-01 00:00:00,2024-07-03 04:00:00,市场部,高,处理中,数据错误,user_1083,agent_2010,工单标题716,这是工单716的详细描述内容,3120.0,1.0
TKT202401010716,2024-06-05 00:00:00,2024-06-05 14:00:00,客服部,中,待处理,投诉,user_1085,agent_2014,工单标题717,这是工单717的详细描述内容,840.0,4.0
TKT202401010717,2024-05-16 00:00:00,2024-05-16 02:00:00,人力资源,紧急,已解决,建议,user_1074,agent_2013,工单标题718,这是工单718的详细描述内容,120.0,
TKT202401010718,2024-02-20 00:00:00,,市场部,高,已解决,投诉,user_1065,agent_2011,工单标题719,这是工单719的详细描述内容,,
TKT202401010719,2024-06-02 00:00:00,2024-06-03 22:00:00,技术部,低,待处理,需求变更,user_1028,agent_2010,工单标题720,这是工单720的详细描述内容,2760.0,
TKT202401010720,2024-06-01 00:00:00,2024-06-03 03:00:00,人力资源,紧急,待回访,功能异常,user_1076,agent_2011,工单标题721,这是工单721的详细描述内容,3060.0,
TKT202401010721,2024-10-17 00:00:00,2024-10-19 19:00:00,技术部,中,待处理,权限问题,user_1065,agent_2010,工单标题722,这是工单722的详细描述内容,4020.0,5.0
TKT202401010722,2024-06-09 00:00:00,2024-06-10 01:00:00,运维部,低,待回访,性能问题,user_1003,agent_2017,工单标题723,这是工单723的详细描述内容,1500.0,5.0
TKT202401010723,2024-09-12 00:00:00,2024-09-13 03:00:00,市场部,低,已解决,需求变更,user_1079,agent_2014,工单标题724,这是工单724的详细描述内容,1620.0,1.0
TKT202401010724,2024-09-24 00:00:00,2024-09-25 01:00:00,技术部,高,处理中,权限问题,user_1056,agent_2014,工单标题725,这是工单725的详细描述内容,1500.0,
TKT202401010725,2024-02-02 00:00:00,2024-02-03 02:00:00,运维部,中,处理中,权限问题,user_1088,agent_2020,工单标题726,这是工单726的详细描述内容,1560.0,
TKT202401010726,2024-05-02 00:00:00,,客服部,高,已解决,投诉,user_1063,agent_2018,工单标题727,这是工单727的详细描述内容,,4.0
TKT202401010727,2024-11-27 00:00:00,,运维部,高,待处理,权限问题,user_1036,agent_2018,工单标题728,这是工单728的详细描述内容,,
TKT202401010728,2024-01-22 00:00:00,2024-01-24 14:00:00,客服部,紧急,已解决,其他,user_1039,agent_2003,工单标题729,这是工单729的详细描述内容,3720.0,4.0
TKT202401010729,2024-07-05 00:00:00,2024-07-05 11:00:00,市场部,高,处理中,功能异常,user_1074,agent_2017,工单标题730,这是工单730的详细描述内容,660.0,5.0
TKT202401010730,2024-12-06 00:00:00,,客服部,高,待回访,功能异常,user_1099,agent_2011,工单标题731,这是工单731的详细描述内容,,
TKT202401010731,2024-10-26 00:00:00,2024-10-28 01:00:00,市场部,高,已关闭,数据错误,user_1019,agent_2004,工单标题732,这是工单732的详细描述内容,2940.0,
TKT202401010732,2024-05-20 00:00:00,2024-05-22 08:00:00,人力资源,紧急,已关闭,需求变更,user_1048,agent_2004,工单标题733,这是工单733的详细描述内容,3360.0,
TKT202401010733,2024-08-04 00:00:00,2024-08-06 12:00:00,运维部,高,已解决,投诉,user_1092,agent_2012,工单标题734,这是工单734的详细描述内容,3600.0,1.0
TKT202401010734,2024-11-26 00:00:00,2024-11-26 04:00:00,市场部,紧急,处理中,权限问题,user_1071,agent_2013,工单标题735,这是工单735的详细描述内容,240.0,
TKT202401010735,2024-12-24 00:00:00,2024-12-25 22:00:00,市场部,紧急,待回访,数据错误,user_1057,agent_2013,工单标题736,这是工单736的详细描述内容,2760.0,
TKT202401010736,2024-07-20 00:00:00,2024-07-21 08:00:00,技术部,中,处理中,性能问题,user_1057,agent_2011,工单标题737,这是工单737的详细描述内容,1920.0,4.0
TKT202401010737,2024-01-18 00:00:00,2024-01-19 11:00:00,财务部,低,已关闭,咨询,user_1092,agent_2014,工单标题738,这是工单738的详细描述内容,2100.0,1.0
TKT202401010738,2024-03-23 00:00:00,2024-03-24 09:00:00,运维部,低,待回访,需求变更,user_1095,agent_2011,工单标题739,这是工单739的详细描述内容,1980.0,1.0
TKT202401010739,2024-01-27 00:00:00,2024-01-27 23:00:00,市场部,高,待处理,建议,user_1026,agent_2010,工单标题740,这是工单740的详细描述内容,1380.0,
TKT202401010740,2024-02-12 00:00:00,,人力资源,高,待回访,建议,user_1041,agent_2015,工单标题741,这是工单741的详细描述内容,,2.0
TKT202401010741,2024-05-13 00:00:00,2024-05-13 22:00:00,运维部,中,处理中,功能异常,user_1054,agent_2012,工单标题742,这是工单742的详细描述内容,1320.0,
TKT202401010742,2024-07-12 00:00:00,,客服部,高,待处理,投诉,user_1026,agent_2009,工单标题743,这是工单743的详细描述内容,,2.0
TKT202401010743,2024-01-26 00:00:00,2024-01-28 03:00:00,人力资源,中,处理中,功能异常,user_1048,agent_2006,工单标题744,这是工单744的详细描述内容,3060.0,1.0
TKT202401010744,2024-01-08 00:00:00,2024-01-10 19:00:00,财务部,低,待处理,数据错误,user_1092,agent_2007,工单标题745,这是工单745的详细描述内容,4020.0,
TKT202401010745,2024-05-16 00:00:00,2024-05-17 12:00:00,财务部,高,已关闭,数据错误,user_1077,agent_2007,工单标题746,这是工单746的详细描述内容,2160.0,3.0
TKT202401010746,2024-12-12 00:00:00,2024-12-13 00:00:00,财务部,高,待处理,权限问题,user_1034,agent_2008,工单标题747,这是工单747的详细描述内容,1440.0,2.0
TKT202401010747,2024-07-08 00:00:00,,财务部,高,已解决,建议,user_1088,agent_2007,工单标题748,这是工单748的详细描述内容,,4.0
TKT202401010748,2024-11-01 00:00:00,,人力资源,紧急,待处理,咨询,user_1031,agent_2016,工单标题749,这是工单749的详细描述内容,,5.0
TKT202401010749,2024-12-09 00:00:00,,人力资源,低,已解决,建议,user_1086,agent_2012,工单标题750,这是工单750的详细描述内容,,
TKT202401010750,2024-10-13 00:00:00,2024-10-13 05:00:00,运维部,高,待回访,投诉,user_1044,agent_2015,工单标题751,这是工单751的详细描述内容,300.0,
TKT202401010751,2024-06-11 00:00:00,2024-06-13 19:00:00,运维部,紧急,已解决,系统故障,user_1017,agent_2016,工单标题752,这是工单752的详细描述内容,4020.0,3.0
TKT202401010752,2024-07-03 00:00:00,,运维部,中,待回访,咨询,user_1056,agent_2006,工单标题753,这是工单753的详细描述内容,,
TKT202401010753,2024-09-08 00:00:00,2024-09-08 19:00:00,市场部,低,待处理,数据错误,user_1020,agent_2002,工单标题754,这是工单754的详细描述内容,1140.0,
TKT202401010754,2024-01-19 00:00:00,,市场部,低,已关闭,功能异常,user_1064,agent_2002,工单标题755,这是工单755的详细描述内容,,5.0
TKT202401010755,2024-09-05 00:00:00,2024-09-07 10:00:00,市场部,高,待处理,咨询,user_1012,agent_2007,工单标题756,这是工单756的详细描述内容,3480.0,2.0
TKT202401010756,2024-03-27 00:00:00,2024-03-29 17:00:00,人力资源,高,待回访,系统故障,user_1068,agent_2019,工单标题757,这是工单757的详细描述内容,3900.0,
TKT202401010757,2024-02-09 00:00:00,2024-02-10 07:00:00,市场部,紧急,已解决,系统故障,user_1037,agent_2004,工单标题758,这是工单758的详细描述内容,1860.0,
TKT202401010758,2024-10-29 00:00:00,2024-10-29 13:00:00,技术部,紧急,待处理,投诉,user_1091,agent_2016,工单标题759,这是工单759的详细描述内容,780.0,3.0
TKT202401010759,2024-10-31 00:00:00,2024-10-31 00:00:00,客服部,低,已解决,其他,user_1017,agent_2007,工单标题760,这是工单760的详细描述内容,0.0,3.0
TKT202401010760,2024-06-14 00:00:00,2024-06-14 07:00:00,人力资源,低,待处理,建议,user_1033,agent_2006,工单标题761,这是工单761的详细描述内容,420.0,
TKT202401010761,2024-07-23 00:00:00,,技术部,高,已关闭,建议,user_1037,agent_2005,工单标题762,这是工单762的详细描述内容,,
TKT202401010762,2024-09-08 00:00:00,2024-09-10 07:00:00,运维部,高,已解决,功能异常,user_1048,agent_2017,工单标题763,这是工单763的详细描述内容,3300.0,
TKT202401010763,2024-08-16 00:00:00,2024-08-18 01:00:00,人力资源,低,待处理,建议,user_1048,agent_2020,工单标题764,这是工单764的详细描述内容,2940.0,
TKT202401010764,2024-11-18 00:00:00,,人力资源,中,已关闭,数据错误,user_1083,agent_2005,工单标题765,这是工单765的详细描述内容,,5.0
TKT202401010765,2024-11-18 00:00:00,,财务部,低,待处理,投诉,user_1039,agent_2005,工单标题766,这是工单766的详细描述内容,,3.0
TKT202401010766,2024-05-07 00:00:00,2024-05-09 18:00:00,人力资源,紧急,待回访,功能异常,user_1006,agent_2017,工单标题767,这是工单767的详细描述内容,3960.0,
TKT202401010767,2024-08-05 00:00:00,,市场部,中,已解决,权限问题,user_1075,agent_2003,工单标题768,这是工单768的详细描述内容,,1.0
TKT202401010768,2024-02-28 00:00:00,,技术部,低,待处理,功能异常,user_1054,agent_2010,工单标题769,这是工单769的详细描述内容,,
TKT202401010769,2024-08-20 00:00:00,2024-08-22 09:00:00,运维部,中,处理中,数据错误,user_1024,agent_2003,工单标题770,这是工单770的详细描述内容,3420.0,5.0
TKT202401010770,2024-05-12 00:00:00,2024-05-12 13:00:00,客服部,紧急,已关闭,功能异常,user_1002,agent_2006,工单标题771,这是工单771的详细描述内容,780.0,4.0
TKT202401010771,2024-12-20 00:00:00,2024-12-22 03:00:00,市场部,低,已解决,其他,user_1079,agent_2012,工单标题772,这是工单772的详细描述内容,3060.0,4.0
TKT202401010772,2024-06-03 00:00:00,,客服部,高,待处理,系统故障,user_1090,agent_2007,工单标题773,这是工单773的详细描述内容,,2.0
TKT202401010773,2024-09-03 00:00:00,2024-09-03 18:00:00,财务部,高,待处理,权限问题,user_1099,agent_2015,工单标题774,这是工单774的详细描述内容,1080.0,
TKT202401010774,2024-08-04 00:00:00,,技术部,低,已关闭,投诉,user_1003,agent_2015,工单标题775,这是工单775的详细描述内容,,2.0
TKT202401010775,2024-05-30 00:00:00,2024-06-02 00:00:00,财务部,紧急,已解决,系统故障,user_1014,agent_2014,工单标题776,这是工单776的详细描述内容,4320.0,4.0
TKT202401010776,2024-10-23 00:00:00,2024-10-25 22:00:00,客服部,低,已关闭,投诉,user_1066,agent_2019,工单标题777,这是工单777的详细描述内容,4200.0,4.0
TKT202401010777,2024-04-28 00:00:00,2024-04-28 07:00:00,财务部,中,待回访,功能异常,user_1035,agent_2014,工单标题778,这是工单778的详细描述内容,420.0,1.0
TKT202401010778,2024-09-10 00:00:00,2024-09-11 20:00:00,财务部,紧急,处理中,权限问题,user_1093,agent_2007,工单标题779,这是工单779的详细描述内容,2640.0,4.0
TKT202401010779,2024-04-28 00:00:00,,市场部,中,待回访,投诉,user_1017,agent_2010,工单标题780,这是工单780的详细描述内容,,4.0
TKT202401010780,2024-08-01 00:00:00,2024-08-02 22:00:00,技术部,高,已解决,功能异常,user_1086,agent_2016,工单标题781,这是工单781的详细描述内容,2760.0,
TKT202401010781,2024-04-12 00:00:00,2024-04-12 20:00:00,客服部,低,已关闭,权限问题,user_1031,agent_2007,工单标题782,这是工单782的详细描述内容,1200.0,1.0
TKT202401010782,2024-07-02 00:00:00,2024-07-03 09:00:00,技术部,高,待回访,系统故障,user_1009,agent_2011,工单标题783,这是工单783的详细描述内容,1980.0,5.0
TKT202401010783,2024-04-26 00:00:00,2024-04-26 15:00:00,财务部,中,已解决,咨询,user_1099,agent_2002,工单标题784,这是工单784的详细描述内容,900.0,5.0
TKT202401010784,2024-05-16 00:00:00,2024-05-16 19:00:00,人力资源,紧急,待处理,投诉,user_1059,agent_2004,工单标题785,这是工单785的详细描述内容,1140.0,5.0
TKT202401010785,2024-11-08 00:00:00,2024-11-08 13:00:00,客服部,紧急,处理中,功能异常,user_1027,agent_2012,工单标题786,这是工单786的详细描述内容,780.0,
TKT202401010786,2024-05-29 00:00:00,2024-05-31 08:00:00,财务部,紧急,处理中,咨询,user_1043,agent_2005,工单标题787,这是工单787的详细描述内容,3360.0,
TKT202401010787,2024-04-13 00:00:00,2024-04-15 08:00:00,客服部,高,已关闭,咨询,user_1037,agent_2017,工单标题788,这是工单788的详细描述内容,3360.0,
TKT202401010788,2024-05-16 00:00:00,2024-05-17 23:00:00,财务部,中,处理中,性能问题,user_1097,agent_2017,工单标题789,这是工单789的详细描述内容,2820.0,2.0
TKT202401010789,2024-03-11 00:00:00,2024-03-13 06:00:00,财务部,低,待回访,咨询,user_1004,agent_2015,工单标题790,这是工单790的详细描述内容,3240.0,
TKT202401010790,2024-01-06 00:00:00,2024-01-08 18:00:00,客服部,中,已解决,建议,user_1099,agent_2006,工单标题791,这是工单791的详细描述内容,3960.0,4.0
TKT202401010791,2024-01-19 00:00:00,2024-01-19 19:00:00,客服部,中,已关闭,建议,user_1088,agent_2018,工单标题792,这是工单792的详细描述内容,1140.0,3.0
TKT202401010792,2024-06-25 00:00:00,2024-06-25 01:00:00,人力资源,高,已关闭,投诉,user_1083,agent_2007,工单标题793,这是工单793的详细描述内容,60.0,5.0
TKT202401010793,2024-11-12 00:00:00,2024-11-14 08:00:00,市场部,低,处理中,权限问题,user_1011,agent_2002,工单标题794,这是工单794的详细描述内容,3360.0,4.0
TKT202401010794,2024-03-05 00:00:00,2024-03-07 18:00:00,运维部,高,待处理,需求变更,user_1071,agent_2010,工单标题795,这是工单795的详细描述内容,3960.0,2.0
TKT202401010795,2024-01-12 00:00:00,2024-01-12 03:00:00,人力资源,中,处理中,权限问题,user_1093,agent_2014,工单标题796,这是工单796的详细描述内容,180.0,1.0
TKT202401010796,2024-01-31 00:00:00,,人力资源,中,待处理,系统故障,user_1097,agent_2004,工单标题797,这是工单797的详细描述内容,,5.0
TKT202401010797,2024-01-03 00:00:00,2024-01-05 10:00:00,技术部,高,已解决,权限问题,user_1037,agent_2019,工单标题798,这是工单798的详细描述内容,3480.0,4.0
TKT202401010798,2024-09-23 00:00:00,,人力资源,高,已解决,投诉,user_1013,agent_2005,工单标题799,这是工单799的详细描述内容,,4.0
TKT202401010799,2024-02-11 00:00:00,,技术部,低,处理中,投诉,user_1010,agent_2012,工单标题800,这是工单800的详细描述内容,,4.0
TKT202401010800,2024-10-28 00:00:00,2024-10-30 23:00:00,财务部,中,待回访,投诉,user_1082,agent_2014,工单标题801,这是工单801的详细描述内容,4260.0,4.0
TKT202401010801,2024-08-01 00:00:00,,技术部,低,已关闭,性能问题,user_1091,agent_2017,工单标题802,这是工单802的详细描述内容,,1.0
TKT202401010802,2024-12-21 00:00:00,2024-12-22 03:00:00,客服部,高,待回访,咨询,user_1016,agent_2020,工单标题803,这是工单803的详细描述内容,1620.0,1.0
TKT202401010803,2024-03-02 00:00:00,2024-03-03 23:00:00,客服部,高,待处理,咨询,user_1040,agent_2012,工单标题804,这是工单804的详细描述内容,2820.0,
TKT202401010804,2024-09-05 00:00:00,2024-09-05 03:00:00,技术部,低,待处理,权限问题,user_1037,agent_2007,工单标题805,这是工单805的详细描述内容,180.0,
TKT202401010805,2024-09-07 00:00:00,,运维部,紧急,待处理,建议,user_1062,agent_2019,工单标题806,这是工单806的详细描述内容,,
TKT202401010806,2024-08-19 00:00:00,2024-08-20 19:00:00,财务部,高,处理中,需求变更,user_1082,agent_2015,工单标题807,这是工单807的详细描述内容,2580.0,4.0
TKT202401010807,2024-03-17 00:00:00,,人力资源,低,已关闭,数据错误,user_1051,agent_2011,工单标题808,这是工单808的详细描述内容,,4.0
TKT202401010808,2024-05-22 00:00:00,2024-05-22 11:00:00,市场部,紧急,待回访,权限问题,user_1072,agent_2004,工单标题809,这是工单809的详细描述内容,660.0,1.0
TKT202401010809,2024-04-08 00:00:00,2024-04-10 21:00:00,客服部,高,已关闭,需求变更,user_1003,agent_2004,工单标题810,这是工单810的详细描述内容,4140.0,5.0
TKT202401010810,2024-04-02 00:00:00,,技术部,高,待回访,投诉,user_1011,agent_2018,工单标题811,这是工单811的详细描述内容,,4.0
TKT202401010811,2024-10-28 00:00:00,2024-10-28 05:00:00,客服部,中,已关闭,性能问题,user_1054,agent_2001,工单标题812,这是工单812的详细描述内容,300.0,3.0
TKT202401010812,2024-07-14 00:00:00,,客服部,高,已解决,性能问题,user_1024,agent_2009,工单标题813,这是工单813的详细描述内容,,2.0
TKT202401010813,2024-06-06 00:00:00,2024-06-08 04:00:00,客服部,中,处理中,系统故障,user_1092,agent_2002,工单标题814,这是工单814的详细描述内容,3120.0,
TKT202401010814,2024-02-20 00:00:00,,运维部,中,已关闭,功能异常,user_1007,agent_2007,工单标题815,这是工单815的详细描述内容,,
TKT202401010815,2024-11-01 00:00:00,2024-11-02 06:00:00,人力资源,低,待处理,权限问题,user_1008,agent_2011,工单标题816,这是工单816的详细描述内容,1800.0,4.0
TKT202401010816,2024-02-03 00:00:00,,市场部,高,待处理,权限问题,user_1071,agent_2019,工单标题817,这是工单817的详细描述内容,,2.0
TKT202401010817,2024-10-11 00:00:00,2024-10-11 16:00:00,财务部,低,待处理,需求变更,user_1027,agent_2005,工单标题818,这是工单818的详细描述内容,960.0,
TKT202401010818,2024-03-27 00:00:00,2024-03-28 07:00:00,财务部,低,待处理,系统故障,user_1060,agent_2020,工单标题819,这是工单819的详细描述内容,1860.0,
TKT202401010819,2024-03-26 00:00:00,,财务部,中,待回访,权限问题,user_1088,agent_2013,工单标题820,这是工单820的详细描述内容,,2.0
TKT202401010820,2024-10-26 00:00:00,,技术部,紧急,已解决,功能异常,user_1051,agent_2004,工单标题821,这是工单821的详细描述内容,,5.0
TKT202401010821,2024-05-23 00:00:00,,人力资源,中,已解决,权限问题,user_1097,agent_2015,工单标题822,这是工单822的详细描述内容,,
TKT202401010822,2024-12-05 00:00:00,2024-12-06 17:00:00,财务部,中,待处理,性能问题,user_1083,agent_2001,工单标题823,这是工单823的详细描述内容,2460.0,1.0
TKT202401010823,2024-01-05 00:00:00,2024-01-05 22:00:00,市场部,低,已关闭,需求变更,user_1011,agent_2003,工单标题824,这是工单824的详细描述内容,1320.0,4.0
TKT202401010824,2024-12-10 00:00:00,2024-12-10 15:00:00,财务部,中,已关闭,性能问题,user_1099,agent_2001,工单标题825,这是工单825的详细描述内容,900.0,
TKT202401010825,2024-07-08 00:00:00,2024-07-09 00:00:00,技术部,紧急,已解决,咨询,user_1025,agent_2003,工单标题826,这是工单826的详细描述内容,1440.0,3.0
TKT202401010826,2024-04-23 00:00:00,2024-04-24 05:00:00,运维部,紧急,已解决,投诉,user_1091,agent_2020,工单标题827,这是工单827的详细描述内容,1740.0,
TKT202401010827,2024-04-10 00:00:00,,运维部,低,处理中,需求变更,user_1025,agent_2019,工单标题828,这是工单828的详细描述内容,,5.0
TKT202401010828,2024-10-16 00:00:00,,技术部,紧急,处理中,权限问题,user_1073,agent_2008,工单标题829,这是工单829的详细描述内容,,3.0
TKT202401010829,2024-04-08 00:00:00,2024-04-08 02:00:00,市场部,中,待回访,投诉,user_1001,agent_2014,工单标题830,这是工单830的详细描述内容,120.0,1.0
TKT202401010830,2024-06-14 00:00:00,2024-06-16 07:00:00,财务部,中,待处理,需求变更,user_1060,agent_2016,工单标题831,这是工单831的详细描述内容,3300.0,
TKT202401010831,2024-01-23 00:00:00,,财务部,低,已解决,系统故障,user_1051,agent_2007,工单标题832,这是工单832的详细描述内容,,
TKT202401010832,2024-10-19 00:00:00,2024-10-19 03:00:00,技术部,低,待处理,数据错误,user_1026,agent_2006,工单标题833,这是工单833的详细描述内容,180.0,
TKT202401010833,2024-02-02 00:00:00,,财务部,紧急,待回访,咨询,user_1033,agent_2008,工单标题834,这是工单834的详细描述内容,,
TKT202401010834,2024-05-02 00:00:00,2024-05-03 19:00:00,运维部,高,待处理,其他,user_1080,agent_2015,工单标题835,这是工单835的详细描述内容,2580.0,4.0
TKT202401010835,2024-10-23 00:00:00,,客服部,紧急,已关闭,咨询,user_1089,agent_2003,工单标题836,这是工单836的详细描述内容,,1.0
TKT202401010836,2024-08-14 00:00:00,2024-08-14 07:00:00,市场部,低,待处理,功能异常,user_1087,agent_2002,工单标题837,这是工单837的详细描述内容,420.0,3.0
TKT202401010837,2024-07-14 00:00:00,,财务部,高,待回访,其他,user_1002,agent_2015,工单标题838,这是工单838的详细描述内容,,
TKT202401010838,2024-08-07 00:00:00,2024-08-07 12:00:00,市场部,紧急,已关闭,需求变更,user_1043,agent_2019,工单标题839,这是工单839的详细描述内容,720.0,
TKT202401010839,2024-02-22 00:00:00,2024-02-22 01:00:00,客服部,高,待回访,性能问题,user_1082,agent_2017,工单标题840,这是工单840的详细描述内容,60.0,
TKT202401010840,2024-08-03 00:00:00,2024-08-05 13:00:00,财务部,高,处理中,性能问题,user_1006,agent_2002,工单标题841,这是工单841的详细描述内容,3660.0,
TKT202401010841,2024-10-26 00:00:00,2024-10-28 07:00:00,市场部,中,已解决,其他,user_1070,agent_2005,工单标题842,这是工单842的详细描述内容,3300.0,
TKT202401010842,2024-06-07 00:00:00,,客服部,高,待处理,数据错误,user_1065,agent_2018,工单标题843,这是工单843的详细描述内容,,4.0
TKT202401010843,2024-06-25 00:00:00,2024-06-26 01:00:00,市场部,高,待处理,咨询,user_1025,agent_2016,工单标题844,这是工单844的详细描述内容,1500.0,4.0
TKT202401010844,2024-11-03 00:00:00,2024-11-04 18:00:00,人力资源,中,待回访,权限问题,user_1054,agent_2011,工单标题845,这是工单845的详细描述内容,2520.0,
TKT202401010845,2024-08-20 00:00:00,2024-08-20 05:00:00,客服部,高,处理中,投诉,user_1080,agent_2007,工单标题846,这是工单846的详细描述内容,300.0,
TKT202401010846,2024-06-18 00:00:00,,技术部,紧急,已解决,系统故障,user_1010,agent_2012,工单标题847,这是工单847的详细描述内容,,
TKT202401010847,2024-02-28 00:00:00,,技术部,中,待处理,系统故障,user_1026,agent_2007,工单标题848,这是工单848的详细描述内容,,
TKT202401010848,2024-04-22 00:00:00,2024-04-23 09:00:00,运维部,高,处理中,数据错误,user_1003,agent_2006,工单标题849,这是工单849的详细描述内容,1980.0,1.0
TKT202401010849,2024-01-11 00:00:00,2024-01-11 17:00:00,客服部,中,处理中,权限问题,user_1059,agent_2008,工单标题850,这是工单850的详细描述内容,1020.0,
TKT202401010850,2024-07-09 00:00:00,2024-07-09 21:00:00,人力资源,低,待处理,功能异常,user_1019,agent_2005,工单标题851,这是工单851的详细描述内容,1260.0,2.0
TKT202401010851,2024-09-29 00:00:00,2024-10-01 00:00:00,运维部,低,处理中,系统故障,user_1098,agent_2020,工单标题852,这是工单852的详细描述内容,2880.0,5.0
TKT202401010852,2024-05-30 00:00:00,2024-05-30 19:00:00,客服部,中,处理中,需求变更,user_1075,agent_2016,工单标题853,这是工单853的详细描述内容,1140.0,
TKT202401010853,2024-02-11 00:00:00,2024-02-13 12:00:00,人力资源,紧急,处理中,需求变更,user_1050,agent_2017,工单标题854,这是工单854的详细描述内容,3600.0,
TKT202401010854,2024-09-22 00:00:00,,市场部,中,待回访,投诉,user_1092,agent_2016,工单标题855,这是工单855的详细描述内容,,5.0
TKT202401010855,2024-07-24 00:00:00,,技术部,低,处理中,建议,user_1028,agent_2010,工单标题856,这是工单856的详细描述内容,,4.0
TKT202401010856,2024-10-19 00:00:00,2024-10-19 20:00:00,运维部,中,待回访,功能异常,user_1018,agent_2003,工单标题857,这是工单857的详细描述内容,1200.0,
TKT202401010857,2024-09-22 00:00:00,,客服部,低,待回访,其他,user_1044,agent_2014,工单标题858,这是工单858的详细描述内容,,4.0
TKT202401010858,2024-07-28 00:00:00,2024-07-29 23:00:00,运维部,中,已关闭,系统故障,user_1023,agent_2015,工单标题859,这是工单859的详细描述内容,2820.0,
TKT202401010859,2024-11-26 00:00:00,2024-11-26 09:00:00,客服部,中,待回访,需求变更,user_1070,agent_2003,工单标题860,这是工单860的详细描述内容,540.0,2.0
TKT202401010860,2024-02-20 00:00:00,,客服部,高,已解决,数据错误,user_1087,agent_2011,工单标题861,这是工单861的详细描述内容,,
TKT202401010861,2024-12-15 00:00:00,,人力资源,高,待回访,权限问题,user_1002,agent_2010,工单标题862,这是工单862的详细描述内容,,
TKT202401010862,2024-06-26 00:00:00,2024-06-28 03:00:00,人力资源,紧急,已关闭,需求变更,user_1098,agent_2005,工单标题863,这是工单863的详细描述内容,3060.0,2.0
TKT202401010863,2024-04-26 00:00:00,2024-04-27 02:00:00,人力资源,低,已关闭,咨询,user_1011,agent_2011,工单标题864,这是工单864的详细描述内容,1560.0,4.0
TKT202401010864,2024-12-23 00:00:00,,财务部,紧急,已解决,性能问题,user_1074,agent_2005,工单标题865,这是工单865的详细描述内容,,
TKT202401010865,2024-01-05 00:00:00,2024-01-07 15:00:00,运维部,中,处理中,建议,user_1055,agent_2013,工单标题866,这是工单866的详细描述内容,3780.0,5.0
TKT202401010866,2024-06-02 00:00:00,2024-06-03 17:00:00,人力资源,紧急,处理中,性能问题,user_1043,agent_2019,工单标题867,这是工单867的详细描述内容,2460.0,5.0
TKT202401010867,2024-11-07 00:00:00,2024-11-09 02:00:00,技术部,低,待处理,需求变更,user_1050,agent_2007,工单标题868,这是工单868的详细描述内容,3000.0,3.0
TKT202401010868,2024-10-18 00:00:00,2024-10-20 09:00:00,运维部,紧急,处理中,功能异常,user_1087,agent_2018,工单标题869,这是工单869的详细描述内容,3420.0,
TKT202401010869,2024-12-18 00:00:00,,技术部,紧急,已关闭,权限问题,user_1027,agent_2008,工单标题870,这是工单870的详细描述内容,,
TKT202401010870,2024-09-25 00:00:00,2024-09-25 08:00:00,运维部,紧急,处理中,咨询,user_1053,agent_2013,工单标题871,这是工单871的详细描述内容,480.0,
TKT202401010871,2024-02-26 00:00:00,2024-02-26 16:00:00,财务部,紧急,已关闭,数据错误,user_1017,agent_2007,工单标题872,这是工单872的详细描述内容,960.0,
TKT202401010872,2024-12-29 00:00:00,,人力资源,中,待回访,数据错误,user_1065,agent_2015,工单标题873,这是工单873的详细描述内容,,
TKT202401010873,2024-01-04 00:00:00,2024-01-04 18:00:00,财务部,高,待回访,咨询,user_1073,agent_2016,工单标题874,这是工单874的详细描述内容,1080.0,5.0
TKT202401010874,2024-01-21 00:00:00,,财务部,中,已解决,建议,user_1079,agent_2006,工单标题875,这是工单875的详细描述内容,,2.0
TKT202401010875,2024-11-12 00:00:00,2024-11-14 07:00:00,市场部,高,待回访,功能异常,user_1051,agent_2002,工单标题876,这是工单876的详细描述内容,3300.0,
TKT202401010876,2024-03-21 00:00:00,2024-03-22 11:00:00,人力资源,中,待处理,数据错误,user_1064,agent_2014,工单标题877,这是工单877的详细描述内容,2100.0,5.0
TKT202401010877,2024-03-03 00:00:00,,客服部,中,已关闭,投诉,user_1022,agent_2009,工单标题878,这是工单878的详细描述内容,,
TKT202401010878,2024-01-23 00:00:00,,市场部,低,已关闭,咨询,user_1096,agent_2013,工单标题879,这是工单879的详细描述内容,,4.0
TKT202401010879,2024-01-20 00:00:00,,市场部,高,已解决,投诉,user_1063,agent_2015,工单标题880,这是工单880的详细描述内容,,
TKT202401010880,2024-10-07 00:00:00,2024-10-08 07:00:00,财务部,高,已关闭,权限问题,user_1021,agent_2006,工单标题881,这是工单881的详细描述内容,1860.0,5.0
TKT202401010881,2024-02-21 00:00:00,,人力资源,低,处理中,功能异常,user_1086,agent_2001,工单标题882,这是工单882的详细描述内容,,2.0
TKT202401010882,2024-08-13 00:00:00,,市场部,紧急,待回访,数据错误,user_1057,agent_2002,工单标题883,这是工单883的详细描述内容,,5.0
TKT202401010883,2024-11-24 00:00:00,2024-11-24 13:00:00,运维部,低,待处理,其他,user_1001,agent_2002,工单标题884,这是工单884的详细描述内容,780.0,2.0
TKT202401010884,2024-05-07 00:00:00,2024-05-08 23:00:00,技术部,紧急,待处理,建议,user_1004,agent_2001,工单标题885,这是工单885的详细描述内容,2820.0,
TKT202401010885,2024-04-08 00:00:00,,客服部,高,处理中,系统故障,user_1054,agent_2017,工单标题886,这是工单886的详细描述内容,,
TKT202401010886,2024-06-16 00:00:00,2024-06-17 17:00:00,技术部,高,待回访,建议,user_1055,agent_2004,工单标题887,这是工单887的详细描述内容,2460.0,
TKT202401010887,2024-02-24 00:00:00,2024-02-25 21:00:00,客服部,低,已解决,系统故障,user_1050,agent_2007,工单标题888,这是工单888的详细描述内容,2700.0,1.0
TKT202401010888,2024-12-02 00:00:00,2024-12-03 11:00:00,运维部,紧急,待处理,数据错误,user_1053,agent_2010,工单标题889,这是工单889的详细描述内容,2100.0,4.0
TKT202401010889,2024-02-22 00:00:00,2024-02-24 20:00:00,人力资源,高,已解决,功能异常,user_1077,agent_2011,工单标题890,这是工单890的详细描述内容,4080.0,4.0
TKT202401010890,2024-12-13 00:00:00,2024-12-13 17:00:00,市场部,中,已关闭,功能异常,user_1043,agent_2001,工单标题891,这是工单891的详细描述内容,1020.0,5.0
TKT202401010891,2024-08-17 00:00:00,2024-08-19 00:00:00,市场部,高,待回访,其他,user_1091,agent_2001,工单标题892,这是工单892的详细描述内容,2880.0,
TKT202401010892,2024-11-11 00:00:00,2024-11-11 15:00:00,市场部,低,处理中,其他,user_1011,agent_2002,工单标题893,这是工单893的详细描述内容,900.0,
TKT202401010893,2024-09-12 00:00:00,,财务部,高,待处理,数据错误,user_1093,agent_2020,工单标题894,这是工单894的详细描述内容,,4.0
TKT202401010894,2024-06-17 00:00:00,,市场部,紧急,待回访,建议,user_1083,agent_2010,工单标题895,这是工单895的详细描述内容,,2.0
TKT202401010895,2024-06-18 00:00:00,,人力资源,紧急,处理中,数据错误,user_1078,agent_2013,工单标题896,这是工单896的详细描述内容,,2.0
TKT202401010896,2024-08-14 00:00:00,,财务部,紧急,处理中,系统故障,user_1082,agent_2005,工单标题897,这是工单897的详细描述内容,,2.0
TKT202401010897,2024-02-16 00:00:00,2024-02-16 22:00:00,技术部,高,待回访,功能异常,user_1055,agent_2015,工单标题898,这是工单898的详细描述内容,1320.0,
TKT202401010898,2024-04-11 00:00:00,2024-04-12 07:00:00,人力资源,高,已解决,权限问题,user_1074,agent_2015,工单标题899,这是工单899的详细描述内容,1860.0,2.0
TKT202401010899,2024-05-19 00:00:00,,运维部,低,已关闭,性能问题,user_1061,agent_2015,工单标题900,这是工单900的详细描述内容,,5.0
TKT202401010900,2024-08-09 00:00:00,2024-08-09 19:00:00,财务部,紧急,已关闭,建议,user_1011,agent_2010,工单标题901,这是工单901的详细描述内容,1140.0,2.0
TKT202401010901,2024-10-10 00:00:00,,财务部,中,已关闭,权限问题,user_1049,agent_2018,工单标题902,这是工单902的详细描述内容,,1.0
TKT202401010902,2024-06-19 00:00:00,2024-06-19 17:00:00,技术部,高,处理中,系统故障,user_1002,agent_2017,工单标题903,这是工单903的详细描述内容,1020.0,3.0
TKT202401010903,2024-09-08 00:00:00,2024-09-10 03:00:00,财务部,中,已关闭,投诉,user_1040,agent_2019,工单标题904,这是工单904的详细描述内容,3060.0,
TKT202401010904,2024-01-20 00:00:00,2024-01-20 15:00:00,人力资源,高,处理中,建议,user_1033,agent_2012,工单标题905,这是工单905的详细描述内容,900.0,4.0
TKT202401010905,2024-11-21 00:00:00,2024-11-22 23:00:00,市场部,低,已关闭,数据错误,user_1032,agent_2016,工单标题906,这是工单906的详细描述内容,2820.0,
TKT202401010906,2024-07-04 00:00:00,2024-07-04 03:00:00,市场部,高,已解决,其他,user_1059,agent_2005,工单标题907,这是工单907的详细描述内容,180.0,
TKT202401010907,2024-11-04 00:00:00,,客服部,低,已关闭,其他,user_1011,agent_2017,工单标题908,这是工单908的详细描述内容,,4.0
TKT202401010908,2024-03-25 00:00:00,,运维部,低,待回访,权限问题,user_1094,agent_2014,工单标题909,这是工单909的详细描述内容,,1.0
TKT202401010909,2024-02-25 00:00:00,2024-02-26 20:00:00,运维部,高,已关闭,权限问题,user_1001,agent_2006,工单标题910,这是工单910的详细描述内容,2640.0,1.0
TKT202401010910,2024-02-19 00:00:00,2024-02-19 08:00:00,财务部,低,已解决,建议,user_1022,agent_2006,工单标题911,这是工单911的详细描述内容,480.0,
TKT202401010911,2024-12-26 00:00:00,,技术部,紧急,已关闭,其他,user_1028,agent_2006,工单标题912,这是工单912的详细描述内容,,
TKT202401010912,2024-04-03 00:00:00,,财务部,低,待回访,功能异常,user_1082,agent_2006,工单标题913,这是工单913的详细描述内容,,
TKT202401010913,2024-02-13 00:00:00,,客服部,中,待处理,其他,user_1031,agent_2016,工单标题914,这是工单914的详细描述内容,,1.0
TKT202401010914,2024-01-05 00:00:00,,客服部,紧急,待处理,数据错误,user_1067,agent_2001,工单标题915,这是工单915的详细描述内容,,
TKT202401010915,2024-09-23 00:00:00,2024-09-24 10:00:00,财务部,中,待回访,建议,user_1044,agent_2012,工单标题916,这是工单916的详细描述内容,2040.0,3.0
TKT202401010916,2024-06-10 00:00:00,2024-06-11 06:00:00,市场部,低,已关闭,其他,user_1008,agent_2012,工单标题917,这是工单917的详细描述内容,1800.0,1.0
TKT202401010917,2024-01-02 00:00:00,2024-01-04 10:00:00,财务部,高,待处理,其他,user_1016,agent_2017,工单标题918,这是工单918的详细描述内容,3480.0,
TKT202401010918,2024-12-24 00:00:00,2024-12-25 07:00:00,人力资源,低,待回访,建议,user_1085,agent_2007,工单标题919,这是工单919的详细描述内容,1860.0,
TKT202401010919,2024-11-22 00:00:00,,运维部,紧急,已解决,投诉,user_1030,agent_2020,工单标题920,这是工单920的详细描述内容,,5.0
TKT202401010920,2024-02-11 00:00:00,2024-02-12 20:00:00,财务部,紧急,已关闭,权限问题,user_1078,agent_2007,工单标题921,这是工单921的详细描述内容,2640.0,5.0
TKT202401010921,2024-10-19 00:00:00,,财务部,紧急,已解决,需求变更,user_1060,agent_2006,工单标题922,这是工单922的详细描述内容,,1.0
TKT202401010922,2024-09-03 00:00:00,,技术部,高,待处理,功能异常,user_1056,agent_2001,工单标题923,这是工单923的详细描述内容,,
TKT202401010923,2024-06-16 00:00:00,2024-06-18 01:00:00,技术部,中,已关闭,功能异常,user_1086,agent_2005,工单标题924,这是工单924的详细描述内容,2940.0,4.0
TKT202401010924,2024-02-16 00:00:00,2024-02-17 18:00:00,人力资源,紧急,已解决,建议,user_1092,agent_2013,工单标题925,这是工单925的详细描述内容,2520.0,5.0
TKT202401010925,2024-08-11 00:00:00,,客服部,中,待处理,功能异常,user_1012,agent_2011,工单标题926,这是工单926的详细描述内容,,2.0
TKT202401010926,2024-02-29 00:00:00,,运维部,低,待回访,系统故障,user_1040,agent_2002,工单标题927,这是工单927的详细描述内容,,2.0
TKT202401010927,2024-07-17 00:00:00,2024-07-19 06:00:00,运维部,高,待回访,其他,user_1076,agent_2008,工单标题928,这是工单928的详细描述内容,3240.0,
TKT202401010928,2024-01-05 00:00:00,2024-01-07 20:00:00,运维部,高,已解决,数据错误,user_1064,agent_2015,工单标题929,这是工单929的详细描述内容,4080.0,
TKT202401010929,2024-05-25 00:00:00,2024-05-25 18:00:00,市场部,紧急,待回访,咨询,user_1040,agent_2017,工单标题930,这是工单930的详细描述内容,1080.0,1.0
TKT202401010930,2024-05-20 00:00:00,2024-05-22 13:00:00,技术部,低,已解决,建议,user_1008,agent_2011,工单标题931,这是工单931的详细描述内容,3660.0,
TKT202401010931,2024-04-17 00:00:00,2024-04-18 04:00:00,客服部,高,已关闭,建议,user_1039,agent_2006,工单标题932,这是工单932的详细描述内容,1680.0,5.0
TKT202401010932,2024-07-19 00:00:00,2024-07-20 19:00:00,财务部,中,已关闭,建议,user_1010,agent_2017,工单标题933,这是工单933的详细描述内容,2580.0,3.0
TKT202401010933,2024-12-22 00:00:00,2024-12-23 00:00:00,人力资源,低,待处理,性能问题,user_1042,agent_2019,工单标题934,这是工单934的详细描述内容,1440.0,1.0
TKT202401010934,2024-12-29 00:00:00,2024-12-30 14:00:00,技术部,高,已关闭,投诉,user_1038,agent_2005,工单标题935,这是工单935的详细描述内容,2280.0,
TKT202401010935,2024-04-10 00:00:00,2024-04-10 01:00:00,人力资源,紧急,处理中,建议,user_1055,agent_2006,工单标题936,这是工单936的详细描述内容,60.0,1.0
TKT202401010936,2024-07-01 00:00:00,,客服部,紧急,待回访,咨询,user_1076,agent_2014,工单标题937,这是工单937的详细描述内容,,4.0
TKT202401010937,2024-05-05 00:00:00,,财务部,低,已解决,其他,user_1023,agent_2013,工单标题938,这是工单938的详细描述内容,,1.0
TKT202401010938,2024-08-25 00:00:00,,市场部,低,已解决,系统故障,user_1016,agent_2004,工单标题939,这是工单939的详细描述内容,,
TKT202401010939,2024-09-07 00:00:00,,人力资源,低,已解决,功能异常,user_1076,agent_2006,工单标题940,这是工单940的详细描述内容,,
TKT202401010940,2024-11-26 00:00:00,,技术部,紧急,已解决,功能异常,user_1092,agent_2018,工单标题941,这是工单941的详细描述内容,,
TKT202401010941,2024-12-24 00:00:00,2024-12-24 02:00:00,人力资源,低,待处理,需求变更,user_1075,agent_2018,工单标题942,这是工单942的详细描述内容,120.0,1.0
TKT202401010942,2024-04-16 00:00:00,,人力资源,高,待处理,需求变更,user_1058,agent_2011,工单标题943,这是工单943的详细描述内容,,
TKT202401010943,2024-03-06 00:00:00,2024-03-07 02:00:00,客服部,中,待处理,功能异常,user_1016,agent_2017,工单标题944,这是工单944的详细描述内容,1560.0,
TKT202401010944,2024-10-05 00:00:00,2024-10-05 21:00:00,市场部,紧急,处理中,权限问题,user_1006,agent_2017,工单标题945,这是工单945的详细描述内容,1260.0,3.0
TKT202401010945,2024-12-03 00:00:00,2024-12-05 20:00:00,人力资源,低,已解决,需求变更,user_1046,agent_2020,工单标题946,这是工单946的详细描述内容,4080.0,2.0
TKT202401010946,2024-12-18 00:00:00,2024-12-18 12:00:00,客服部,高,待处理,数据错误,user_1019,agent_2010,工单标题947,这是工单947的详细描述内容,720.0,2.0
TKT202401010947,2024-03-09 00:00:00,,运维部,中,处理中,其他,user_1055,agent_2003,工单标题948,这是工单948的详细描述内容,,3.0
TKT202401010948,2024-07-14 00:00:00,2024-07-14 20:00:00,客服部,中,已关闭,性能问题,user_1069,agent_2007,工单标题949,这是工单949的详细描述内容,1200.0,
TKT202401010949,2024-05-17 00:00:00,2024-05-18 00:00:00,人力资源,高,已关闭,性能问题,user_1041,agent_2014,工单标题950,这是工单950的详细描述内容,1440.0,
TKT202401010950,2024-11-05 00:00:00,,客服部,紧急,待回访,建议,user_1009,agent_2011,工单标题951,这是工单951的详细描述内容,,3.0
TKT202401010951,2024-06-19 00:00:00,,技术部,中,待处理,功能异常,user_1049,agent_2008,工单标题952,这是工单952的详细描述内容,,
TKT202401010952,2024-02-23 00:00:00,,市场部,中,待回访,投诉,user_1013,agent_2017,工单标题953,这是工单953的详细描述内容,,
TKT202401010953,2024-10-19 00:00:00,2024-10-20 12:00:00,人力资源,紧急,待处理,性能问题,user_1041,agent_2013,工单标题954,这是工单954的详细描述内容,2160.0,
TKT202401010954,2024-12-13 00:00:00,2024-12-15 20:00:00,财务部,低,待回访,性能问题,user_1034,agent_2001,工单标题955,这是工单955的详细描述内容,4080.0,2.0
TKT202401010955,2024-12-02 00:00:00,,人力资源,中,待处理,咨询,user_1091,agent_2008,工单标题956,这是工单956的详细描述内容,,4.0
TKT202401010956,2024-12-27 00:00:00,,运维部,低,待回访,权限问题,user_1036,agent_2014,工单标题957,这是工单957的详细描述内容,,2.0
TKT202401010957,2024-06-05 00:00:00,2024-06-05 11:00:00,财务部,中,待处理,功能异常,user_1010,agent_2008,工单标题958,这是工单958的详细描述内容,660.0,2.0
TKT202401010958,2024-10-21 00:00:00,,运维部,低,待处理,建议,user_1087,agent_2017,工单标题959,这是工单959的详细描述内容,,2.0
TKT202401010959,2024-09-02 00:00:00,2024-09-04 15:00:00,市场部,紧急,已关闭,系统故障,user_1079,agent_2007,工单标题960,这是工单960的详细描述内容,3780.0,1.0
TKT202401010960,2024-12-31 00:00:00,2025-01-02 06:00:00,市场部,中,处理中,需求变更,user_1088,agent_2020,工单标题961,这是工单961的详细描述内容,3240.0,
TKT202401010961,2024-08-17 00:00:00,2024-08-17 21:00:00,人力资源,高,处理中,功能异常,user_1047,agent_2005,工单标题962,这是工单962的详细描述内容,1260.0,1.0
TKT202401010962,2024-08-04 00:00:00,2024-08-06 15:00:00,运维部,紧急,已解决,数据错误,user_1070,agent_2004,工单标题963,这是工单963的详细描述内容,3780.0,
TKT202401010963,2024-09-04 00:00:00,,客服部,低,处理中,权限问题,user_1083,agent_2017,工单标题964,这是工单964的详细描述内容,,1.0
TKT202401010964,2024-08-25 00:00:00,,客服部,低,已解决,权限问题,user_1046,agent_2004,工单标题965,这是工单965的详细描述内容,,
TKT202401010965,2024-04-05 00:00:00,2024-04-07 03:00:00,客服部,低,已关闭,数据错误,user_1011,agent_2017,工单标题966,这是工单966的详细描述内容,3060.0,2.0
TKT202401010966,2024-07-29 00:00:00,2024-07-29 15:00:00,客服部,高,已解决,数据错误,user_1061,agent_2013,工单标题967,这是工单967的详细描述内容,900.0,
TKT202401010967,2024-07-05 00:00:00,2024-07-07 06:00:00,人力资源,中,待处理,投诉,user_1085,agent_2015,工单标题968,这是工单968的详细描述内容,3240.0,
TKT202401010968,2024-06-30 00:00:00,,市场部,高,待处理,数据错误,user_1037,agent_2002,工单标题969,这是工单969的详细描述内容,,
TKT202401010969,2024-08-03 00:00:00,2024-08-04 18:00:00,技术部,高,已关闭,权限问题,user_1016,agent_2014,工单标题970,这是工单970的详细描述内容,2520.0,4.0
TKT202401010970,2024-12-15 00:00:00,2024-12-15 16:00:00,财务部,低,处理中,功能异常,user_1014,agent_2001,工单标题971,这是工单971的详细描述内容,960.0,
TKT202401010971,2024-06-25 00:00:00,,市场部,高,待处理,咨询,user_1055,agent_2020,工单标题972,这是工单972的详细描述内容,,4.0
TKT202401010972,2024-09-02 00:00:00,,客服部,低,处理中,其他,user_1020,agent_2017,工单标题973,这是工单973的详细描述内容,,
TKT202401010973,2024-05-23 00:00:00,2024-05-23 14:00:00,市场部,高,已关闭,数据错误,user_1061,agent_2004,工单标题974,这是工单974的详细描述内容,840.0,5.0
TKT202401010974,2024-11-08 00:00:00,,人力资源,高,处理中,功能异常,user_1017,agent_2013,工单标题975,这是工单975的详细描述内容,,
TKT202401010975,2024-04-08 00:00:00,2024-04-08 18:00:00,人力资源,高,待处理,系统故障,user_1049,agent_2014,工单标题976,这是工单976的详细描述内容,1080.0,2.0
TKT202401010976,2024-04-23 00:00:00,2024-04-24 19:00:00,客服部,低,待处理,权限问题,user_1015,agent_2009,工单标题977,这是工单977的详细描述内容,2580.0,
TKT202401010977,2024-06-28 00:00:00,,客服部,高,待处理,系统故障,user_1007,agent_2011,工单标题978,这是工单978的详细描述内容,,
TKT202401010978,2024-08-29 00:00:00,2024-08-30 11:00:00,客服部,低,处理中,权限问题,user_1063,agent_2012,工单标题979,这是工单979的详细描述内容,2100.0,
TKT202401010979,2024-02-27 00:00:00,2024-02-27 12:00:00,市场部,高,已解决,咨询,user_1095,agent_2012,工单标题980,这是工单980的详细描述内容,720.0,5.0
TKT202401010980,2024-09-27 00:00:00,,运维部,高,待回访,建议,user_1012,agent_2004,工单标题981,这是工单981的详细描述内容,,
TKT202401010981,2024-11-04 00:00:00,,市场部,高,处理中,投诉,user_1013,agent_2003,工单标题982,这是工单982的详细描述内容,,5.0
TKT202401010982,2024-06-24 00:00:00,2024-06-25 14:00:00,技术部,高,待处理,性能问题,user_1025,agent_2014,工单标题983,这是工单983的详细描述内容,2280.0,3.0
TKT202401010983,2024-10-13 00:00:00,2024-10-14 20:00:00,财务部,紧急,已关闭,功能异常,user_1062,agent_2014,工单标题984,这是工单984的详细描述内容,2640.0,5.0
TKT202401010984,2024-01-12 00:00:00,2024-01-12 21:00:00,市场部,高,已解决,系统故障,user_1073,agent_2002,工单标题985,这是工单985的详细描述内容,1260.0,2.0
TKT202401010985,2024-07-22 00:00:00,2024-07-24 15:00:00,人力资源,紧急,处理中,投诉,user_1097,agent_2017,工单标题986,这是工单986的详细描述内容,3780.0,
TKT202401010986,2024-07-18 00:00:00,2024-07-20 03:00:00,技术部,高,待处理,性能问题,user_1074,agent_2007,工单标题987,这是工单987的详细描述内容,3060.0,1.0
TKT202401010987,2024-09-19 00:00:00,2024-09-21 10:00:00,市场部,中,已解决,数据错误,user_1038,agent_2009,工单标题988,这是工单988的详细描述内容,3480.0,2.0
TKT202401010988,2024-04-24 00:00:00,2024-04-24 05:00:00,运维部,紧急,处理中,权限问题,user_1018,agent_2009,工单标题989,这是工单989的详细描述内容,300.0,1.0
TKT202401010989,2024-11-24 00:00:00,2024-11-25 07:00:00,技术部,紧急,待处理,咨询,user_1081,agent_2020,工单标题990,这是工单990的详细描述内容,1860.0,3.0
TKT202401010990,2024-02-12 00:00:00,,技术部,低,待回访,权限问题,user_1042,agent_2002,工单标题991,这是工单991的详细描述内容,,1.0
TKT202401010991,2024-07-01 00:00:00,2024-07-02 04:00:00,运维部,高,已解决,系统故障,user_1069,agent_2019,工单标题992,这是工单992的详细描述内容,1680.0,
TKT202401010992,2024-12-18 00:00:00,2024-12-20 00:00:00,运维部,高,已关闭,数据错误,user_1042,agent_2009,工单标题993,这是工单993的详细描述内容,2880.0,
TKT202401010993,2024-11-18 00:00:00,,技术部,低,已解决,性能问题,user_1062,agent_2003,工单标题994,这是工单994的详细描述内容,,4.0
TKT202401010994,2024-04-04 00:00:00,,财务部,高,已解决,系统故障,user_1040,agent_2006,工单标题995,这是工单995的详细描述内容,,4.0
TKT202401010995,2024-12-17 00:00:00,,客服部,低,处理中,投诉,user_1083,agent_2013,工单标题996,这是工单996的详细描述内容,,
TKT202401010996,2024-09-26 00:00:00,2024-09-26 17:00:00,客服部,紧急,已关闭,建议,user_1003,agent_2004,工单标题997,这是工单997的详细描述内容,1020.0,1.0
TKT202401010997,2024-03-08 00:00:00,2024-03-09 07:00:00,运维部,高,待回访,系统故障,user_1002,agent_2004,工单标题998,这是工单998的详细描述内容,1860.0,3.0
TKT202401010998,2024-12-28 00:00:00,,财务部,低,处理中,权限问题,user_1043,agent_2016,工单标题999,这是工单999的详细描述内容,,
TKT202401010999,2024-01-29 00:00:00,2024-01-31 21:00:00,市场部,紧急,待处理,系统故障,user_1014,agent_2018,工单标题1000,这是工单1000的详细描述内容,4140.0,
